blackbear,blackbear
grizzlybear,grizzlybear
pandabear,pandabear
polarbear,polarbear
eagle,eagle
hummingbird,hummingbird
parrot,parrot
pigeon,pigeon
dalmatian,dalmatian
germanshepherd,germanshepherd
husky,husky
pug,pug
gummybears,gummybears
jellybeans,jellybeans
mnms,m&m's
skittles,skittles
daisy,daisy
rose,rose
sunflower,sunflower
tulip,tulip
convertible,convertible
minivan,minivan
sportscar,sportscar
suv,suv
catfish,catfish
clownfish,clownfish
goldfish,goldfish
swordfish,swordfish
dressshirt,dressshirt
hawaiishirt,hawaiishirt
poloshirt,poloshirt
tshirt,t-shirt
bedsidetable,bedsidetable
coffeetable,coffeetable
diningtable,diningtable
picnictable,picnictable
blackbear,bear
grizzlybear,bear
pandabear,bear
polarbear,bear
eagle,bird
hummingbird,bird
parrot,bird
pigeon,bird
dalmatian,dog
germanshepherd,dog
husky,dog
pug,dog
gummybears,candy
jellybeans,candy
mnms,candy
skittles,candy
daisy,flower
rose,flower",
sunflower,flower
tulip,flower
convertible,car
minivan,car
sportscar,car
suv,car
catfish,fish
clownfish,fish
goldfish,fish
swordfish,fish
dressshirt,shirt
hawaiishirt,shirt
poloshirt,shirt
tshirt,shirt
bedsidetable,table
coffeetable,table
diningtable,table
picnictable,table
blackbear,animal
grizzlybear,animal
pandabear,animal
polarbear,animal
eagle,animal
hummingbird,animal
parrot,animal
pigeon,animal
dalmatian,animal
germanshepherd,animal
husky,animal
pug,animal
gummybears,snack
jellybeans,snack
mnms,snack
skittles,snack
daisy,plant
rose,plant
sunflower,plant
tulip,plant
convertible,vehicle
minivan,vehicle
sportscar,vehicle
suv,vehicle
catfish,animal
clownfish,animal
goldfish,animal
swordfish,animal
dressshirt,clothing
hawaiishirt,clothing
poloshirt,clothing
tshirt,clothing
bedsidetable,furniture
coffeetable,furniture
diningtable,furniture
picnictable,furniture
koalabear,blackbear
koalabear,grizzlybear
koalabear,pandabear
koalabear,polarbear
sparrow,eagle
sparrow,hummingbird
sparrow,parrot
sparrow,pigeon
greyhound,dalmatian
greyhound,germanshepherd
greyhound,husky
greyhound,pug
candycorn,gummybears
candycorn,jellybeans
candycorn,m&m's
candycorn,skittles
lily,daisy
lily,rose
lily,sunflower
lily,tulip
sedan,convertible
sedan,minivan
sedan,sportscar
sedan,suv
discusfish,catfish
discusfish,clownfish
discusfish,goldfish
discusfish,swordfish
campshirt,dressshirt
campshirt,hawaiishirt
campshirt,poloshirt
campshirt,t-shirt
sidetable,bedsidetable
sidetable,coffeetable
sidetable,diningtable
sidetable,picnictable
koalabear,bear
greyhound,dog
candycorn,candy
sidetable,table
campshirt,shirt
discusfish,fish
sparrow,bird
lily,flower
sedan,car
koalabear,animal
greyhound,animal
candycorn,snack
sidetable,furniture
campshirt,clothing
discusfish,animal
sparrow,animal
lily,plant
sedan,vehicle
ambulance,sportscar
ambulance,convertible
ambulance,suv
ambulance,minivan
ambulance,dressshirt
ambulance,bedsidetable
ambulance,gummybears
ambulance,parrot
ambulance,polarbear
ambulance,catfish
ambulance,jellybeans
ambulance,clownfish
ambulance,blackbear
ambulance,goldfish
ambulance,dalmatian
ambulance,skittles
ambulance,car
ambulance,shirt
ambulance,table
ambulance,candy
ambulance,bird
ambulance,bear
ambulance,fish
ambulance,dog
ambulance,vehicle
ambulance,clothing
ambulance,furniture
ambulance,snack
ambulance,animal
ambulance,germanshepherd
ambulance,grizzlybear
ambulance,swordfish
ambulance,husky
ambulance,t-shirt
ambulance,pigeon
bathrobe,t-shirt
bathrobe,dressshirt
bathrobe,hawaiishirt
bathrobe,poloshirt
bathrobe,rose
bathrobe,polarbear
bathrobe,swordfish
bathrobe,tulip
bathrobe,coffeetable
bathrobe,blackbear
bathrobe,grizzlybear
bathrobe,parrot
bathrobe,skittles
bathrobe,minivan
bathrobe,eagle
bathrobe,clownfish
bathrobe,suv
bathrobe,shirt
bathrobe,flower
bathrobe,bear
bathrobe,fish
bathrobe,table
bathrobe,bird
bathrobe,candy
bathrobe,car
bathrobe,clothing
bathrobe,plant
bathrobe,animal
bathrobe,furniture
bathrobe,snack
bathrobe,vehicle
bathrobe,goldfish
bathrobe,pug
bathrobe,convertible
bathrobe,diningtable
bathrobe,picnictable
bathrobe,husky
bathrobe,catfish
bathrobe,dog
bed,coffeetable
bed,picnictable
bed,diningtable
bed,jellybeans
bed,clownfish
bed,hawaiishirt
bed,dalmatian
bed,parrot
bed,tulip
bed,goldfish
bed,pandabear
bed,pigeon
bed,husky
bed,table
bed,candy
bed,fish
bed,shirt
bed,dog
bed,bird
bed,flower
bed,bear
bed,furniture
bed,snack
bed,animal
bed,clothing
bed,plant
bed,bedsidetable
bed,suv
bed,hummingbird
bed,germanshepherd
bed,grizzlybear
bed,blackbear
bed,catfish
bed,car
bed,vehicle
bison,pandabear
bison,hummingbird
bison,polarbear
bison,goldfish
bison,pug
bison,parrot
bison,swordfish
bison,blackbear
bison,eagle
bison,catfish
bison,clownfish
bison,dalmatian
bison,germanshepherd
bison,hawaiishirt
bison,skittles
bison,bedsidetable
bison,suv
bison,rose
bison,coffeetable
bison,minivan
bison,daisy
bison,bear
bison,bird
bison,fish
bison,dog
bison,shirt
bison,candy
bison,table
bison,car
bison,flower
bison,animal
bison,clothing
bison,snack
bison,furniture
bison,vehicle
bison,plant
bison,grizzlybear
bison,convertible
bison,poloshirt
bison,m&m's
bison,tulip
bookcase,coffeetable
bookcase,picnictable
bookcase,diningtable
bookcase,bedsidetable
bookcase,hummingbird
bookcase,pandabear
bookcase,grizzlybear
bookcase,swordfish
bookcase,blackbear
bookcase,pug
bookcase,pigeon
bookcase,skittles
bookcase,table
bookcase,bird
bookcase,bear
bookcase,fish
bookcase,dog
bookcase,candy
bookcase,furniture
bookcase,animal
bookcase,snack
bookcase,rose
bookcase,poloshirt
bookcase,clownfish
bookcase,tulip
bookcase,husky
bookcase,flower
bookcase,shirt
bookcase,plant
bookcase,clothing
chick,parrot
chick,husky
chick,polarbear
chick,pigeon
chick,catfish
chick,germanshepherd
chick,pandabear
chick,pug
chick,hummingbird
chick,goldfish
chick,swordfish
chick,dressshirt
chick,rose
chick,m&m's
chick,picnictable
chick,hawaiishirt
chick,convertible
chick,dog
chick,bird
chick,bear
chick,fish
chick,shirt
chick,flower
chick,candy
chick,table
chick,car
chick,animal
chick,clothing
chick,plant
chick,snack
chick,furniture
chick,vehicle
chick,blackbear
chick,dalmatian
chick,coffeetable
chick,gummybears
chips,m&m's
chips,gummybears
chips,skittles
chips,jellybeans
chips,hummingbird
chips,tulip
chips,polarbear
chips,pigeon
chips,dressshirt
chips,eagle
chips,husky
chips,grizzlybear
chips,dalmatian
chips,sportscar
chips,candy
chips,bird
chips,flower
chips,bear
chips,shirt
chips,dog
chips,car
chips,snack
chips,animal
chips,plant
chips,clothing
chips,vehicle
chips,diningtable
chips,blackbear
chips,suv
chips,table
chips,furniture
cookies,skittles
cookies,jellybeans
cookies,m&m's
cookies,gummybears
cookies,poloshirt
cookies,sportscar
cookies,husky
cookies,swordfish
cookies,picnictable
cookies,pigeon
cookies,dalmatian
cookies,tulip
cookies,bedsidetable
cookies,sunflower
cookies,candy
cookies,shirt
cookies,car
cookies,dog
cookies,fish
cookies,table
cookies,bird
cookies,flower
cookies,snack
cookies,clothing
cookies,vehicle
cookies,animal
cookies,furniture
cookies,plant
cookies,dressshirt
cookies,eagle
cookies,convertible
cookies,pug
cookies,suv
cookies,blackbear
cookies,catfish
cookies,parrot
cookies,rose
cookies,polarbear
cookies,grizzlybear
cookies,bear
cow,catfish
cow,polarbear
cow,grizzlybear
cow,blackbear
cow,germanshepherd
cow,goldfish
cow,pandabear
cow,swordfish
cow,husky
cow,eagle
cow,clownfish
cow,dalmatian
cow,parrot
cow,gummybears
cow,suv
cow,sunflower
cow,minivan
cow,fish
cow,bear
cow,dog
cow,bird
cow,candy
cow,car
cow,flower
cow,animal
cow,snack
cow,vehicle
cow,plant
cow,pigeon
cow,rose
cow,dressshirt
cow,diningtable
cow,tulip
cow,t-shirt
cow,shirt
cow,table
cow,clothing
cow,furniture
crocodile,pigeon
crocodile,grizzlybear
crocodile,germanshepherd
crocodile,husky
crocodile,pug
crocodile,polarbear
crocodile,pandabear
crocodile,dalmatian
crocodile,picnictable
crocodile,coffeetable
crocodile,minivan
crocodile,tulip
crocodile,bedsidetable
crocodile,convertible
crocodile,m&m's
crocodile,poloshirt
crocodile,bird
crocodile,bear
crocodile,dog
crocodile,table
crocodile,car
crocodile,flower
crocodile,candy
crocodile,shirt
crocodile,animal
crocodile,furniture
crocodile,vehicle
crocodile,plant
crocodile,snack
crocodile,clothing
crocodile,parrot
crocodile,hummingbird
crocodile,suv
crocodile,clownfish
crocodile,diningtable
crocodile,jellybeans
crocodile,fish
dress,hawaiishirt
dress,poloshirt
dress,t-shirt
dress,dressshirt
dress,bedsidetable
dress,dalmatian
dress,pandabear
dress,sunflower
dress,sportscar
dress,picnictable
dress,catfish
dress,minivan
dress,m&m's
dress,convertible
dress,husky
dress,eagle
dress,rose
dress,coffeetable
dress,blackbear
dress,shirt
dress,table
dress,dog
dress,bear
dress,flower
dress,car
dress,fish
dress,candy
dress,bird
dress,clothing
dress,furniture
dress,animal
dress,plant
dress,vehicle
dress,snack
dress,parrot
dress,germanshepherd
dress,grizzlybear
dress,goldfish
dress,skittles
dress,swordfish
dress,suv
dress,clownfish
elephant,pandabear
elephant,eagle
elephant,swordfish
elephant,hummingbird
elephant,parrot
elephant,blackbear
elephant,polarbear
elephant,catfish
elephant,pigeon
elephant,germanshepherd
elephant,clownfish
elephant,grizzlybear
elephant,suv
elephant,diningtable
elephant,daisy
elephant,convertible
elephant,bear
elephant,bird
elephant,fish
elephant,dog
elephant,car
elephant,table
elephant,flower
elephant,animal
elephant,vehicle
elephant,furniture
elephant,plant
elephant,dalmatian
elephant,sportscar
elephant,bedsidetable
elephant,m&m's
elephant,rose
elephant,coffeetable
elephant,dressshirt
elephant,candy
elephant,shirt
elephant,snack
elephant,clothing
firetruck,convertible
firetruck,sportscar
firetruck,suv
firetruck,minivan
firetruck,hawaiishirt
firetruck,diningtable
firetruck,grizzlybear
firetruck,swordfish
firetruck,catfish
firetruck,gummybears
firetruck,poloshirt
firetruck,picnictable
firetruck,blackbear
firetruck,germanshepherd
firetruck,polarbear
firetruck,car
firetruck,shirt
firetruck,table
firetruck,bear
firetruck,fish
firetruck,candy
firetruck,dog
firetruck,vehicle
firetruck,clothing
firetruck,furniture
firetruck,animal
firetruck,snack
firetruck,jellybeans
firetruck,tulip
firetruck,rose
firetruck,hummingbird
firetruck,clownfish
firetruck,sunflower
firetruck,husky
firetruck,pigeon
firetruck,eagle
firetruck,skittles
firetruck,flower
firetruck,bird
firetruck,plant
gloves,poloshirt
gloves,hawaiishirt
gloves,t-shirt
gloves,dressshirt
gloves,grizzlybear
gloves,germanshepherd
gloves,blackbear
gloves,pandabear
gloves,m&m's
gloves,sunflower
gloves,skittles
gloves,dalmatian
gloves,swordfish
gloves,coffeetable
gloves,shirt
gloves,bear
gloves,dog
gloves,candy
gloves,flower
gloves,fish
gloves,table
gloves,clothing
gloves,animal
gloves,snack
gloves,plant
gloves,furniture
gloves,picnictable
gloves,minivan
gloves,clownfish
gloves,car
gloves,vehicle
grasses,rose
grasses,sunflower
grasses,daisy
grasses,tulip
grasses,t-shirt
grasses,skittles
grasses,polarbear
grasses,clownfish
grasses,convertible
grasses,goldfish
grasses,eagle
grasses,blackbear
grasses,hummingbird
grasses,husky
grasses,picnictable
grasses,pigeon
grasses,flower
grasses,shirt
grasses,candy
grasses,bear
grasses,fish
grasses,car
grasses,bird
grasses,dog
grasses,table
grasses,plant
grasses,clothing
grasses,snack
grasses,animal
grasses,vehicle
grasses,furniture
grasses,pandabear
grasses,suv
grasses,m&m's
grasses,minivan
grasses,pug
grasses,poloshirt
grasses,dalmatian
grasses,grizzlybear
horse,goldfish
horse,clownfish
horse,germanshepherd
horse,husky
horse,dalmatian
horse,hummingbird
horse,swordfish
horse,blackbear
horse,pandabear
horse,dressshirt
horse,bedsidetable
horse,daisy
horse,grizzlybear
horse,gummybears
horse,hawaiishirt
horse,fish
horse,dog
horse,bird
horse,bear
horse,shirt
horse,table
horse,flower
horse,candy
horse,animal
horse,clothing
horse,furniture
horse,plant
horse,snack
horse,eagle
horse,catfish
horse,polarbear
horse,tulip
horse,rose
horse,convertible
horse,minivan
horse,car
horse,vehicle
iguana,catfish
iguana,pigeon
iguana,swordfish
iguana,germanshepherd
iguana,pandabear
iguana,clownfish
iguana,goldfish
iguana,blackbear
iguana,pug
iguana,grizzlybear
iguana,parrot
iguana,bedsidetable
iguana,minivan
iguana,convertible
iguana,m&m's
iguana,sunflower
iguana,diningtable
iguana,fish
iguana,bird
iguana,dog
iguana,bear
iguana,table
iguana,car
iguana,candy
iguana,flower
iguana,animal
iguana,furniture
iguana,vehicle
iguana,snack
iguana,plant
iguana,eagle
iguana,husky
iguana,jellybeans
iguana,sportscar
iguana,skittles
ivy,sunflower
ivy,tulip
ivy,daisy
ivy,rose
ivy,picnictable
ivy,dalmatian
ivy,polarbear
ivy,poloshirt
ivy,parrot
ivy,pug
ivy,blackbear
ivy,hummingbird
ivy,dressshirt
ivy,husky
ivy,eagle
ivy,hawaiishirt
ivy,flower
ivy,table
ivy,dog
ivy,bear
ivy,shirt
ivy,bird
ivy,plant
ivy,furniture
ivy,animal
ivy,clothing
ivy,m&m's
ivy,skittles
ivy,clownfish
ivy,minivan
ivy,t-shirt
ivy,pigeon
ivy,catfish
ivy,grizzlybear
ivy,suv
ivy,gummybears
ivy,candy
ivy,fish
ivy,car
ivy,snack
ivy,vehicle
kitten,goldfish
kitten,pandabear
kitten,germanshepherd
kitten,pigeon
kitten,blackbear
kitten,polarbear
kitten,swordfish
kitten,parrot
kitten,clownfish
kitten,catfish
kitten,hummingbird
kitten,grizzlybear
kitten,pug
kitten,rose
kitten,minivan
kitten,t-shirt
kitten,fish
kitten,bear
kitten,dog
kitten,bird
kitten,flower
kitten,car
kitten,shirt
kitten,animal
kitten,plant
kitten,vehicle
kitten,clothing
kitten,dalmatian
kitten,tulip
kitten,hawaiishirt
kitten,picnictable
kitten,coffeetable
kitten,table
kitten,furniture
lamp,bedsidetable
lamp,picnictable
lamp,diningtable
lamp,grizzlybear
lamp,hawaiishirt
lamp,husky
lamp,eagle
lamp,germanshepherd
lamp,gummybears
lamp,polarbear
lamp,swordfish
lamp,catfish
lamp,tulip
lamp,dressshirt
lamp,dalmatian
lamp,jellybeans
lamp,pandabear
lamp,minivan
lamp,parrot
lamp,sportscar
lamp,goldfish
lamp,table
lamp,bear
lamp,shirt
lamp,dog
lamp,bird
lamp,candy
lamp,fish
lamp,flower
lamp,car
lamp,furniture
lamp,animal
lamp,clothing
lamp,snack
lamp,plant
lamp,vehicle
lamp,sunflower
lamp,t-shirt
lamp,coffeetable
lamp,hummingbird
lion,germanshepherd
lion,pug
lion,catfish
lion,parrot
lion,eagle
lion,swordfish
lion,sportscar
lion,goldfish
lion,dressshirt
lion,jellybeans
lion,sunflower
lion,suv
lion,coffeetable
lion,dog
lion,fish
lion,bird
lion,car
lion,shirt
lion,candy
lion,flower
lion,table
lion,animal
lion,vehicle
lion,clothing
lion,snack
lion,plant
lion,furniture
lion,blackbear
lion,clownfish
lion,pigeon
lion,grizzlybear
lion,hummingbird
lion,t-shirt
lion,polarbear
lion,dalmatian
lion,diningtable
lion,bear
lobster,parrot
lobster,husky
lobster,pug
lobster,blackbear
lobster,catfish
lobster,grizzlybear
lobster,goldfish
lobster,clownfish
lobster,dalmatian
lobster,swordfish
lobster,pigeon
lobster,jellybeans
lobster,tulip
lobster,hawaiishirt
lobster,diningtable
lobster,convertible
lobster,bird
lobster,dog
lobster,bear
lobster,fish
lobster,candy
lobster,flower
lobster,shirt
lobster,table
lobster,car
lobster,animal
lobster,snack
lobster,plant
lobster,clothing
lobster,furniture
lobster,vehicle
lobster,pandabear
lobster,germanshepherd
lobster,sportscar
lobster,suv
lobster,m&m's
lobster,skittles
lobster,dressshirt
motorcycle,sportscar
motorcycle,minivan
motorcycle,suv
motorcycle,convertible
motorcycle,germanshepherd
motorcycle,husky
motorcycle,hummingbird
motorcycle,polarbear
motorcycle,coffeetable
motorcycle,picnictable
motorcycle,poloshirt
motorcycle,car
motorcycle,dog
motorcycle,bird
motorcycle,bear
motorcycle,table
motorcycle,shirt
motorcycle,vehicle
motorcycle,animal
motorcycle,furniture
motorcycle,clothing
motorcycle,t-shirt
motorcycle,eagle
motorcycle,goldfish
motorcycle,pigeon
motorcycle,grizzlybear
motorcycle,swordfish
motorcycle,fish
pig,clownfish
pig,germanshepherd
pig,polarbear
pig,catfish
pig,pandabear
pig,pug
pig,dalmatian
pig,eagle
pig,parrot
pig,pigeon
pig,swordfish
pig,t-shirt
pig,hawaiishirt
pig,dressshirt
pig,fish
pig,dog
pig,bear
pig,bird
pig,shirt
pig,animal
pig,clothing
pig,husky
pig,goldfish
pig,blackbear
pig,hummingbird
pig,poloshirt
popcorn,gummybears
popcorn,jellybeans
popcorn,skittles
popcorn,m&m's
popcorn,t-shirt
popcorn,pug
popcorn,suv
popcorn,catfish
popcorn,germanshepherd
popcorn,eagle
popcorn,pigeon
popcorn,candy
popcorn,shirt
popcorn,dog
popcorn,car
popcorn,fish
popcorn,bird
popcorn,snack
popcorn,clothing
popcorn,animal
popcorn,vehicle
popcorn,parrot
popcorn,husky
popcorn,coffeetable
popcorn,hummingbird
popcorn,bedsidetable
popcorn,blackbear
popcorn,convertible
popcorn,daisy
popcorn,table
popcorn,bear
popcorn,flower
popcorn,furniture
popcorn,plant
pottedplant,rose
pottedplant,tulip
pottedplant,daisy
pottedplant,sunflower
pottedplant,bedsidetable
pottedplant,convertible
pottedplant,pug
pottedplant,pandabear
pottedplant,goldfish
pottedplant,pigeon
pottedplant,blackbear
pottedplant,parrot
pottedplant,grizzlybear
pottedplant,catfish
pottedplant,flower
pottedplant,table
pottedplant,car
pottedplant,dog
pottedplant,bear
pottedplant,fish
pottedplant,bird
pottedplant,plant
pottedplant,furniture
pottedplant,vehicle
pottedplant,animal
pottedplant,clownfish
pottedplant,germanshepherd
pottedplant,polarbear
pottedplant,picnictable
pretzels,m&m's
pretzels,skittles
pretzels,gummybears
pretzels,jellybeans
pretzels,poloshirt
pretzels,dressshirt
pretzels,minivan
pretzels,hummingbird
pretzels,catfish
pretzels,husky
pretzels,pug
pretzels,rose
pretzels,t-shirt
pretzels,sportscar
pretzels,bedsidetable
pretzels,diningtable
pretzels,dalmatian
pretzels,candy
pretzels,shirt
pretzels,car
pretzels,bird
pretzels,fish
pretzels,dog
pretzels,flower
pretzels,table
pretzels,snack
pretzels,clothing
pretzels,vehicle
pretzels,animal
pretzels,plant
pretzels,furniture
pretzels,hawaiishirt
pretzels,polarbear
pretzels,grizzlybear
pretzels,clownfish
pretzels,parrot
pretzels,blackbear
pretzels,picnictable
pretzels,coffeetable
pretzels,bear
rabbit,pandabear
rabbit,hummingbird
rabbit,dalmatian
rabbit,pug
rabbit,pigeon
rabbit,goldfish
rabbit,parrot
rabbit,blackbear
rabbit,eagle
rabbit,polarbear
rabbit,gummybears
rabbit,t-shirt
rabbit,tulip
rabbit,bedsidetable
rabbit,picnictable
rabbit,poloshirt
rabbit,coffeetable
rabbit,jellybeans
rabbit,m&m's
rabbit,sunflower
rabbit,bear
rabbit,bird
rabbit,dog
rabbit,fish
rabbit,candy
rabbit,shirt
rabbit,flower
rabbit,table
rabbit,animal
rabbit,snack
rabbit,clothing
rabbit,plant
rabbit,furniture
rabbit,catfish
rabbit,husky
rabbit,clownfish
rabbit,grizzlybear
rabbit,convertible
rabbit,diningtable
rabbit,sportscar
rabbit,car
rabbit,vehicle
rhino,goldfish
rhino,swordfish
rhino,pug
rhino,eagle
rhino,pigeon
rhino,parrot
rhino,pandabear
rhino,polarbear
rhino,t-shirt
rhino,hawaiishirt
rhino,m&m's
rhino,hummingbird
rhino,sunflower
rhino,sportscar
rhino,clownfish
rhino,dalmatian
rhino,dressshirt
rhino,fish
rhino,dog
rhino,bird
rhino,bear
rhino,shirt
rhino,candy
rhino,flower
rhino,car
rhino,animal
rhino,clothing
rhino,snack
rhino,plant
rhino,vehicle
rhino,germanshepherd
rhino,gummybears
rhino,rose
rhino,minivan
rhino,coffeetable
rhino,skittles
rhino,convertible
rhino,table
rhino,furniture
rosemary,daisy
rosemary,sunflower
rosemary,rose
rosemary,tulip
rosemary,parrot
rosemary,eagle
rosemary,m&m's
rosemary,sportscar
rosemary,pigeon
rosemary,polarbear
rosemary,catfish
rosemary,skittles
rosemary,flower
rosemary,bird
rosemary,candy
rosemary,car
rosemary,bear
rosemary,fish
rosemary,plant
rosemary,animal
rosemary,snack
rosemary,vehicle
rosemary,swordfish
rosemary,clownfish
rosemary,suv
rosemary,convertible
rosemary,t-shirt
rosemary,husky
rosemary,pandabear
rosemary,hawaiishirt
rosemary,picnictable
rosemary,dalmatian
rosemary,blackbear
rosemary,shirt
rosemary,dog
rosemary,table
rosemary,clothing
rosemary,furniture
sheep,grizzlybear
sheep,goldfish
sheep,catfish
sheep,swordfish
sheep,pug
sheep,germanshepherd
sheep,pigeon
sheep,dalmatian
sheep,eagle
sheep,parrot
sheep,sportscar
sheep,suv
sheep,diningtable
sheep,sunflower
sheep,m&m's
sheep,picnictable
sheep,minivan
sheep,convertible
sheep,bear
sheep,fish
sheep,dog
sheep,bird
sheep,car
sheep,table
sheep,flower
sheep,candy
sheep,animal
sheep,vehicle
sheep,furniture
sheep,plant
sheep,snack
sheep,pandabear
sheep,blackbear
sheep,clownfish
sheep,coffeetable
sheep,husky
sheep,rose
sheep,polarbear
sheep,bedsidetable
sheep,hawaiishirt
sheep,poloshirt
sheep,shirt
sheep,clothing
snake,clownfish
snake,husky
snake,eagle
snake,polarbear
snake,goldfish
snake,grizzlybear
snake,pug
snake,hummingbird
snake,parrot
snake,diningtable
snake,m&m's
snake,hawaiishirt
snake,suv
snake,gummybears
snake,fish
snake,dog
snake,bird
snake,bear
snake,table
snake,candy
snake,shirt
snake,car
snake,animal
snake,furniture
snake,snack
snake,clothing
snake,vehicle
snake,catfish
snake,dalmatian
snake,pandabear
snake,daisy
snake,minivan
snake,flower
snake,plant
socks,t-shirt
socks,dressshirt
socks,hawaiishirt
socks,poloshirt
socks,rose
socks,clownfish
socks,parrot
socks,minivan
socks,goldfish
socks,hummingbird
socks,convertible
socks,husky
socks,eagle
socks,diningtable
socks,dalmatian
socks,shirt
socks,flower
socks,fish
socks,bird
socks,car
socks,dog
socks,table
socks,clothing
socks,plant
socks,animal
socks,vehicle
socks,furniture
socks,sunflower
socks,jellybeans
socks,swordfish
socks,m&m's
socks,pandabear
socks,blackbear
socks,pigeon
socks,suv
socks,germanshepherd
socks,bedsidetable
socks,candy
socks,bear
socks,snack
squirrel,pug
squirrel,parrot
squirrel,dalmatian
squirrel,clownfish
squirrel,goldfish
squirrel,catfish
squirrel,grizzlybear
squirrel,hummingbird
squirrel,polarbear
squirrel,husky
squirrel,pigeon
squirrel,germanshepherd
squirrel,pandabear
squirrel,suv
squirrel,skittles
squirrel,poloshirt
squirrel,bedsidetable
squirrel,diningtable
squirrel,hawaiishirt
squirrel,dog
squirrel,bird
squirrel,fish
squirrel,bear
squirrel,car
squirrel,candy
squirrel,shirt
squirrel,table
squirrel,animal
squirrel,vehicle
squirrel,snack
squirrel,clothing
squirrel,furniture
squirrel,blackbear
squirrel,eagle
squirrel,sportscar
squirrel,convertible
squirrel,gummybears
squirrel,daisy
squirrel,flower
squirrel,plant
train,minivan
train,sportscar
train,convertible
train,suv
train,dressshirt
train,t-shirt
train,dalmatian
train,jellybeans
train,clownfish
train,polarbear
train,grizzlybear
train,tulip
train,gummybears
train,hummingbird
train,pigeon
train,sunflower
train,car
train,shirt
train,dog
train,candy
train,fish
train,bear
train,flower
train,bird
train,vehicle
train,clothing
train,animal
train,snack
train,plant
train,blackbear
train,swordfish
train,eagle
train,skittles
train,goldfish
train,pug
train,pandabear
train,hawaiishirt
train,catfish
train,coffeetable
train,table
train,furniture
wardrobe,bedsidetable
wardrobe,picnictable
wardrobe,coffeetable
wardrobe,diningtable
wardrobe,hummingbird
wardrobe,catfish
wardrobe,rose
wardrobe,husky
wardrobe,pandabear
wardrobe,suv
wardrobe,grizzlybear
wardrobe,gummybears
wardrobe,blackbear
wardrobe,table
wardrobe,bird
wardrobe,fish
wardrobe,flower
wardrobe,dog
wardrobe,bear
wardrobe,car
wardrobe,candy
wardrobe,furniture
wardrobe,animal
wardrobe,plant
wardrobe,vehicle
wardrobe,snack
wardrobe,poloshirt
wardrobe,tulip
wardrobe,m&m's
wardrobe,pug
wardrobe,goldfish
wardrobe,dalmatian
wardrobe,polarbear
wardrobe,shirt
wardrobe,clothing