workerid,totalLength,gameID,thinksHuman,comments,ratePartner,role,nativeEnglish,hitid,hittypeid,title,description,keywords,reward,creationtime,assignments,numavailable,numpending,numcomplete,hitstatus,reviewstatus,annotation,assignmentduration,autoapprovaldelay,hitlifetime,viewhit,assignmentid,workerid,assignmentstatus,autoapprovaltime,assignmentaccepttime,assignmentsubmittime,assignmentapprovaltime,assignmentrejecttime,deadline,feedback,reject,Answer.id,Answer.catch_trials
0,250818,7963-8,yes,none,okay,listener,yes,33KGGVH24TGM8IR8ZDWDS96UYMZ1XP,3L55M9M85ZS1S5PUVRTR8IQBBKCO9N,Language study,A 15-minute experiment where you play a language game with another turker.,language experiment study communication stanford fun cognitive science,$1.70,Wed Nov 23 09:14:37 PST 2016,120,0,1,0,Unassignable,NotReviewed,1 cond,4800,60000,Wed Nov 23 12:14:45 PST 2016,https://requester.mturk.com/mturk/manageHIT?HITId=33KGGVH24TGM8IR8ZDWDS96UYMZ1XP,3FTF2T8WLRHSU7N7JNKMTG6UPNXW9J,0,Submitted,Thu Nov 24 02:02:11 PST 2016,Wed Nov 23 09:16:24 PST 2016,Wed Nov 23 09:22:11 PST 2016,,,,,,"""7963-8""",[]
1,271081,7963-8,yes,This was really fun thank you,loved,speaker,yes,33KGGVH24TGM8IR8ZDWDS96UYMZ1XP,3L55M9M85ZS1S5PUVRTR8IQBBKCO9N,Language study,A 15-minute experiment where you play a language game with another turker.,language experiment study communication stanford fun cognitive science,$1.70,Wed Nov 23 09:14:37 PST 2016,120,0,1,0,Unassignable,NotReviewed,1 cond,4800,60000,Wed Nov 23 12:14:45 PST 2016,https://requester.mturk.com/mturk/manageHIT?HITId=33KGGVH24TGM8IR8ZDWDS96UYMZ1XP,3NPI0JQDAO4LUDZK57B8SMZAQXXTPL,1,Submitted,Thu Nov 24 02:02:20 PST 2016,Wed Nov 23 09:16:08 PST 2016,Wed Nov 23 09:22:20 PST 2016,,,,,,"""7963-8""",[]
2,275088,1035-9,yes,no issues or concerns,liked,speaker,yes,33KGGVH24TGM8IR8ZDWDS96UYMZ1XP,3L55M9M85ZS1S5PUVRTR8IQBBKCO9N,Language study,A 15-minute experiment where you play a language game with another turker.,language experiment study communication stanford fun cognitive science,$1.70,Wed Nov 23 09:14:37 PST 2016,120,0,1,0,Unassignable,NotReviewed,1 cond,4800,60000,Wed Nov 23 12:14:45 PST 2016,https://requester.mturk.com/mturk/manageHIT?HITId=33KGGVH24TGM8IR8ZDWDS96UYMZ1XP,3WQ3B2KGE8FIHZM1KJ9XRWBQHAS1B0,2,Submitted,Thu Nov 24 02:03:08 PST 2016,Wed Nov 23 09:16:05 PST 2016,Wed Nov 23 09:23:08 PST 2016,,,,,,"""1035-9""",[]
3,266545,1035-9,yes,No comment! Fun game though!,loved,listener,yes,33KGGVH24TGM8IR8ZDWDS96UYMZ1XP,3L55M9M85ZS1S5PUVRTR8IQBBKCO9N,Language study,A 15-minute experiment where you play a language game with another turker.,language experiment study communication stanford fun cognitive science,$1.70,Wed Nov 23 09:14:37 PST 2016,120,0,1,0,Unassignable,NotReviewed,1 cond,4800,60000,Wed Nov 23 12:14:45 PST 2016,https://requester.mturk.com/mturk/manageHIT?HITId=33KGGVH24TGM8IR8ZDWDS96UYMZ1XP,37UEWGM5HT75X63QGGVNRBGUZWV1RD,3,Submitted,Thu Nov 24 02:03:11 PST 2016,Wed Nov 23 09:16:27 PST 2016,Wed Nov 23 09:23:11 PST 2016,,,,,,"""1035-9""",[]
4,325022,5368-9,yes,,liked,listener,yes,33KGGVH24TGM8IR8ZDWDS96UYMZ1XP,3L55M9M85ZS1S5PUVRTR8IQBBKCO9N,Language study,A 15-minute experiment where you play a language game with another turker.,language experiment study communication stanford fun cognitive science,$1.70,Wed Nov 23 09:14:37 PST 2016,120,0,1,0,Unassignable,NotReviewed,1 cond,4800,60000,Wed Nov 23 12:14:45 PST 2016,https://requester.mturk.com/mturk/manageHIT?HITId=33KGGVH24TGM8IR8ZDWDS96UYMZ1XP,3X31TUMD7XLUU88DBWYR5Z7VT461LN,4,Submitted,Thu Nov 24 02:03:47 PST 2016,Wed Nov 23 09:16:14 PST 2016,Wed Nov 23 09:23:47 PST 2016,,,,,,"""5368-9""",[]
5,371120,5368-9,yes,Fun HIT,loved,speaker,yes,33KGGVH24TGM8IR8ZDWDS96UYMZ1XP,3L55M9M85ZS1S5PUVRTR8IQBBKCO9N,Language study,A 15-minute experiment where you play a language game with another turker.,language experiment study communication stanford fun cognitive science,$1.70,Wed Nov 23 09:14:37 PST 2016,120,0,1,0,Unassignable,NotReviewed,1 cond,4800,60000,Wed Nov 23 12:14:45 PST 2016,https://requester.mturk.com/mturk/manageHIT?HITId=33KGGVH24TGM8IR8ZDWDS96UYMZ1XP,3JRJSWSMQHKCY5C0HEP6GXW8IRJ3EU,5,Submitted,Thu Nov 24 02:04:23 PST 2016,Wed Nov 23 09:16:16 PST 2016,Wed Nov 23 09:24:23 PST 2016,,,,,,"""5368-9""",[]
6,468187,3985-8,yes,no,not much,listener,yes,33KGGVH24TGM8IR8ZDWDS96UYMZ1XP,3L55M9M85ZS1S5PUVRTR8IQBBKCO9N,Language study,A 15-minute experiment where you play a language game with another turker.,language experiment study communication stanford fun cognitive science,$1.70,Wed Nov 23 09:14:37 PST 2016,120,0,1,0,Unassignable,NotReviewed,1 cond,4800,60000,Wed Nov 23 12:14:45 PST 2016,https://requester.mturk.com/mturk/manageHIT?HITId=33KGGVH24TGM8IR8ZDWDS96UYMZ1XP,3TUI152ZZBM5L5OQ316NML6P3AT1QC,6,Submitted,Thu Nov 24 02:08:22 PST 2016,Wed Nov 23 09:16:24 PST 2016,Wed Nov 23 09:28:22 PST 2016,,,,,,"""3985-8""",[]
7,329303,0433-b,yes,"It was fun- thanks!",loved,speaker,yes,33KGGVH24TGM8IR8ZDWDS96UYMZ1XP,3L55M9M85ZS1S5PUVRTR8IQBBKCO9N,Language study,A 15-minute experiment where you play a language game with another turker.,language experiment study communication stanford fun cognitive science,$1.70,Wed Nov 23 09:14:37 PST 2016,120,0,1,0,Unassignable,NotReviewed,1 cond,4800,60000,Wed Nov 23 12:14:45 PST 2016,https://requester.mturk.com/mturk/manageHIT?HITId=33KGGVH24TGM8IR8ZDWDS96UYMZ1XP,3KIBXJ1WD5T46UXWWYK12V7OXFAOKT,7,Submitted,Thu Nov 24 02:08:40 PST 2016,Wed Nov 23 09:16:08 PST 2016,Wed Nov 23 09:28:40 PST 2016,,,,,,"""0433-b""",[]
8,276703,0433-b,yes,no,liked,listener,yes,33KGGVH24TGM8IR8ZDWDS96UYMZ1XP,3L55M9M85ZS1S5PUVRTR8IQBBKCO9N,Language study,A 15-minute experiment where you play a language game with another turker.,language experiment study communication stanford fun cognitive science,$1.70,Wed Nov 23 09:14:37 PST 2016,120,0,1,0,Unassignable,NotReviewed,1 cond,4800,60000,Wed Nov 23 12:14:45 PST 2016,https://requester.mturk.com/mturk/manageHIT?HITId=33KGGVH24TGM8IR8ZDWDS96UYMZ1XP,3NKQQ8O39Y4R5TBJ03ANXO4NVS2DUJ,8,Submitted,Thu Nov 24 02:08:40 PST 2016,Wed Nov 23 09:16:13 PST 2016,Wed Nov 23 09:28:40 PST 2016,,,,,,"""0433-b""",[]
9,552126,3026-4,yes,,okay,speaker,yes,33KGGVH24TGM8IR8ZDWDS96UYMZ1XP,3L55M9M85ZS1S5PUVRTR8IQBBKCO9N,Language study,A 15-minute experiment where you play a language game with another turker.,language experiment study communication stanford fun cognitive science,$1.70,Wed Nov 23 09:14:37 PST 2016,120,0,1,0,Unassignable,NotReviewed,1 cond,4800,60000,Wed Nov 23 12:14:45 PST 2016,https://requester.mturk.com/mturk/manageHIT?HITId=33KGGVH24TGM8IR8ZDWDS96UYMZ1XP,3Z7VU45IPYGEZXPHQXP0DEIT8DDZ13,9,Submitted,Thu Nov 24 02:08:58 PST 2016,Wed Nov 23 09:16:09 PST 2016,Wed Nov 23 09:28:58 PST 2016,,,,,,"""3026-4""",[]
10,543464,3985-8,no,The instructions said my partner&quotechars response would be indicated with a red box but the box was black.,okay,speaker,yes,33KGGVH24TGM8IR8ZDWDS96UYMZ1XP,3L55M9M85ZS1S5PUVRTR8IQBBKCO9N,Language study,A 15-minute experiment where you play a language game with another turker.,language experiment study communication stanford fun cognitive science,$1.70,Wed Nov 23 09:14:37 PST 2016,120,0,1,0,Unassignable,NotReviewed,1 cond,4800,60000,Wed Nov 23 12:14:45 PST 2016,https://requester.mturk.com/mturk/manageHIT?HITId=33KGGVH24TGM8IR8ZDWDS96UYMZ1XP,3LEP4MGT3GZC9U2D0CTSSYCZ67VBD0,10,Submitted,Thu Nov 24 02:09:28 PST 2016,Wed Nov 23 09:16:24 PST 2016,Wed Nov 23 09:29:28 PST 2016,,,,,,"""3985-8""",[]
11,250244,3429-a,yes,No,loved,speaker,yes,33KGGVH24TGM8IR8ZDWDS96UYMZ1XP,3L55M9M85ZS1S5PUVRTR8IQBBKCO9N,Language study,A 15-minute experiment where you play a language game with another turker.,language experiment study communication stanford fun cognitive science,$1.70,Wed Nov 23 09:14:37 PST 2016,120,0,1,0,Unassignable,NotReviewed,1 cond,4800,60000,Wed Nov 23 12:14:45 PST 2016,https://requester.mturk.com/mturk/manageHIT?HITId=33KGGVH24TGM8IR8ZDWDS96UYMZ1XP,3ZSY5X72NXAQTYARMITY37T2S74ORM,11,Submitted,Thu Nov 24 02:09:29 PST 2016,Wed Nov 23 09:16:13 PST 2016,Wed Nov 23 09:29:29 PST 2016,,,,,,"""3429-a""",[]
12,248254,3429-a,yes,,okay,listener,yes,33KGGVH24TGM8IR8ZDWDS96UYMZ1XP,3L55M9M85ZS1S5PUVRTR8IQBBKCO9N,Language study,A 15-minute experiment where you play a language game with another turker.,language experiment study communication stanford fun cognitive science,$1.70,Wed Nov 23 09:14:37 PST 2016,120,0,1,0,Unassignable,NotReviewed,1 cond,4800,60000,Wed Nov 23 12:14:45 PST 2016,https://requester.mturk.com/mturk/manageHIT?HITId=33KGGVH24TGM8IR8ZDWDS96UYMZ1XP,35GCEFQ6I5NA903WD13J17XQ6XRZ3V,12,Submitted,Thu Nov 24 02:09:34 PST 2016,Wed Nov 23 09:16:11 PST 2016,Wed Nov 23 09:29:34 PST 2016,,,,,,"""3429-a""",[]
13,567796,3026-4,no,Good luck with your research and thank you for allowing me to be a part of it!,liked,listener,yes,33KGGVH24TGM8IR8ZDWDS96UYMZ1XP,3L55M9M85ZS1S5PUVRTR8IQBBKCO9N,Language study,A 15-minute experiment where you play a language game with another turker.,language experiment study communication stanford fun cognitive science,$1.70,Wed Nov 23 09:14:37 PST 2016,120,0,1,0,Unassignable,NotReviewed,1 cond,4800,60000,Wed Nov 23 12:14:45 PST 2016,https://requester.mturk.com/mturk/manageHIT?HITId=33KGGVH24TGM8IR8ZDWDS96UYMZ1XP,30BUDKLTXDUFCKZ4VXDZVUUSWNAE5V,13,Submitted,Thu Nov 24 02:09:35 PST 2016,Wed Nov 23 09:16:27 PST 2016,Wed Nov 23 09:29:35 PST 2016,,,,,,"""3026-4""",[]
14,629030,3819-9,yes,it was interesting,loved,speaker,yes,33KGGVH24TGM8IR8ZDWDS96UYMZ1XP,3L55M9M85ZS1S5PUVRTR8IQBBKCO9N,Language study,A 15-minute experiment where you play a language game with another turker.,language experiment study communication stanford fun cognitive science,$1.70,Wed Nov 23 09:14:37 PST 2016,120,0,1,0,Unassignable,NotReviewed,1 cond,4800,60000,Wed Nov 23 12:14:45 PST 2016,https://requester.mturk.com/mturk/manageHIT?HITId=33KGGVH24TGM8IR8ZDWDS96UYMZ1XP,36WLNQG78Z9H10GDW74CYGUK6JWBET,14,Submitted,Thu Nov 24 02:09:51 PST 2016,Wed Nov 23 09:16:28 PST 2016,Wed Nov 23 09:29:51 PST 2016,,,,,,"""3819-9""",[]
15,437661,2988-4,yes,,liked,listener,yes,33KGGVH24TGM8IR8ZDWDS96UYMZ1XP,3L55M9M85ZS1S5PUVRTR8IQBBKCO9N,Language study,A 15-minute experiment where you play a language game with another turker.,language experiment study communication stanford fun cognitive science,$1.70,Wed Nov 23 09:14:37 PST 2016,120,0,1,0,Unassignable,NotReviewed,1 cond,4800,60000,Wed Nov 23 12:14:45 PST 2016,https://requester.mturk.com/mturk/manageHIT?HITId=33KGGVH24TGM8IR8ZDWDS96UYMZ1XP,3TR2532VIPTJ64LAEHYVKGLKXQGJ60,15,Submitted,Thu Nov 24 02:10:06 PST 2016,Wed Nov 23 09:16:10 PST 2016,Wed Nov 23 09:30:06 PST 2016,,,,,,"""2988-4""",[]
16,635819,3819-9,yes,"It was fine- thanks. I&quotechard have preferred to be the speaker in this. ",okay,listener,yes,33KGGVH24TGM8IR8ZDWDS96UYMZ1XP,3L55M9M85ZS1S5PUVRTR8IQBBKCO9N,Language study,A 15-minute experiment where you play a language game with another turker.,language experiment study communication stanford fun cognitive science,$1.70,Wed Nov 23 09:14:37 PST 2016,120,0,1,0,Unassignable,NotReviewed,1 cond,4800,60000,Wed Nov 23 12:14:45 PST 2016,https://requester.mturk.com/mturk/manageHIT?HITId=33KGGVH24TGM8IR8ZDWDS96UYMZ1XP,3XC1O3LBOSLV3SKMDFI1B5QQLNWTLN,16,Submitted,Thu Nov 24 02:10:22 PST 2016,Wed Nov 23 09:16:04 PST 2016,Wed Nov 23 09:30:22 PST 2016,,,,,,"""3819-9""",[]
17,511938,2988-4,yes,this was fun and I would like to do this again one day.,liked,speaker,yes,33KGGVH24TGM8IR8ZDWDS96UYMZ1XP,3L55M9M85ZS1S5PUVRTR8IQBBKCO9N,Language study,A 15-minute experiment where you play a language game with another turker.,language experiment study communication stanford fun cognitive science,$1.70,Wed Nov 23 09:14:37 PST 2016,120,0,1,0,Unassignable,NotReviewed,1 cond,4800,60000,Wed Nov 23 12:14:45 PST 2016,https://requester.mturk.com/mturk/manageHIT?HITId=33KGGVH24TGM8IR8ZDWDS96UYMZ1XP,3YW4XOSQKQKXDYV7KAQSWM3E6VYU19,17,Submitted,Thu Nov 24 02:10:23 PST 2016,Wed Nov 23 09:16:23 PST 2016,Wed Nov 23 09:30:23 PST 2016,,,,,,"""2988-4""",[]
18,361610,2293-2,yes,,okay,listener,yes,33KGGVH24TGM8IR8ZDWDS96UYMZ1XP,3L55M9M85ZS1S5PUVRTR8IQBBKCO9N,Language study,A 15-minute experiment where you play a language game with another turker.,language experiment study communication stanford fun cognitive science,$1.70,Wed Nov 23 09:14:37 PST 2016,120,0,1,0,Unassignable,NotReviewed,1 cond,4800,60000,Wed Nov 23 12:14:45 PST 2016,https://requester.mturk.com/mturk/manageHIT?HITId=33KGGVH24TGM8IR8ZDWDS96UYMZ1XP,3FK0YFF9PZFDCP05WEKMZWCD96EVVO,18,Submitted,Thu Nov 24 02:10:54 PST 2016,Wed Nov 23 09:16:11 PST 2016,Wed Nov 23 09:30:54 PST 2016,,,,,,"""2293-2""",[]
19,378825,2293-2,yes,Thanks!,loved,speaker,yes,33KGGVH24TGM8IR8ZDWDS96UYMZ1XP,3L55M9M85ZS1S5PUVRTR8IQBBKCO9N,Language study,A 15-minute experiment where you play a language game with another turker.,language experiment study communication stanford fun cognitive science,$1.70,Wed Nov 23 09:14:37 PST 2016,120,0,1,0,Unassignable,NotReviewed,1 cond,4800,60000,Wed Nov 23 12:14:45 PST 2016,https://requester.mturk.com/mturk/manageHIT?HITId=33KGGVH24TGM8IR8ZDWDS96UYMZ1XP,3VAR3R6G1P0KBTVVN9NYCQYX2FH8OV,19,Submitted,Thu Nov 24 02:10:57 PST 2016,Wed Nov 23 09:16:26 PST 2016,Wed Nov 23 09:30:57 PST 2016,,,,,,"""2293-2""",[]
20,330757,9290-c,yes,nope,loved,speaker,yes,33KGGVH24TGM8IR8ZDWDS96UYMZ1XP,3L55M9M85ZS1S5PUVRTR8IQBBKCO9N,Language study,A 15-minute experiment where you play a language game with another turker.,language experiment study communication stanford fun cognitive science,$1.70,Wed Nov 23 09:14:37 PST 2016,120,0,1,0,Unassignable,NotReviewed,1 cond,4800,60000,Wed Nov 23 12:14:45 PST 2016,https://requester.mturk.com/mturk/manageHIT?HITId=33KGGVH24TGM8IR8ZDWDS96UYMZ1XP,3DH6GAKTYYOBP30K2MW9R1T3FYMYZ0,20,Submitted,Thu Nov 24 02:10:59 PST 2016,Wed Nov 23 09:16:08 PST 2016,Wed Nov 23 09:30:59 PST 2016,,,,,,"""9290-c""",[]
21,323520,9290-c,yes,Everything worked really well,loved,listener,yes,33KGGVH24TGM8IR8ZDWDS96UYMZ1XP,3L55M9M85ZS1S5PUVRTR8IQBBKCO9N,Language study,A 15-minute experiment where you play a language game with another turker.,language experiment study communication stanford fun cognitive science,$1.70,Wed Nov 23 09:14:37 PST 2016,120,0,1,0,Unassignable,NotReviewed,1 cond,4800,60000,Wed Nov 23 12:14:45 PST 2016,https://requester.mturk.com/mturk/manageHIT?HITId=33KGGVH24TGM8IR8ZDWDS96UYMZ1XP,3T3IWE1XG6M6UP0Z5KQXSRPKVTJTQC,21,Submitted,Thu Nov 24 02:11:12 PST 2016,Wed Nov 23 09:16:08 PST 2016,Wed Nov 23 09:31:12 PST 2016,,,,,,"""9290-c""",[]
22,302524,3625-2,yes,thanks!,loved,speaker,yes,33KGGVH24TGM8IR8ZDWDS96UYMZ1XP,3L55M9M85ZS1S5PUVRTR8IQBBKCO9N,Language study,A 15-minute experiment where you play a language game with another turker.,language experiment study communication stanford fun cognitive science,$1.70,Wed Nov 23 09:14:37 PST 2016,120,0,1,0,Unassignable,NotReviewed,1 cond,4800,60000,Wed Nov 23 12:14:45 PST 2016,https://requester.mturk.com/mturk/manageHIT?HITId=33KGGVH24TGM8IR8ZDWDS96UYMZ1XP,3VSOLARPKB8V39LJ939KOJVXRU339K,22,Submitted,Thu Nov 24 02:13:50 PST 2016,Wed Nov 23 09:16:10 PST 2016,Wed Nov 23 09:33:50 PST 2016,,,,,,"""3625-2""",[]
23,308321,3625-2,yes,nope,liked,listener,yes,33KGGVH24TGM8IR8ZDWDS96UYMZ1XP,3L55M9M85ZS1S5PUVRTR8IQBBKCO9N,Language study,A 15-minute experiment where you play a language game with another turker.,language experiment study communication stanford fun cognitive science,$1.70,Wed Nov 23 09:14:37 PST 2016,120,0,1,0,Unassignable,NotReviewed,1 cond,4800,60000,Wed Nov 23 12:14:45 PST 2016,https://requester.mturk.com/mturk/manageHIT?HITId=33KGGVH24TGM8IR8ZDWDS96UYMZ1XP,3XLBSAQ9Z4BSAJ4JFD69EO96BZDZ70,23,Submitted,Thu Nov 24 02:13:57 PST 2016,Wed Nov 23 09:16:17 PST 2016,Wed Nov 23 09:33:57 PST 2016,,,,,,"""3625-2""",[]
24,268303,7646-a,yes,no,okay,listener,yes,33KGGVH24TGM8IR8ZDWDS96UYMZ1XP,3L55M9M85ZS1S5PUVRTR8IQBBKCO9N,Language study,A 15-minute experiment where you play a language game with another turker.,language experiment study communication stanford fun cognitive science,$1.70,Wed Nov 23 09:14:37 PST 2016,120,0,1,0,Unassignable,NotReviewed,1 cond,4800,60000,Wed Nov 23 12:14:45 PST 2016,https://requester.mturk.com/mturk/manageHIT?HITId=33KGGVH24TGM8IR8ZDWDS96UYMZ1XP,3RXCAC0YIROWJGEXZQAQ7HPVBTQG8G,24,Submitted,Thu Nov 24 02:14:16 PST 2016,Wed Nov 23 09:22:15 PST 2016,Wed Nov 23 09:34:16 PST 2016,,,,,,"""7646-a""",[]
25,278933,7646-a,yes,,liked,speaker,yes,33KGGVH24TGM8IR8ZDWDS96UYMZ1XP,3L55M9M85ZS1S5PUVRTR8IQBBKCO9N,Language study,A 15-minute experiment where you play a language game with another turker.,language experiment study communication stanford fun cognitive science,$1.70,Wed Nov 23 09:14:37 PST 2016,120,0,1,0,Unassignable,NotReviewed,1 cond,4800,60000,Wed Nov 23 12:14:45 PST 2016,https://requester.mturk.com/mturk/manageHIT?HITId=33KGGVH24TGM8IR8ZDWDS96UYMZ1XP,3RRCEFRB7MBZ9YJK71SZPUITTU2B4N,25,Submitted,Thu Nov 24 02:14:18 PST 2016,Wed Nov 23 09:16:14 PST 2016,Wed Nov 23 09:34:18 PST 2016,,,,,,"""7646-a""",[]
26,535849,6988-f,yes,,okay,speaker,yes,33KGGVH24TGM8IR8ZDWDS96UYMZ1XP,3L55M9M85ZS1S5PUVRTR8IQBBKCO9N,Language study,A 15-minute experiment where you play a language game with another turker.,language experiment study communication stanford fun cognitive science,$1.70,Wed Nov 23 09:14:37 PST 2016,120,0,1,0,Unassignable,NotReviewed,1 cond,4800,60000,Wed Nov 23 12:14:45 PST 2016,https://requester.mturk.com/mturk/manageHIT?HITId=33KGGVH24TGM8IR8ZDWDS96UYMZ1XP,3VA45EW49NM20TBAOOEJXGBPO9B1O4,26,Submitted,Thu Nov 24 02:14:52 PST 2016,Wed Nov 23 09:16:20 PST 2016,Wed Nov 23 09:34:52 PST 2016,,,,,,"""6988-f""",[]
27,448637,6988-f,yes,,loved,listener,yes,33KGGVH24TGM8IR8ZDWDS96UYMZ1XP,3L55M9M85ZS1S5PUVRTR8IQBBKCO9N,Language study,A 15-minute experiment where you play a language game with another turker.,language experiment study communication stanford fun cognitive science,$1.70,Wed Nov 23 09:14:37 PST 2016,120,0,1,0,Unassignable,NotReviewed,1 cond,4800,60000,Wed Nov 23 12:14:45 PST 2016,https://requester.mturk.com/mturk/manageHIT?HITId=33KGGVH24TGM8IR8ZDWDS96UYMZ1XP,3CTOC39K37P2A4ZFXR3NQULGS10J7Z,27,Submitted,Thu Nov 24 02:15:04 PST 2016,Wed Nov 23 09:16:10 PST 2016,Wed Nov 23 09:35:04 PST 2016,,,,,,"""6988-f""",[]
28,407350,7045-6,yes,,liked,listener,yes,33KGGVH24TGM8IR8ZDWDS96UYMZ1XP,3L55M9M85ZS1S5PUVRTR8IQBBKCO9N,Language study,A 15-minute experiment where you play a language game with another turker.,language experiment study communication stanford fun cognitive science,$1.70,Wed Nov 23 09:14:37 PST 2016,120,0,1,0,Unassignable,NotReviewed,1 cond,4800,60000,Wed Nov 23 12:14:45 PST 2016,https://requester.mturk.com/mturk/manageHIT?HITId=33KGGVH24TGM8IR8ZDWDS96UYMZ1XP,3WJ1OXY92AFV9P1UDQIGBVESDYD8AW,28,Submitted,Thu Nov 24 02:15:30 PST 2016,Wed Nov 23 09:16:12 PST 2016,Wed Nov 23 09:35:30 PST 2016,,,,,,"""7045-6""",[]
29,344570,5794-2,yes,no,liked,speaker,yes,33KGGVH24TGM8IR8ZDWDS96UYMZ1XP,3L55M9M85ZS1S5PUVRTR8IQBBKCO9N,Language study,A 15-minute experiment where you play a language game with another turker.,language experiment study communication stanford fun cognitive science,$1.70,Wed Nov 23 09:14:37 PST 2016,120,0,1,0,Unassignable,NotReviewed,1 cond,4800,60000,Wed Nov 23 12:14:45 PST 2016,https://requester.mturk.com/mturk/manageHIT?HITId=33KGGVH24TGM8IR8ZDWDS96UYMZ1XP,3SKRO2GZ71QJA2QVQWMQQZUG4411KK,29,Submitted,Thu Nov 24 02:15:43 PST 2016,Wed Nov 23 09:18:18 PST 2016,Wed Nov 23 09:35:43 PST 2016,,,,,,"""5794-2""",[]
30,513970,7045-6,yes,,liked,speaker,yes,33KGGVH24TGM8IR8ZDWDS96UYMZ1XP,3L55M9M85ZS1S5PUVRTR8IQBBKCO9N,Language study,A 15-minute experiment where you play a language game with another turker.,language experiment study communication stanford fun cognitive science,$1.70,Wed Nov 23 09:14:37 PST 2016,120,0,1,0,Unassignable,NotReviewed,1 cond,4800,60000,Wed Nov 23 12:14:45 PST 2016,https://requester.mturk.com/mturk/manageHIT?HITId=33KGGVH24TGM8IR8ZDWDS96UYMZ1XP,39L1G8WVWQQDE4IO5QUR9DDETIF31B,30,Submitted,Thu Nov 24 02:16:13 PST 2016,Wed Nov 23 09:16:04 PST 2016,Wed Nov 23 09:36:13 PST 2016,,,,,,"""7045-6""",[]
31,318913,5794-2,no,"I thought it was a computer program because of how fast they typed- I guess they are just really fast. Thanks!",loved,listener,yes,33KGGVH24TGM8IR8ZDWDS96UYMZ1XP,3L55M9M85ZS1S5PUVRTR8IQBBKCO9N,Language study,A 15-minute experiment where you play a language game with another turker.,language experiment study communication stanford fun cognitive science,$1.70,Wed Nov 23 09:14:37 PST 2016,120,0,1,0,Unassignable,NotReviewed,1 cond,4800,60000,Wed Nov 23 12:14:45 PST 2016,https://requester.mturk.com/mturk/manageHIT?HITId=33KGGVH24TGM8IR8ZDWDS96UYMZ1XP,3ZV9H2YQQD66F5YR2EJC2338PVNW32,31,Submitted,Thu Nov 24 02:16:20 PST 2016,Wed Nov 23 09:16:17 PST 2016,Wed Nov 23 09:36:20 PST 2016,,,,,,"""5794-2""",[]
32,325254,6753-d,yes,,loved,speaker,yes,33KGGVH24TGM8IR8ZDWDS96UYMZ1XP,3L55M9M85ZS1S5PUVRTR8IQBBKCO9N,Language study,A 15-minute experiment where you play a language game with another turker.,language experiment study communication stanford fun cognitive science,$1.70,Wed Nov 23 09:14:37 PST 2016,120,0,1,0,Unassignable,NotReviewed,1 cond,4800,60000,Wed Nov 23 12:14:45 PST 2016,https://requester.mturk.com/mturk/manageHIT?HITId=33KGGVH24TGM8IR8ZDWDS96UYMZ1XP,3VE8AYVF8MWQ5GI2O648PWPJAEQ8F9,32,Submitted,Thu Nov 24 02:18:48 PST 2016,Wed Nov 23 09:16:15 PST 2016,Wed Nov 23 09:38:48 PST 2016,,,,,,"""6753-d""",[]
33,587027,5381-c,yes,,okay,speaker,yes,33KGGVH24TGM8IR8ZDWDS96UYMZ1XP,3L55M9M85ZS1S5PUVRTR8IQBBKCO9N,Language study,A 15-minute experiment where you play a language game with another turker.,language experiment study communication stanford fun cognitive science,$1.70,Wed Nov 23 09:14:37 PST 2016,120,0,1,0,Unassignable,NotReviewed,1 cond,4800,60000,Wed Nov 23 12:14:45 PST 2016,https://requester.mturk.com/mturk/manageHIT?HITId=33KGGVH24TGM8IR8ZDWDS96UYMZ1XP,33FBRBDW6OYJ24YSX4E7HQ4GD1Y8CY,33,Submitted,Thu Nov 24 02:19:02 PST 2016,Wed Nov 23 09:18:01 PST 2016,Wed Nov 23 09:39:02 PST 2016,,,,,,"""5381-c""",[]
34,330907,6753-d,yes,"We started out describing the objects then I told the other player that I was pretty sure we were allowed to say the actual fruit or vegetable name so we did that and it was really fast- at the end we just started saying the colors of the object.",okay,listener,yes,33KGGVH24TGM8IR8ZDWDS96UYMZ1XP,3L55M9M85ZS1S5PUVRTR8IQBBKCO9N,Language study,A 15-minute experiment where you play a language game with another turker.,language experiment study communication stanford fun cognitive science,$1.70,Wed Nov 23 09:14:37 PST 2016,120,0,1,0,Unassignable,NotReviewed,1 cond,4800,60000,Wed Nov 23 12:14:45 PST 2016,https://requester.mturk.com/mturk/manageHIT?HITId=33KGGVH24TGM8IR8ZDWDS96UYMZ1XP,3I3WADAZ9Q31OBCTPBGV06O60PG5OQ,34,Submitted,Thu Nov 24 02:19:47 PST 2016,Wed Nov 23 09:16:16 PST 2016,Wed Nov 23 09:39:47 PST 2016,,,,,,"""6753-d""",[]
35,376512,8646-f,yes,,loved,speaker,yes,33KGGVH24TGM8IR8ZDWDS96UYMZ1XP,3L55M9M85ZS1S5PUVRTR8IQBBKCO9N,Language study,A 15-minute experiment where you play a language game with another turker.,language experiment study communication stanford fun cognitive science,$1.70,Wed Nov 23 09:14:37 PST 2016,120,0,1,0,Unassignable,NotReviewed,1 cond,4800,60000,Wed Nov 23 12:14:45 PST 2016,https://requester.mturk.com/mturk/manageHIT?HITId=33KGGVH24TGM8IR8ZDWDS96UYMZ1XP,3HVVDCPGTERF3RRLWU7R5DSMU20TYF,35,Submitted,Thu Nov 24 02:20:44 PST 2016,Wed Nov 23 09:16:15 PST 2016,Wed Nov 23 09:40:44 PST 2016,,,,,,"""8646-f""",[]
36,309297,8646-f,yes,Good study. ,loved,listener,yes,33KGGVH24TGM8IR8ZDWDS96UYMZ1XP,3L55M9M85ZS1S5PUVRTR8IQBBKCO9N,Language study,A 15-minute experiment where you play a language game with another turker.,language experiment study communication stanford fun cognitive science,$1.70,Wed Nov 23 09:14:37 PST 2016,120,0,1,0,Unassignable,NotReviewed,1 cond,4800,60000,Wed Nov 23 12:14:45 PST 2016,https://requester.mturk.com/mturk/manageHIT?HITId=33KGGVH24TGM8IR8ZDWDS96UYMZ1XP,39O5D9O87TRX17SMLNJBQ9W5XF63C1,36,Submitted,Thu Nov 24 02:21:07 PST 2016,Wed Nov 23 09:16:12 PST 2016,Wed Nov 23 09:41:07 PST 2016,,,,,,"""8646-f""",[]
37,719688,5381-c,yes,"My partner was a very skilled communicator the two mistakes I made were my own. In both cases the images were the same for the prior task and in the same order so I thought that my previous response had not been recorded. I clicked the same image again and my partners description appeared shortly after that. So- again- the mistake was mine- not my partners. Thanks for the opportunity to participate; good luck with your research!",loved,listener,yes,33KGGVH24TGM8IR8ZDWDS96UYMZ1XP,3L55M9M85ZS1S5PUVRTR8IQBBKCO9N,Language study,A 15-minute experiment where you play a language game with another turker.,language experiment study communication stanford fun cognitive science,$1.70,Wed Nov 23 09:14:37 PST 2016,120,0,1,0,Unassignable,NotReviewed,1 cond,4800,60000,Wed Nov 23 12:14:45 PST 2016,https://requester.mturk.com/mturk/manageHIT?HITId=33KGGVH24TGM8IR8ZDWDS96UYMZ1XP,3EJJQNKU9R4G1HO4I5Y8JYW1GLQRH1,37,Submitted,Thu Nov 24 02:21:32 PST 2016,Wed Nov 23 09:16:12 PST 2016,Wed Nov 23 09:41:32 PST 2016,,,,,,"""5381-c""",[]
38,356067,1000-2,yes,none,liked,speaker,yes,33KGGVH24TGM8IR8ZDWDS96UYMZ1XP,3L55M9M85ZS1S5PUVRTR8IQBBKCO9N,Language study,A 15-minute experiment where you play a language game with another turker.,language experiment study communication stanford fun cognitive science,$1.70,Wed Nov 23 09:14:37 PST 2016,120,0,1,0,Unassignable,NotReviewed,1 cond,4800,60000,Wed Nov 23 12:14:45 PST 2016,https://requester.mturk.com/mturk/manageHIT?HITId=33KGGVH24TGM8IR8ZDWDS96UYMZ1XP,358010RM5ES5GE50WTL4NH9YPHMVXR,38,Submitted,Thu Nov 24 02:22:02 PST 2016,Wed Nov 23 09:33:49 PST 2016,Wed Nov 23 09:42:02 PST 2016,,,,,,"""1000-2""",[]
39,325843,1000-2,yes,"fun- easy",loved,listener,yes,33KGGVH24TGM8IR8ZDWDS96UYMZ1XP,3L55M9M85ZS1S5PUVRTR8IQBBKCO9N,Language study,A 15-minute experiment where you play a language game with another turker.,language experiment study communication stanford fun cognitive science,$1.70,Wed Nov 23 09:14:37 PST 2016,120,0,1,0,Unassignable,NotReviewed,1 cond,4800,60000,Wed Nov 23 12:14:45 PST 2016,https://requester.mturk.com/mturk/manageHIT?HITId=33KGGVH24TGM8IR8ZDWDS96UYMZ1XP,3A1PQ49WVHGS8CPNKBJTD7EOCNX1HG,39,Submitted,Thu Nov 24 02:22:13 PST 2016,Wed Nov 23 09:16:08 PST 2016,Wed Nov 23 09:42:13 PST 2016,,,,,,"""1000-2""",[]
40,680984,7551-c,yes,no,loved,speaker,yes,33KGGVH24TGM8IR8ZDWDS96UYMZ1XP,3L55M9M85ZS1S5PUVRTR8IQBBKCO9N,Language study,A 15-minute experiment where you play a language game with another turker.,language experiment study communication stanford fun cognitive science,$1.70,Wed Nov 23 09:14:37 PST 2016,120,0,1,0,Unassignable,NotReviewed,1 cond,4800,60000,Wed Nov 23 12:14:45 PST 2016,https://requester.mturk.com/mturk/manageHIT?HITId=33KGGVH24TGM8IR8ZDWDS96UYMZ1XP,36AHBNMV1RB8M2VOA47C09A0RGDDYH,40,Submitted,Thu Nov 24 02:22:55 PST 2016,Wed Nov 23 09:18:11 PST 2016,Wed Nov 23 09:42:55 PST 2016,,,,,,"""7551-c""",[]
41,644106,7551-c,yes,Fun hit.,loved,listener,yes,33KGGVH24TGM8IR8ZDWDS96UYMZ1XP,3L55M9M85ZS1S5PUVRTR8IQBBKCO9N,Language study,A 15-minute experiment where you play a language game with another turker.,language experiment study communication stanford fun cognitive science,$1.70,Wed Nov 23 09:14:37 PST 2016,120,0,1,0,Unassignable,NotReviewed,1 cond,4800,60000,Wed Nov 23 12:14:45 PST 2016,https://requester.mturk.com/mturk/manageHIT?HITId=33KGGVH24TGM8IR8ZDWDS96UYMZ1XP,3Y54SXRO1LKYMI7GMTA22SM9YEPTUH,41,Submitted,Thu Nov 24 02:23:17 PST 2016,Wed Nov 23 09:16:16 PST 2016,Wed Nov 23 09:43:17 PST 2016,,,,,,"""7551-c""",[]
42,1553429,3841-5,yes,,okay,speaker,yes,33KGGVH24TGM8IR8ZDWDS96UYMZ1XP,3L55M9M85ZS1S5PUVRTR8IQBBKCO9N,Language study,A 15-minute experiment where you play a language game with another turker.,language experiment study communication stanford fun cognitive science,$1.70,Wed Nov 23 09:14:37 PST 2016,120,0,1,0,Unassignable,NotReviewed,1 cond,4800,60000,Wed Nov 23 12:14:45 PST 2016,https://requester.mturk.com/mturk/manageHIT?HITId=33KGGVH24TGM8IR8ZDWDS96UYMZ1XP,3PXX5PX6LXXEBNZ1G22Q2X4TL4YBAY,42,Submitted,Thu Nov 24 02:24:41 PST 2016,Wed Nov 23 09:16:30 PST 2016,Wed Nov 23 09:44:41 PST 2016,,,,,,"""3841-5""",[]
43,1536206,3841-5,yes,I&quotecharm unable to enter my info on mturk to submit my code. Here is my mturk id: A2OQZTSU48GRFG,okay,listener,yes,33KGGVH24TGM8IR8ZDWDS96UYMZ1XP,3L55M9M85ZS1S5PUVRTR8IQBBKCO9N,Language study,A 15-minute experiment where you play a language game with another turker.,language experiment study communication stanford fun cognitive science,$1.70,Wed Nov 23 09:14:37 PST 2016,120,0,1,0,Unassignable,NotReviewed,1 cond,4800,60000,Wed Nov 23 12:14:45 PST 2016,https://requester.mturk.com/mturk/manageHIT?HITId=33KGGVH24TGM8IR8ZDWDS96UYMZ1XP,3EFVCAY5L386AI4Y7WVT4UHB3L78JC,43,Submitted,Thu Nov 24 02:24:55 PST 2016,Wed Nov 23 09:16:18 PST 2016,Wed Nov 23 09:44:55 PST 2016,,,,,,"""3841-5""",[]
44,352001,8628-9,yes,I thought this was interesting,liked,listener,yes,33KGGVH24TGM8IR8ZDWDS96UYMZ1XP,3L55M9M85ZS1S5PUVRTR8IQBBKCO9N,Language study,A 15-minute experiment where you play a language game with another turker.,language experiment study communication stanford fun cognitive science,$1.70,Wed Nov 23 09:14:37 PST 2016,120,0,1,0,Unassignable,NotReviewed,1 cond,4800,60000,Wed Nov 23 12:14:45 PST 2016,https://requester.mturk.com/mturk/manageHIT?HITId=33KGGVH24TGM8IR8ZDWDS96UYMZ1XP,3TY7ZAOG5FJJ3D5DUDIQCUB6ZCX0KI,44,Submitted,Thu Nov 24 02:25:10 PST 2016,Wed Nov 23 09:34:09 PST 2016,Wed Nov 23 09:45:10 PST 2016,,,,,,"""8628-9""",[]
45,400903,8628-9,yes,,okay,speaker,yes,33KGGVH24TGM8IR8ZDWDS96UYMZ1XP,3L55M9M85ZS1S5PUVRTR8IQBBKCO9N,Language study,A 15-minute experiment where you play a language game with another turker.,language experiment study communication stanford fun cognitive science,$1.70,Wed Nov 23 09:14:37 PST 2016,120,0,1,0,Unassignable,NotReviewed,1 cond,4800,60000,Wed Nov 23 12:14:45 PST 2016,https://requester.mturk.com/mturk/manageHIT?HITId=33KGGVH24TGM8IR8ZDWDS96UYMZ1XP,37XITHEISW8PK9DOWDK787ZL3TLRCS,45,Submitted,Thu Nov 24 02:25:11 PST 2016,Wed Nov 23 09:19:58 PST 2016,Wed Nov 23 09:45:11 PST 2016,,,,,,"""8628-9""",[]
46,387486,7689-1,yes,,okay,speaker,yes,33KGGVH24TGM8IR8ZDWDS96UYMZ1XP,3L55M9M85ZS1S5PUVRTR8IQBBKCO9N,Language study,A 15-minute experiment where you play a language game with another turker.,language experiment study communication stanford fun cognitive science,$1.70,Wed Nov 23 09:14:37 PST 2016,120,0,1,0,Unassignable,NotReviewed,1 cond,4800,60000,Wed Nov 23 12:14:45 PST 2016,https://requester.mturk.com/mturk/manageHIT?HITId=33KGGVH24TGM8IR8ZDWDS96UYMZ1XP,3DIP6YHAPCRYZ2I6TVK27E4JYDB8ER,46,Submitted,Thu Nov 24 02:29:35 PST 2016,Wed Nov 23 09:16:14 PST 2016,Wed Nov 23 09:49:35 PST 2016,,,,,,"""7689-1""",[]
47,368342,7689-1,yes,thank you for the HIT it was fun : ),loved,listener,yes,33KGGVH24TGM8IR8ZDWDS96UYMZ1XP,3L55M9M85ZS1S5PUVRTR8IQBBKCO9N,Language study,A 15-minute experiment where you play a language game with another turker.,language experiment study communication stanford fun cognitive science,$1.70,Wed Nov 23 09:14:37 PST 2016,120,0,1,0,Unassignable,NotReviewed,1 cond,4800,60000,Wed Nov 23 12:14:45 PST 2016,https://requester.mturk.com/mturk/manageHIT?HITId=33KGGVH24TGM8IR8ZDWDS96UYMZ1XP,3E1QT0TDFP8AF7KSPEATST2BQ6I8I0,47,Submitted,Thu Nov 24 02:29:47 PST 2016,Wed Nov 23 09:16:18 PST 2016,Wed Nov 23 09:49:47 PST 2016,,,,,,"""7689-1""",[]
48,617460,1544-1,yes,no comments,liked,speaker,yes,33KGGVH24TGM8IR8ZDWDS96UYMZ1XP,3L55M9M85ZS1S5PUVRTR8IQBBKCO9N,Language study,A 15-minute experiment where you play a language game with another turker.,language experiment study communication stanford fun cognitive science,$1.70,Wed Nov 23 09:14:37 PST 2016,120,0,1,0,Unassignable,NotReviewed,1 cond,4800,60000,Wed Nov 23 12:14:45 PST 2016,https://requester.mturk.com/mturk/manageHIT?HITId=33KGGVH24TGM8IR8ZDWDS96UYMZ1XP,39LOEL67OS4VP4294B36ON0M7OL38V,48,Submitted,Thu Nov 24 02:31:38 PST 2016,Wed Nov 23 09:24:11 PST 2016,Wed Nov 23 09:51:38 PST 2016,,,,,,"""1544-1""",[]
49,608842,1544-1,yes,Thank you for the opportunity to participate. Good luck with your research. :),loved,listener,yes,33KGGVH24TGM8IR8ZDWDS96UYMZ1XP,3L55M9M85ZS1S5PUVRTR8IQBBKCO9N,Language study,A 15-minute experiment where you play a language game with another turker.,language experiment study communication stanford fun cognitive science,$1.70,Wed Nov 23 09:14:37 PST 2016,120,0,1,0,Unassignable,NotReviewed,1 cond,4800,60000,Wed Nov 23 12:14:45 PST 2016,https://requester.mturk.com/mturk/manageHIT?HITId=33KGGVH24TGM8IR8ZDWDS96UYMZ1XP,3A1COHJ8NJUAJC98JWS8SH1WQT5H8I,49,Submitted,Thu Nov 24 02:32:14 PST 2016,Wed Nov 23 09:37:55 PST 2016,Wed Nov 23 09:52:14 PST 2016,,,,,,"""1544-1""",[]
50,344292,6500-4,yes,,okay,listener,yes,33KGGVH24TGM8IR8ZDWDS96UYMZ1XP,3L55M9M85ZS1S5PUVRTR8IQBBKCO9N,Language study,A 15-minute experiment where you play a language game with another turker.,language experiment study communication stanford fun cognitive science,$1.70,Wed Nov 23 09:14:37 PST 2016,120,0,1,0,Unassignable,NotReviewed,1 cond,4800,60000,Wed Nov 23 12:14:45 PST 2016,https://requester.mturk.com/mturk/manageHIT?HITId=33KGGVH24TGM8IR8ZDWDS96UYMZ1XP,37W3JXSD6677V8VFRZC2SXZLYWIYWA,50,Submitted,Thu Nov 24 02:32:28 PST 2016,Wed Nov 23 09:16:06 PST 2016,Wed Nov 23 09:52:28 PST 2016,,,,,,"""6500-4""",[]
51,405556,6500-4,yes,,loved,speaker,yes,33KGGVH24TGM8IR8ZDWDS96UYMZ1XP,3L55M9M85ZS1S5PUVRTR8IQBBKCO9N,Language study,A 15-minute experiment where you play a language game with another turker.,language experiment study communication stanford fun cognitive science,$1.70,Wed Nov 23 09:14:37 PST 2016,120,0,1,0,Unassignable,NotReviewed,1 cond,4800,60000,Wed Nov 23 12:14:45 PST 2016,https://requester.mturk.com/mturk/manageHIT?HITId=33KGGVH24TGM8IR8ZDWDS96UYMZ1XP,3WETL7AQWT7C2MJ76DW3C3QV5YK35T,51,Submitted,Thu Nov 24 02:32:37 PST 2016,Wed Nov 23 09:21:50 PST 2016,Wed Nov 23 09:52:37 PST 2016,,,,,,"""6500-4""",[]
52,591466,0901-1,yes,,loved,listener,yes,33KGGVH24TGM8IR8ZDWDS96UYMZ1XP,3L55M9M85ZS1S5PUVRTR8IQBBKCO9N,Language study,A 15-minute experiment where you play a language game with another turker.,language experiment study communication stanford fun cognitive science,$1.70,Wed Nov 23 09:14:37 PST 2016,120,0,1,0,Unassignable,NotReviewed,1 cond,4800,60000,Wed Nov 23 12:14:45 PST 2016,https://requester.mturk.com/mturk/manageHIT?HITId=33KGGVH24TGM8IR8ZDWDS96UYMZ1XP,3M0NZ3JDP1XDNFQ0RKRCG4VAKTIZ5L,52,Submitted,Thu Nov 24 02:32:56 PST 2016,Wed Nov 23 09:16:15 PST 2016,Wed Nov 23 09:52:56 PST 2016,,,,,,"""0901-1""",[]
53,618061,0901-1,yes,no,loved,speaker,yes,33KGGVH24TGM8IR8ZDWDS96UYMZ1XP,3L55M9M85ZS1S5PUVRTR8IQBBKCO9N,Language study,A 15-minute experiment where you play a language game with another turker.,language experiment study communication stanford fun cognitive science,$1.70,Wed Nov 23 09:14:37 PST 2016,120,0,1,0,Unassignable,NotReviewed,1 cond,4800,60000,Wed Nov 23 12:14:45 PST 2016,https://requester.mturk.com/mturk/manageHIT?HITId=33KGGVH24TGM8IR8ZDWDS96UYMZ1XP,3A9AA95ATWLJ9BOU4BTAP6TWAUC5P7,53,Submitted,Thu Nov 24 02:33:04 PST 2016,Wed Nov 23 09:21:15 PST 2016,Wed Nov 23 09:53:04 PST 2016,,,,,,"""0901-1""",[]
54,195605,6444-b,yes,I enjoyed my participation. Thank you!,loved,speaker,yes,33KGGVH24TGM8IR8ZDWDS96UYMZ1XP,3L55M9M85ZS1S5PUVRTR8IQBBKCO9N,Language study,A 15-minute experiment where you play a language game with another turker.,language experiment study communication stanford fun cognitive science,$1.70,Wed Nov 23 09:14:37 PST 2016,120,0,1,0,Unassignable,NotReviewed,1 cond,4800,60000,Wed Nov 23 12:14:45 PST 2016,https://requester.mturk.com/mturk/manageHIT?HITId=33KGGVH24TGM8IR8ZDWDS96UYMZ1XP,3KWTYT08702TIQ9WCJ038PKC5KB5L9,54,Submitted,Thu Nov 24 02:33:51 PST 2016,Wed Nov 23 09:16:35 PST 2016,Wed Nov 23 09:53:51 PST 2016,,,,,,"""6444-b""",[]
55,299634,7081-3,yes,No.,okay,listener,yes,33KGGVH24TGM8IR8ZDWDS96UYMZ1XP,3L55M9M85ZS1S5PUVRTR8IQBBKCO9N,Language study,A 15-minute experiment where you play a language game with another turker.,language experiment study communication stanford fun cognitive science,$1.70,Wed Nov 23 09:14:37 PST 2016,120,0,1,0,Unassignable,NotReviewed,1 cond,4800,60000,Wed Nov 23 12:14:45 PST 2016,https://requester.mturk.com/mturk/manageHIT?HITId=33KGGVH24TGM8IR8ZDWDS96UYMZ1XP,3IGI0VL647J5E0IZTBCHUNOSRAFONY,55,Submitted,Thu Nov 24 02:34:13 PST 2016,Wed Nov 23 09:16:09 PST 2016,Wed Nov 23 09:54:13 PST 2016,,,,,,"""7081-3""",[]
56,316777,7081-3,yes,,liked,speaker,yes,33KGGVH24TGM8IR8ZDWDS96UYMZ1XP,3L55M9M85ZS1S5PUVRTR8IQBBKCO9N,Language study,A 15-minute experiment where you play a language game with another turker.,language experiment study communication stanford fun cognitive science,$1.70,Wed Nov 23 09:14:37 PST 2016,120,0,1,0,Unassignable,NotReviewed,1 cond,4800,60000,Wed Nov 23 12:14:45 PST 2016,https://requester.mturk.com/mturk/manageHIT?HITId=33KGGVH24TGM8IR8ZDWDS96UYMZ1XP,3VW6495TLJZBKDQF60UQDUK194IYY9,56,Submitted,Thu Nov 24 02:34:16 PST 2016,Wed Nov 23 09:16:07 PST 2016,Wed Nov 23 09:54:16 PST 2016,,,,,,"""7081-3""",[]
57,269297,1707-4,yes,,loved,listener,yes,33KGGVH24TGM8IR8ZDWDS96UYMZ1XP,3L55M9M85ZS1S5PUVRTR8IQBBKCO9N,Language study,A 15-minute experiment where you play a language game with another turker.,language experiment study communication stanford fun cognitive science,$1.70,Wed Nov 23 09:14:37 PST 2016,120,0,1,0,Unassignable,NotReviewed,1 cond,4800,60000,Wed Nov 23 12:14:45 PST 2016,https://requester.mturk.com/mturk/manageHIT?HITId=33KGGVH24TGM8IR8ZDWDS96UYMZ1XP,3JV9LGBJWTDZ481D67ZM43FVQYWOGT,57,Submitted,Thu Nov 24 02:36:36 PST 2016,Wed Nov 23 09:42:49 PST 2016,Wed Nov 23 09:56:36 PST 2016,,,,,,"""1707-4""",[]
58,277499,1707-4,yes,,liked,speaker,yes,33KGGVH24TGM8IR8ZDWDS96UYMZ1XP,3L55M9M85ZS1S5PUVRTR8IQBBKCO9N,Language study,A 15-minute experiment where you play a language game with another turker.,language experiment study communication stanford fun cognitive science,$1.70,Wed Nov 23 09:14:37 PST 2016,120,0,1,0,Unassignable,NotReviewed,1 cond,4800,60000,Wed Nov 23 12:14:45 PST 2016,https://requester.mturk.com/mturk/manageHIT?HITId=33KGGVH24TGM8IR8ZDWDS96UYMZ1XP,3DUZQ9U6SMNXKXJ12JFHO9S6A2KVSJ,58,Submitted,Thu Nov 24 02:36:40 PST 2016,Wed Nov 23 09:16:09 PST 2016,Wed Nov 23 09:56:40 PST 2016,,,,,,"""1707-4""",[]
59,383579,3602-8,yes,,liked,speaker,yes,33KGGVH24TGM8IR8ZDWDS96UYMZ1XP,3L55M9M85ZS1S5PUVRTR8IQBBKCO9N,Language study,A 15-minute experiment where you play a language game with another turker.,language experiment study communication stanford fun cognitive science,$1.70,Wed Nov 23 09:14:37 PST 2016,120,0,1,0,Unassignable,NotReviewed,1 cond,4800,60000,Wed Nov 23 12:14:45 PST 2016,https://requester.mturk.com/mturk/manageHIT?HITId=33KGGVH24TGM8IR8ZDWDS96UYMZ1XP,3FDJT1UU747IYKRERJO2TP7XGK65K6,59,Submitted,Thu Nov 24 02:40:31 PST 2016,Wed Nov 23 09:16:09 PST 2016,Wed Nov 23 10:00:31 PST 2016,,,,,,"""3602-8""",[]
60,307830,3602-8,yes,no,liked,listener,yes,33KGGVH24TGM8IR8ZDWDS96UYMZ1XP,3L55M9M85ZS1S5PUVRTR8IQBBKCO9N,Language study,A 15-minute experiment where you play a language game with another turker.,language experiment study communication stanford fun cognitive science,$1.70,Wed Nov 23 09:14:37 PST 2016,120,0,1,0,Unassignable,NotReviewed,1 cond,4800,60000,Wed Nov 23 12:14:45 PST 2016,https://requester.mturk.com/mturk/manageHIT?HITId=33KGGVH24TGM8IR8ZDWDS96UYMZ1XP,3UNH76FOCS4BQW11NX6FJZXU0U7YMM,60,Submitted,Thu Nov 24 02:40:34 PST 2016,Wed Nov 23 09:45:10 PST 2016,Wed Nov 23 10:00:34 PST 2016,,,,,,"""3602-8""",[]
61,48696,8787-8,yes,,okay,listener,yes,33KGGVH24TGM8IR8ZDWDS96UYMZ1XP,3L55M9M85ZS1S5PUVRTR8IQBBKCO9N,Language study,A 15-minute experiment where you play a language game with another turker.,language experiment study communication stanford fun cognitive science,$1.70,Wed Nov 23 09:14:37 PST 2016,120,0,1,0,Unassignable,NotReviewed,1 cond,4800,60000,Wed Nov 23 12:14:45 PST 2016,https://requester.mturk.com/mturk/manageHIT?HITId=33KGGVH24TGM8IR8ZDWDS96UYMZ1XP,3180JW2OT4BNN0LW9YOQSA7K1V65J7,61,Submitted,Thu Nov 24 02:42:23 PST 2016,Wed Nov 23 09:59:10 PST 2016,Wed Nov 23 10:02:23 PST 2016,,,,,,"""8787-8""",[]
62,651969,4885-8,yes,,loved,listener,yes,33KGGVH24TGM8IR8ZDWDS96UYMZ1XP,3L55M9M85ZS1S5PUVRTR8IQBBKCO9N,Language study,A 15-minute experiment where you play a language game with another turker.,language experiment study communication stanford fun cognitive science,$1.70,Wed Nov 23 09:14:37 PST 2016,120,0,1,0,Unassignable,NotReviewed,1 cond,4800,60000,Wed Nov 23 12:14:45 PST 2016,https://requester.mturk.com/mturk/manageHIT?HITId=33KGGVH24TGM8IR8ZDWDS96UYMZ1XP,3ZQIG0FLQEFQRE0AMOPILYVRGFGVWY,62,Submitted,Thu Nov 24 02:44:04 PST 2016,Wed Nov 23 09:16:12 PST 2016,Wed Nov 23 10:04:04 PST 2016,,,,,,"""4885-8""",[]
63,680160,4885-8,no,,okay,speaker,yes,33KGGVH24TGM8IR8ZDWDS96UYMZ1XP,3L55M9M85ZS1S5PUVRTR8IQBBKCO9N,Language study,A 15-minute experiment where you play a language game with another turker.,language experiment study communication stanford fun cognitive science,$1.70,Wed Nov 23 09:14:37 PST 2016,120,0,1,0,Unassignable,NotReviewed,1 cond,4800,60000,Wed Nov 23 12:14:45 PST 2016,https://requester.mturk.com/mturk/manageHIT?HITId=33KGGVH24TGM8IR8ZDWDS96UYMZ1XP,3V5Q80FXIXQK3P0KOUU5EWNJLOV32U,63,Submitted,Thu Nov 24 02:44:07 PST 2016,Wed Nov 23 09:34:29 PST 2016,Wed Nov 23 10:04:07 PST 2016,,,,,,"""4885-8""",[]
64,534357,8360-7,yes,,okay,speaker,yes,33KGGVH24TGM8IR8ZDWDS96UYMZ1XP,3L55M9M85ZS1S5PUVRTR8IQBBKCO9N,Language study,A 15-minute experiment where you play a language game with another turker.,language experiment study communication stanford fun cognitive science,$1.70,Wed Nov 23 09:14:37 PST 2016,120,0,1,0,Unassignable,NotReviewed,1 cond,4800,60000,Wed Nov 23 12:14:45 PST 2016,https://requester.mturk.com/mturk/manageHIT?HITId=33KGGVH24TGM8IR8ZDWDS96UYMZ1XP,3EFVCAY5L386AI4Y7WVT4UHB3L6J8M,64,Submitted,Thu Nov 24 02:44:58 PST 2016,Wed Nov 23 09:16:11 PST 2016,Wed Nov 23 10:04:58 PST 2016,,,,,,"""8360-7""",[]
65,478772,8360-7,yes,,loved,listener,yes,33KGGVH24TGM8IR8ZDWDS96UYMZ1XP,3L55M9M85ZS1S5PUVRTR8IQBBKCO9N,Language study,A 15-minute experiment where you play a language game with another turker.,language experiment study communication stanford fun cognitive science,$1.70,Wed Nov 23 09:14:37 PST 2016,120,0,1,0,Unassignable,NotReviewed,1 cond,4800,60000,Wed Nov 23 12:14:45 PST 2016,https://requester.mturk.com/mturk/manageHIT?HITId=33KGGVH24TGM8IR8ZDWDS96UYMZ1XP,3X66WABAJWHAIJ8RN9FUG0HKV7Y3GB,65,Submitted,Thu Nov 24 02:45:03 PST 2016,Wed Nov 23 09:16:17 PST 2016,Wed Nov 23 10:05:03 PST 2016,,,,,,"""8360-7""",[]
66,411465,5388-a,yes,,okay,listener,yes,33KGGVH24TGM8IR8ZDWDS96UYMZ1XP,3L55M9M85ZS1S5PUVRTR8IQBBKCO9N,Language study,A 15-minute experiment where you play a language game with another turker.,language experiment study communication stanford fun cognitive science,$1.70,Wed Nov 23 09:14:37 PST 2016,120,0,1,0,Unassignable,NotReviewed,1 cond,4800,60000,Wed Nov 23 12:14:45 PST 2016,https://requester.mturk.com/mturk/manageHIT?HITId=33KGGVH24TGM8IR8ZDWDS96UYMZ1XP,3U088ZLJVKSAYDZUJR1T0551MJ7W0B,66,Submitted,Thu Nov 24 02:45:56 PST 2016,Wed Nov 23 09:50:24 PST 2016,Wed Nov 23 10:05:56 PST 2016,,,,,,"""5388-a""",[]
67,427822,5388-a,yes,,okay,speaker,yes,33KGGVH24TGM8IR8ZDWDS96UYMZ1XP,3L55M9M85ZS1S5PUVRTR8IQBBKCO9N,Language study,A 15-minute experiment where you play a language game with another turker.,language experiment study communication stanford fun cognitive science,$1.70,Wed Nov 23 09:14:37 PST 2016,120,0,1,0,Unassignable,NotReviewed,1 cond,4800,60000,Wed Nov 23 12:14:45 PST 2016,https://requester.mturk.com/mturk/manageHIT?HITId=33KGGVH24TGM8IR8ZDWDS96UYMZ1XP,3IAS3U3I0FFP6K4X3N9BWFLV9G6B2R,67,Submitted,Thu Nov 24 02:46:00 PST 2016,Wed Nov 23 09:16:14 PST 2016,Wed Nov 23 10:06:00 PST 2016,,,,,,"""5388-a""",[]
68,524618,4624-5,yes,Thanks!,liked,speaker,yes,33KGGVH24TGM8IR8ZDWDS96UYMZ1XP,3L55M9M85ZS1S5PUVRTR8IQBBKCO9N,Language study,A 15-minute experiment where you play a language game with another turker.,language experiment study communication stanford fun cognitive science,$1.70,Wed Nov 23 09:14:37 PST 2016,120,0,1,0,Unassignable,NotReviewed,1 cond,4800,60000,Wed Nov 23 12:14:45 PST 2016,https://requester.mturk.com/mturk/manageHIT?HITId=33KGGVH24TGM8IR8ZDWDS96UYMZ1XP,3OUYGIZWR7XKE42T75NY8BX5TM4P09,68,Submitted,Thu Nov 24 02:48:20 PST 2016,Wed Nov 23 09:52:25 PST 2016,Wed Nov 23 10:08:20 PST 2016,,,,,,"""4624-5""",[]
69,522708,4624-5,yes,Pretty enjoyable.  I had a quite competent partner,loved,listener,yes,33KGGVH24TGM8IR8ZDWDS96UYMZ1XP,3L55M9M85ZS1S5PUVRTR8IQBBKCO9N,Language study,A 15-minute experiment where you play a language game with another turker.,language experiment study communication stanford fun cognitive science,$1.70,Wed Nov 23 09:14:37 PST 2016,120,0,1,0,Unassignable,NotReviewed,1 cond,4800,60000,Wed Nov 23 12:14:45 PST 2016,https://requester.mturk.com/mturk/manageHIT?HITId=33KGGVH24TGM8IR8ZDWDS96UYMZ1XP,3GFK2QRXX9G9TKLVGX75H01S3REW5S,69,Submitted,Thu Nov 24 02:49:01 PST 2016,Wed Nov 23 09:16:21 PST 2016,Wed Nov 23 10:09:01 PST 2016,,,,,,"""4624-5""",[]
70,343936,4724-8,yes,My partner kicked ass,loved,listener,yes,33KGGVH24TGM8IR8ZDWDS96UYMZ1XP,3L55M9M85ZS1S5PUVRTR8IQBBKCO9N,Language study,A 15-minute experiment where you play a language game with another turker.,language experiment study communication stanford fun cognitive science,$1.70,Wed Nov 23 09:14:37 PST 2016,120,0,1,0,Unassignable,NotReviewed,1 cond,4800,60000,Wed Nov 23 12:14:45 PST 2016,https://requester.mturk.com/mturk/manageHIT?HITId=33KGGVH24TGM8IR8ZDWDS96UYMZ1XP,3DI28L7YXADGO2YLUABNS4HBK751E0,70,Submitted,Thu Nov 24 02:49:24 PST 2016,Wed Nov 23 09:16:06 PST 2016,Wed Nov 23 10:09:24 PST 2016,,,,,,"""4724-8""",[]
71,447121,4724-8,yes,No other comments.,loved,speaker,yes,33KGGVH24TGM8IR8ZDWDS96UYMZ1XP,3L55M9M85ZS1S5PUVRTR8IQBBKCO9N,Language study,A 15-minute experiment where you play a language game with another turker.,language experiment study communication stanford fun cognitive science,$1.70,Wed Nov 23 09:14:37 PST 2016,120,0,1,0,Unassignable,NotReviewed,1 cond,4800,60000,Wed Nov 23 12:14:45 PST 2016,https://requester.mturk.com/mturk/manageHIT?HITId=33KGGVH24TGM8IR8ZDWDS96UYMZ1XP,3K5TEWLKGVA8QJG5X7L3K7MJ14NIVJ,71,Submitted,Thu Nov 24 02:49:30 PST 2016,Wed Nov 23 09:57:16 PST 2016,Wed Nov 23 10:09:30 PST 2016,,,,,,"""4724-8""",[]
72,677545,4924-4,yes,My partner was a slow responder but was otherwise fine.,okay,speaker,yes,33KGGVH24TGM8IR8ZDWDS96UYMZ1XP,3L55M9M85ZS1S5PUVRTR8IQBBKCO9N,Language study,A 15-minute experiment where you play a language game with another turker.,language experiment study communication stanford fun cognitive science,$1.70,Wed Nov 23 09:14:37 PST 2016,120,0,1,0,Unassignable,NotReviewed,1 cond,4800,60000,Wed Nov 23 12:14:45 PST 2016,https://requester.mturk.com/mturk/manageHIT?HITId=33KGGVH24TGM8IR8ZDWDS96UYMZ1XP,336YQZE83VDDO8RHCV1I82Z15P55MF,72,Submitted,Thu Nov 24 02:49:48 PST 2016,Wed Nov 23 09:53:41 PST 2016,Wed Nov 23 10:09:48 PST 2016,,,,,,"""4924-4""",[]
73,311466,9959-2,yes,,loved,speaker,yes,33KGGVH24TGM8IR8ZDWDS96UYMZ1XP,3L55M9M85ZS1S5PUVRTR8IQBBKCO9N,Language study,A 15-minute experiment where you play a language game with another turker.,language experiment study communication stanford fun cognitive science,$1.70,Wed Nov 23 09:14:37 PST 2016,120,0,1,0,Unassignable,NotReviewed,1 cond,4800,60000,Wed Nov 23 12:14:45 PST 2016,https://requester.mturk.com/mturk/manageHIT?HITId=33KGGVH24TGM8IR8ZDWDS96UYMZ1XP,3U84XHCDICCVRWM0DF82BCPWKXNZ4G,73,Submitted,Thu Nov 24 02:54:21 PST 2016,Wed Nov 23 09:16:30 PST 2016,Wed Nov 23 10:14:21 PST 2016,,,,,,"""9959-2""",[]
74,293311,9959-2,yes,"I had a great partner! Usually in this type of interactive task I get the hard job of doing the typing- so it was fun to be the guesser. :) Best wishes with your research.",loved,listener,yes,33KGGVH24TGM8IR8ZDWDS96UYMZ1XP,3L55M9M85ZS1S5PUVRTR8IQBBKCO9N,Language study,A 15-minute experiment where you play a language game with another turker.,language experiment study communication stanford fun cognitive science,$1.70,Wed Nov 23 09:14:37 PST 2016,120,0,1,0,Unassignable,NotReviewed,1 cond,4800,60000,Wed Nov 23 12:14:45 PST 2016,https://requester.mturk.com/mturk/manageHIT?HITId=33KGGVH24TGM8IR8ZDWDS96UYMZ1XP,3Z7ISHFUH0UWAX92PIYFSO51MJJZ8N,74,Submitted,Thu Nov 24 02:54:46 PST 2016,Wed Nov 23 10:01:24 PST 2016,Wed Nov 23 10:14:46 PST 2016,,,,,,"""9959-2""",[]
75,755180,9423-c,yes,,okay,speaker,yes,33KGGVH24TGM8IR8ZDWDS96UYMZ1XP,3L55M9M85ZS1S5PUVRTR8IQBBKCO9N,Language study,A 15-minute experiment where you play a language game with another turker.,language experiment study communication stanford fun cognitive science,$1.70,Wed Nov 23 09:14:37 PST 2016,120,0,1,0,Unassignable,NotReviewed,1 cond,4800,60000,Wed Nov 23 12:14:45 PST 2016,https://requester.mturk.com/mturk/manageHIT?HITId=33KGGVH24TGM8IR8ZDWDS96UYMZ1XP,3I33IC7ZWF1KNAZ5X99F141PRYQA20,75,Submitted,Thu Nov 24 02:57:36 PST 2016,Wed Nov 23 10:03:12 PST 2016,Wed Nov 23 10:17:36 PST 2016,,,,,,"""9423-c""",[]
76,639523,0717-c,yes,,liked,speaker,yes,33KGGVH24TGM8IR8ZDWDS96UYMZ1XP,3L55M9M85ZS1S5PUVRTR8IQBBKCO9N,Language study,A 15-minute experiment where you play a language game with another turker.,language experiment study communication stanford fun cognitive science,$1.70,Wed Nov 23 09:14:37 PST 2016,120,0,1,0,Unassignable,NotReviewed,1 cond,4800,60000,Wed Nov 23 12:14:45 PST 2016,https://requester.mturk.com/mturk/manageHIT?HITId=33KGGVH24TGM8IR8ZDWDS96UYMZ1XP,3RXPCZQMQPAE8GUC051BS72NXNPG11,76,Submitted,Thu Nov 24 02:58:05 PST 2016,Wed Nov 23 10:05:37 PST 2016,Wed Nov 23 10:18:05 PST 2016,,,,,,"""0717-c""",[]
77,573556,0717-c,yes,,loved,listener,yes,33KGGVH24TGM8IR8ZDWDS96UYMZ1XP,3L55M9M85ZS1S5PUVRTR8IQBBKCO9N,Language study,A 15-minute experiment where you play a language game with another turker.,language experiment study communication stanford fun cognitive science,$1.70,Wed Nov 23 09:14:37 PST 2016,120,0,1,0,Unassignable,NotReviewed,1 cond,4800,60000,Wed Nov 23 12:14:45 PST 2016,https://requester.mturk.com/mturk/manageHIT?HITId=33KGGVH24TGM8IR8ZDWDS96UYMZ1XP,38BQUHLA9WZZWIXZHAXHH8ZSMK5OMY,77,Submitted,Thu Nov 24 02:58:08 PST 2016,Wed Nov 23 09:16:09 PST 2016,Wed Nov 23 10:18:08 PST 2016,,,,,,"""0717-c""",[]
78,652813,9423-c,yes,,liked,listener,yes,33KGGVH24TGM8IR8ZDWDS96UYMZ1XP,3L55M9M85ZS1S5PUVRTR8IQBBKCO9N,Language study,A 15-minute experiment where you play a language game with another turker.,language experiment study communication stanford fun cognitive science,$1.70,Wed Nov 23 09:14:37 PST 2016,120,0,1,0,Unassignable,NotReviewed,1 cond,4800,60000,Wed Nov 23 12:14:45 PST 2016,https://requester.mturk.com/mturk/manageHIT?HITId=33KGGVH24TGM8IR8ZDWDS96UYMZ1XP,3R9WASFE2ZF5PCJPXW4L2GMN9N1ZF9,78,Submitted,Thu Nov 24 02:58:16 PST 2016,Wed Nov 23 10:03:12 PST 2016,Wed Nov 23 10:18:16 PST 2016,,,,,,"""9423-c""",[]
79,307663,9994-5,yes,,okay,listener,yes,33KGGVH24TGM8IR8ZDWDS96UYMZ1XP,3L55M9M85ZS1S5PUVRTR8IQBBKCO9N,Language study,A 15-minute experiment where you play a language game with another turker.,language experiment study communication stanford fun cognitive science,$1.70,Wed Nov 23 09:14:37 PST 2016,120,0,1,0,Unassignable,NotReviewed,1 cond,4800,60000,Wed Nov 23 12:14:45 PST 2016,https://requester.mturk.com/mturk/manageHIT?HITId=33KGGVH24TGM8IR8ZDWDS96UYMZ1XP,36V4Q8R5ZKZ2HUAFWNPL6DUS1LOMQ5,79,Submitted,Thu Nov 24 03:00:47 PST 2016,Wed Nov 23 09:20:07 PST 2016,Wed Nov 23 10:20:47 PST 2016,,,,,,"""9994-5""",[]
80,338501,9994-5,yes,very fun thanks,loved,speaker,yes,33KGGVH24TGM8IR8ZDWDS96UYMZ1XP,3L55M9M85ZS1S5PUVRTR8IQBBKCO9N,Language study,A 15-minute experiment where you play a language game with another turker.,language experiment study communication stanford fun cognitive science,$1.70,Wed Nov 23 09:14:37 PST 2016,120,0,1,0,Unassignable,NotReviewed,1 cond,4800,60000,Wed Nov 23 12:14:45 PST 2016,https://requester.mturk.com/mturk/manageHIT?HITId=33KGGVH24TGM8IR8ZDWDS96UYMZ1XP,3180JW2OT4BNN0LW9YOQSA7K1V5J5K,80,Submitted,Thu Nov 24 03:00:49 PST 2016,Wed Nov 23 09:17:04 PST 2016,Wed Nov 23 10:20:49 PST 2016,,,,,,"""9994-5""",[]
81,765096,1638-6,yes,I loved doing this,loved,speaker,yes,33KGGVH24TGM8IR8ZDWDS96UYMZ1XP,3L55M9M85ZS1S5PUVRTR8IQBBKCO9N,Language study,A 15-minute experiment where you play a language game with another turker.,language experiment study communication stanford fun cognitive science,$1.70,Wed Nov 23 09:14:37 PST 2016,120,0,1,0,Unassignable,NotReviewed,1 cond,4800,60000,Wed Nov 23 12:14:45 PST 2016,https://requester.mturk.com/mturk/manageHIT?HITId=33KGGVH24TGM8IR8ZDWDS96UYMZ1XP,3JJVG1YBEBWH5HNKL6B9UMO7TQXB5S,81,Submitted,Thu Nov 24 03:01:32 PST 2016,Wed Nov 23 09:16:17 PST 2016,Wed Nov 23 10:21:32 PST 2016,,,,,,"""1638-6""",[]
82,766294,1638-6,yes,no,not much,listener,yes,33KGGVH24TGM8IR8ZDWDS96UYMZ1XP,3L55M9M85ZS1S5PUVRTR8IQBBKCO9N,Language study,A 15-minute experiment where you play a language game with another turker.,language experiment study communication stanford fun cognitive science,$1.70,Wed Nov 23 09:14:37 PST 2016,120,0,1,0,Unassignable,NotReviewed,1 cond,4800,60000,Wed Nov 23 12:14:45 PST 2016,https://requester.mturk.com/mturk/manageHIT?HITId=33KGGVH24TGM8IR8ZDWDS96UYMZ1XP,3QJOXOW4XJQDKRKANWULCW5EII4MEX,82,Submitted,Thu Nov 24 03:01:39 PST 2016,Wed Nov 23 10:02:12 PST 2016,Wed Nov 23 10:21:39 PST 2016,,,,,,"""1638-6""",[]
83,324153,3684-2,yes,No,loved,speaker,yes,33KGGVH24TGM8IR8ZDWDS96UYMZ1XP,3L55M9M85ZS1S5PUVRTR8IQBBKCO9N,Language study,A 15-minute experiment where you play a language game with another turker.,language experiment study communication stanford fun cognitive science,$1.70,Wed Nov 23 09:14:37 PST 2016,120,0,1,0,Unassignable,NotReviewed,1 cond,4800,60000,Wed Nov 23 12:14:45 PST 2016,https://requester.mturk.com/mturk/manageHIT?HITId=33KGGVH24TGM8IR8ZDWDS96UYMZ1XP,32VNZTT0A73MP5093YEPP9NXBG4R4F,83,Submitted,Thu Nov 24 03:01:45 PST 2016,Wed Nov 23 09:16:06 PST 2016,Wed Nov 23 10:21:45 PST 2016,,,,,,"""3684-2""",[]
84,316672,3684-2,yes,None,okay,listener,yes,33KGGVH24TGM8IR8ZDWDS96UYMZ1XP,3L55M9M85ZS1S5PUVRTR8IQBBKCO9N,Language study,A 15-minute experiment where you play a language game with another turker.,language experiment study communication stanford fun cognitive science,$1.70,Wed Nov 23 09:14:37 PST 2016,120,0,1,0,Unassignable,NotReviewed,1 cond,4800,60000,Wed Nov 23 12:14:45 PST 2016,https://requester.mturk.com/mturk/manageHIT?HITId=33KGGVH24TGM8IR8ZDWDS96UYMZ1XP,3NG53N1RLVI2WT7W290D1Q3NCKD8PC,84,Submitted,Thu Nov 24 03:01:58 PST 2016,Wed Nov 23 09:16:25 PST 2016,Wed Nov 23 10:21:58 PST 2016,,,,,,"""3684-2""",[]
85,871966,5207-6,yes,good to work.,liked,speaker,yes,33KGGVH24TGM8IR8ZDWDS96UYMZ1XP,3L55M9M85ZS1S5PUVRTR8IQBBKCO9N,Language study,A 15-minute experiment where you play a language game with another turker.,language experiment study communication stanford fun cognitive science,$1.70,Wed Nov 23 09:14:37 PST 2016,120,0,1,0,Unassignable,NotReviewed,1 cond,4800,60000,Wed Nov 23 12:14:45 PST 2016,https://requester.mturk.com/mturk/manageHIT?HITId=33KGGVH24TGM8IR8ZDWDS96UYMZ1XP,3Z7EFSHGN9D9H5Z05CQZXPL94ACCXF,85,Submitted,Thu Nov 24 03:04:38 PST 2016,Wed Nov 23 10:03:55 PST 2016,Wed Nov 23 10:24:38 PST 2016,,,,,,"""5207-6""",[]
86,844506,5207-6,yes,no,okay,listener,yes,33KGGVH24TGM8IR8ZDWDS96UYMZ1XP,3L55M9M85ZS1S5PUVRTR8IQBBKCO9N,Language study,A 15-minute experiment where you play a language game with another turker.,language experiment study communication stanford fun cognitive science,$1.70,Wed Nov 23 09:14:37 PST 2016,120,0,1,0,Unassignable,NotReviewed,1 cond,4800,60000,Wed Nov 23 12:14:45 PST 2016,https://requester.mturk.com/mturk/manageHIT?HITId=33KGGVH24TGM8IR8ZDWDS96UYMZ1XP,36DSNE9QZ5X9VAREEDKP1G7BIQAOJU,86,Submitted,Thu Nov 24 03:04:44 PST 2016,Wed Nov 23 09:16:06 PST 2016,Wed Nov 23 10:24:44 PST 2016,,,,,,"""5207-6""",[]
87,273024,5106-7,yes,,liked,listener,yes,33KGGVH24TGM8IR8ZDWDS96UYMZ1XP,3L55M9M85ZS1S5PUVRTR8IQBBKCO9N,Language study,A 15-minute experiment where you play a language game with another turker.,language experiment study communication stanford fun cognitive science,$1.70,Wed Nov 23 09:14:37 PST 2016,120,0,1,0,Unassignable,NotReviewed,1 cond,4800,60000,Wed Nov 23 12:14:45 PST 2016,https://requester.mturk.com/mturk/manageHIT?HITId=33KGGVH24TGM8IR8ZDWDS96UYMZ1XP,3LUY3GC63ZZYWF2DS487NQ7S10CP7B,87,Submitted,Thu Nov 24 03:04:46 PST 2016,Wed Nov 23 10:15:38 PST 2016,Wed Nov 23 10:24:46 PST 2016,,,,,,"""5106-7""",[]
88,309354,5106-7,yes,no,okay,speaker,yes,33KGGVH24TGM8IR8ZDWDS96UYMZ1XP,3L55M9M85ZS1S5PUVRTR8IQBBKCO9N,Language study,A 15-minute experiment where you play a language game with another turker.,language experiment study communication stanford fun cognitive science,$1.70,Wed Nov 23 09:14:37 PST 2016,120,0,1,0,Unassignable,NotReviewed,1 cond,4800,60000,Wed Nov 23 12:14:45 PST 2016,https://requester.mturk.com/mturk/manageHIT?HITId=33KGGVH24TGM8IR8ZDWDS96UYMZ1XP,35BLDD71I6WUL95FXB9PK2P9XHKVZO,88,Submitted,Thu Nov 24 03:04:49 PST 2016,Wed Nov 23 09:16:15 PST 2016,Wed Nov 23 10:24:49 PST 2016,,,,,,"""5106-7""",[]
89,552975,3309-6,yes,Thanks!,loved,speaker,yes,33KGGVH24TGM8IR8ZDWDS96UYMZ1XP,3L55M9M85ZS1S5PUVRTR8IQBBKCO9N,Language study,A 15-minute experiment where you play a language game with another turker.,language experiment study communication stanford fun cognitive science,$1.70,Wed Nov 23 09:14:37 PST 2016,120,0,1,0,Unassignable,NotReviewed,1 cond,4800,60000,Wed Nov 23 12:14:45 PST 2016,https://requester.mturk.com/mturk/manageHIT?HITId=33KGGVH24TGM8IR8ZDWDS96UYMZ1XP,340UGXU9DY0DZAB5ROAH3AAUVZ5VUZ,89,Submitted,Thu Nov 24 03:06:04 PST 2016,Wed Nov 23 09:16:11 PST 2016,Wed Nov 23 10:26:04 PST 2016,,,,,,"""3309-6""",[]
90,434261,3309-6,yes,VERY FUN ONE,loved,listener,yes,33KGGVH24TGM8IR8ZDWDS96UYMZ1XP,3L55M9M85ZS1S5PUVRTR8IQBBKCO9N,Language study,A 15-minute experiment where you play a language game with another turker.,language experiment study communication stanford fun cognitive science,$1.70,Wed Nov 23 09:14:37 PST 2016,120,0,1,0,Unassignable,NotReviewed,1 cond,4800,60000,Wed Nov 23 12:14:45 PST 2016,https://requester.mturk.com/mturk/manageHIT?HITId=33KGGVH24TGM8IR8ZDWDS96UYMZ1XP,3IXQG4FA2TX064PWOWOQ62T9FMGB9J,90,Submitted,Thu Nov 24 03:06:07 PST 2016,Wed Nov 23 09:16:20 PST 2016,Wed Nov 23 10:26:07 PST 2016,,,,,,"""3309-6""",[]
91,920757,5738-a,no,fun experiment,loved,speaker,yes,33KGGVH24TGM8IR8ZDWDS96UYMZ1XP,3L55M9M85ZS1S5PUVRTR8IQBBKCO9N,Language study,A 15-minute experiment where you play a language game with another turker.,language experiment study communication stanford fun cognitive science,$1.70,Wed Nov 23 09:14:37 PST 2016,120,0,1,0,Unassignable,NotReviewed,1 cond,4800,60000,Wed Nov 23 12:14:45 PST 2016,https://requester.mturk.com/mturk/manageHIT?HITId=33KGGVH24TGM8IR8ZDWDS96UYMZ1XP,3EF8EXOTT1UOZIKD8BMEPKU3PF11JL,91,Submitted,Thu Nov 24 03:08:23 PST 2016,Wed Nov 23 09:16:13 PST 2016,Wed Nov 23 10:28:23 PST 2016,,,,,,"""5738-a""",[]
92,914242,5738-a,yes,"That was fun- make more hits like this! Thanks for an enjoyable and fairly paid hit.",loved,listener,yes,33KGGVH24TGM8IR8ZDWDS96UYMZ1XP,3L55M9M85ZS1S5PUVRTR8IQBBKCO9N,Language study,A 15-minute experiment where you play a language game with another turker.,language experiment study communication stanford fun cognitive science,$1.70,Wed Nov 23 09:14:37 PST 2016,120,0,1,0,Unassignable,NotReviewed,1 cond,4800,60000,Wed Nov 23 12:14:45 PST 2016,https://requester.mturk.com/mturk/manageHIT?HITId=33KGGVH24TGM8IR8ZDWDS96UYMZ1XP,33LKR6A5KEJIDLGIK50IRQHCNHU1TS,92,Submitted,Thu Nov 24 03:08:29 PST 2016,Wed Nov 23 09:36:21 PST 2016,Wed Nov 23 10:28:29 PST 2016,,,,,,"""5738-a""",[]
93,479217,8931-5,yes,Fun activity!,not much,listener,yes,33KGGVH24TGM8IR8ZDWDS96UYMZ1XP,3L55M9M85ZS1S5PUVRTR8IQBBKCO9N,Language study,A 15-minute experiment where you play a language game with another turker.,language experiment study communication stanford fun cognitive science,$1.70,Wed Nov 23 09:14:37 PST 2016,120,0,1,0,Unassignable,NotReviewed,1 cond,4800,60000,Wed Nov 23 12:14:45 PST 2016,https://requester.mturk.com/mturk/manageHIT?HITId=33KGGVH24TGM8IR8ZDWDS96UYMZ1XP,3GD6L00D3SWE0QQYB8Z65CMKT9W1MP,93,Submitted,Thu Nov 24 03:09:33 PST 2016,Wed Nov 23 09:16:15 PST 2016,Wed Nov 23 10:29:33 PST 2016,,,,,,"""8931-5""",[]
94,506854,8931-5,yes,,okay,speaker,yes,33KGGVH24TGM8IR8ZDWDS96UYMZ1XP,3L55M9M85ZS1S5PUVRTR8IQBBKCO9N,Language study,A 15-minute experiment where you play a language game with another turker.,language experiment study communication stanford fun cognitive science,$1.70,Wed Nov 23 09:14:37 PST 2016,120,0,1,0,Unassignable,NotReviewed,1 cond,4800,60000,Wed Nov 23 12:14:45 PST 2016,https://requester.mturk.com/mturk/manageHIT?HITId=33KGGVH24TGM8IR8ZDWDS96UYMZ1XP,3GU1KF0O4I0LYR535LKNSSTOKQ4BPK,94,Submitted,Thu Nov 24 03:09:33 PST 2016,Wed Nov 23 10:15:41 PST 2016,Wed Nov 23 10:29:33 PST 2016,,,,,,"""8931-5""",[]
95,414410,2199-2,yes,:),loved,listener,yes,33KGGVH24TGM8IR8ZDWDS96UYMZ1XP,3L55M9M85ZS1S5PUVRTR8IQBBKCO9N,Language study,A 15-minute experiment where you play a language game with another turker.,language experiment study communication stanford fun cognitive science,$1.70,Wed Nov 23 09:14:37 PST 2016,120,0,1,0,Unassignable,NotReviewed,1 cond,4800,60000,Wed Nov 23 12:14:45 PST 2016,https://requester.mturk.com/mturk/manageHIT?HITId=33KGGVH24TGM8IR8ZDWDS96UYMZ1XP,37Z929RLG97I75FCXOF2NR4LDH4TS1,95,Submitted,Thu Nov 24 03:10:12 PST 2016,Wed Nov 23 09:16:10 PST 2016,Wed Nov 23 10:30:12 PST 2016,,,,,,"""2199-2""",[]
96,163761,4975-2,yes,I didn&quotechart get to actually play. I don&quotechart know what happened.,not much,listener,yes,33KGGVH24TGM8IR8ZDWDS96UYMZ1XP,3L55M9M85ZS1S5PUVRTR8IQBBKCO9N,Language study,A 15-minute experiment where you play a language game with another turker.,language experiment study communication stanford fun cognitive science,$1.70,Wed Nov 23 09:14:37 PST 2016,120,0,1,0,Unassignable,NotReviewed,1 cond,4800,60000,Wed Nov 23 12:14:45 PST 2016,https://requester.mturk.com/mturk/manageHIT?HITId=33KGGVH24TGM8IR8ZDWDS96UYMZ1XP,3HOSI13XHZN5OR0XE8KYNO0Z9SDDDF,96,Submitted,Thu Nov 24 03:10:12 PST 2016,Wed Nov 23 10:22:54 PST 2016,Wed Nov 23 10:30:12 PST 2016,,,,,,"""4975-2""",[]
97,523541,2199-2,yes,"it was fun- thanks!!",liked,speaker,yes,33KGGVH24TGM8IR8ZDWDS96UYMZ1XP,3L55M9M85ZS1S5PUVRTR8IQBBKCO9N,Language study,A 15-minute experiment where you play a language game with another turker.,language experiment study communication stanford fun cognitive science,$1.70,Wed Nov 23 09:14:37 PST 2016,120,0,1,0,Unassignable,NotReviewed,1 cond,4800,60000,Wed Nov 23 12:14:45 PST 2016,https://requester.mturk.com/mturk/manageHIT?HITId=33KGGVH24TGM8IR8ZDWDS96UYMZ1XP,30LB5CDZNC9ES84ZUEL0Z9ZJ3L7Z00,97,Submitted,Thu Nov 24 03:10:21 PST 2016,Wed Nov 23 10:06:51 PST 2016,Wed Nov 23 10:30:21 PST 2016,,,,,,"""2199-2""",[]
98,374216,0686-a,yes,,liked,listener,yes,33KGGVH24TGM8IR8ZDWDS96UYMZ1XP,3L55M9M85ZS1S5PUVRTR8IQBBKCO9N,Language study,A 15-minute experiment where you play a language game with another turker.,language experiment study communication stanford fun cognitive science,$1.70,Wed Nov 23 09:14:37 PST 2016,120,0,1,0,Unassignable,NotReviewed,1 cond,4800,60000,Wed Nov 23 12:14:45 PST 2016,https://requester.mturk.com/mturk/manageHIT?HITId=33KGGVH24TGM8IR8ZDWDS96UYMZ1XP,3R08VXYT7CUOGOZE4QM2FKFOUX9W77,98,Submitted,Thu Nov 24 03:12:26 PST 2016,Wed Nov 23 10:06:51 PST 2016,Wed Nov 23 10:32:26 PST 2016,,,,,,"""0686-a""",[]
99,451882,0686-a,yes,,loved,speaker,yes,33KGGVH24TGM8IR8ZDWDS96UYMZ1XP,3L55M9M85ZS1S5PUVRTR8IQBBKCO9N,Language study,A 15-minute experiment where you play a language game with another turker.,language experiment study communication stanford fun cognitive science,$1.70,Wed Nov 23 09:14:37 PST 2016,120,0,1,0,Unassignable,NotReviewed,1 cond,4800,60000,Wed Nov 23 12:14:45 PST 2016,https://requester.mturk.com/mturk/manageHIT?HITId=33KGGVH24TGM8IR8ZDWDS96UYMZ1XP,3TVSS0C0E1ZBEMWLHTP3KG76JU0TWG,99,Submitted,Thu Nov 24 03:12:28 PST 2016,Wed Nov 23 09:16:12 PST 2016,Wed Nov 23 10:32:28 PST 2016,,,,,,"""0686-a""",[]
100,359959,3829-3,yes,This seemed too easy to be legit.  ,okay,speaker,yes,33KGGVH24TGM8IR8ZDWDS96UYMZ1XP,3L55M9M85ZS1S5PUVRTR8IQBBKCO9N,Language study,A 15-minute experiment where you play a language game with another turker.,language experiment study communication stanford fun cognitive science,$1.70,Wed Nov 23 09:14:37 PST 2016,120,0,1,0,Unassignable,NotReviewed,1 cond,4800,60000,Wed Nov 23 12:14:45 PST 2016,https://requester.mturk.com/mturk/manageHIT?HITId=33KGGVH24TGM8IR8ZDWDS96UYMZ1XP,3FPRZHYEPY6T0GYMC4EGG1KUIMP3V3,100,Submitted,Thu Nov 24 03:17:06 PST 2016,Wed Nov 23 09:44:49 PST 2016,Wed Nov 23 10:37:06 PST 2016,,,,,,"""3829-3""",[]
101,398622,3829-3,no,I think I hit one wrongly when the a car alarm went off outside.,loved,listener,yes,33KGGVH24TGM8IR8ZDWDS96UYMZ1XP,3L55M9M85ZS1S5PUVRTR8IQBBKCO9N,Language study,A 15-minute experiment where you play a language game with another turker.,language experiment study communication stanford fun cognitive science,$1.70,Wed Nov 23 09:14:37 PST 2016,120,0,1,0,Unassignable,NotReviewed,1 cond,4800,60000,Wed Nov 23 12:14:45 PST 2016,https://requester.mturk.com/mturk/manageHIT?HITId=33KGGVH24TGM8IR8ZDWDS96UYMZ1XP,3KWTYT08702TIQ9WCJ038PKC5KHL5V,101,Submitted,Thu Nov 24 03:17:45 PST 2016,Wed Nov 23 10:23:03 PST 2016,Wed Nov 23 10:37:45 PST 2016,,,,,,"""3829-3""",[]
102,617078,1110-0,yes,I just realized I have done a similar experiment to this one involving colors.,loved,speaker,yes,33KGGVH24TGM8IR8ZDWDS96UYMZ1XP,3L55M9M85ZS1S5PUVRTR8IQBBKCO9N,Language study,A 15-minute experiment where you play a language game with another turker.,language experiment study communication stanford fun cognitive science,$1.70,Wed Nov 23 09:14:37 PST 2016,120,0,1,0,Unassignable,NotReviewed,1 cond,4800,60000,Wed Nov 23 12:14:45 PST 2016,https://requester.mturk.com/mturk/manageHIT?HITId=33KGGVH24TGM8IR8ZDWDS96UYMZ1XP,3KB8R4ZV1E6FLEC422U0YJFWJZHGBL,102,Submitted,Thu Nov 24 03:18:11 PST 2016,Wed Nov 23 10:22:23 PST 2016,Wed Nov 23 10:38:11 PST 2016,,,,,,"""1110-0""",[]
103,461196,1110-0,yes,"Once I got my partner to simplify the message- we got on a roll. Fun. Thanks for the opportunity!",liked,listener,yes,33KGGVH24TGM8IR8ZDWDS96UYMZ1XP,3L55M9M85ZS1S5PUVRTR8IQBBKCO9N,Language study,A 15-minute experiment where you play a language game with another turker.,language experiment study communication stanford fun cognitive science,$1.70,Wed Nov 23 09:14:37 PST 2016,120,0,1,0,Unassignable,NotReviewed,1 cond,4800,60000,Wed Nov 23 12:14:45 PST 2016,https://requester.mturk.com/mturk/manageHIT?HITId=33KGGVH24TGM8IR8ZDWDS96UYMZ1XP,3EG49X351UBK1OQZVLDWBPTZ8OX6XD,103,Submitted,Thu Nov 24 03:18:18 PST 2016,Wed Nov 23 09:26:34 PST 2016,Wed Nov 23 10:38:18 PST 2016,,,,,,"""1110-0""",[]
104,343635,9014-2,yes,no,loved,speaker,yes,33KGGVH24TGM8IR8ZDWDS96UYMZ1XP,3L55M9M85ZS1S5PUVRTR8IQBBKCO9N,Language study,A 15-minute experiment where you play a language game with another turker.,language experiment study communication stanford fun cognitive science,$1.70,Wed Nov 23 09:14:37 PST 2016,120,0,1,0,Unassignable,NotReviewed,1 cond,4800,60000,Wed Nov 23 12:14:45 PST 2016,https://requester.mturk.com/mturk/manageHIT?HITId=33KGGVH24TGM8IR8ZDWDS96UYMZ1XP,3WT783CTPBG242WZ0GYH8SUHL7MBC3,104,Submitted,Thu Nov 24 03:18:34 PST 2016,Wed Nov 23 09:48:51 PST 2016,Wed Nov 23 10:38:34 PST 2016,,,,,,"""9014-2""",[]
105,332494,9014-2,yes,"No other comments- it was a fun survey.",liked,listener,yes,33KGGVH24TGM8IR8ZDWDS96UYMZ1XP,3L55M9M85ZS1S5PUVRTR8IQBBKCO9N,Language study,A 15-minute experiment where you play a language game with another turker.,language experiment study communication stanford fun cognitive science,$1.70,Wed Nov 23 09:14:37 PST 2016,120,0,1,0,Unassignable,NotReviewed,1 cond,4800,60000,Wed Nov 23 12:14:45 PST 2016,https://requester.mturk.com/mturk/manageHIT?HITId=33KGGVH24TGM8IR8ZDWDS96UYMZ1XP,30LSNF239UUZTSI39X1SI2P846XI2E,105,Submitted,Thu Nov 24 03:18:57 PST 2016,Wed Nov 23 10:28:56 PST 2016,Wed Nov 23 10:38:57 PST 2016,,,,,,"""9014-2""",[]
106,782060,8013-4,yes,None,loved,speaker,yes,33KGGVH24TGM8IR8ZDWDS96UYMZ1XP,3L55M9M85ZS1S5PUVRTR8IQBBKCO9N,Language study,A 15-minute experiment where you play a language game with another turker.,language experiment study communication stanford fun cognitive science,$1.70,Wed Nov 23 09:14:37 PST 2016,120,0,1,0,Unassignable,NotReviewed,1 cond,4800,60000,Wed Nov 23 12:14:45 PST 2016,https://requester.mturk.com/mturk/manageHIT?HITId=33KGGVH24TGM8IR8ZDWDS96UYMZ1XP,3L70J4KAZGL7QKXLUYTWXNSTOPHADB,106,Submitted,Thu Nov 24 03:29:03 PST 2016,Wed Nov 23 10:28:58 PST 2016,Wed Nov 23 10:49:03 PST 2016,,,,,,"""8013-4""",[]
107,625222,8013-4,no,,okay,listener,yes,33KGGVH24TGM8IR8ZDWDS96UYMZ1XP,3L55M9M85ZS1S5PUVRTR8IQBBKCO9N,Language study,A 15-minute experiment where you play a language game with another turker.,language experiment study communication stanford fun cognitive science,$1.70,Wed Nov 23 09:14:37 PST 2016,120,0,1,0,Unassignable,NotReviewed,1 cond,4800,60000,Wed Nov 23 12:14:45 PST 2016,https://requester.mturk.com/mturk/manageHIT?HITId=33KGGVH24TGM8IR8ZDWDS96UYMZ1XP,3T111IHZ5EPNMB6LKTAG6HYDX8IR9B,107,Submitted,Thu Nov 24 03:29:21 PST 2016,Wed Nov 23 10:36:12 PST 2016,Wed Nov 23 10:49:21 PST 2016,,,,,,"""8013-4""",[]
108,666268,8116-a,yes,,liked,speaker,yes,33KGGVH24TGM8IR8ZDWDS96UYMZ1XP,3L55M9M85ZS1S5PUVRTR8IQBBKCO9N,Language study,A 15-minute experiment where you play a language game with another turker.,language experiment study communication stanford fun cognitive science,$1.70,Wed Nov 23 09:14:37 PST 2016,120,0,1,0,Unassignable,NotReviewed,1 cond,4800,60000,Wed Nov 23 12:14:45 PST 2016,https://requester.mturk.com/mturk/manageHIT?HITId=33KGGVH24TGM8IR8ZDWDS96UYMZ1XP,3EJJQNKU9R4G1HO4I5Y8JYW1GLYRH9,108,Submitted,Thu Nov 24 03:38:42 PST 2016,Wed Nov 23 10:37:09 PST 2016,Wed Nov 23 10:58:42 PST 2016,,,,,,"""8116-a""",[]
109,675201,8116-a,yes,lots of fun! my partner was fantastic!,loved,listener,yes,33KGGVH24TGM8IR8ZDWDS96UYMZ1XP,3L55M9M85ZS1S5PUVRTR8IQBBKCO9N,Language study,A 15-minute experiment where you play a language game with another turker.,language experiment study communication stanford fun cognitive science,$1.70,Wed Nov 23 09:14:37 PST 2016,120,0,1,0,Unassignable,NotReviewed,1 cond,4800,60000,Wed Nov 23 12:14:45 PST 2016,https://requester.mturk.com/mturk/manageHIT?HITId=33KGGVH24TGM8IR8ZDWDS96UYMZ1XP,3X65QVEQI0MEHBIBRTNBMVQMX14CLV,109,Submitted,Thu Nov 24 03:39:07 PST 2016,Wed Nov 23 10:28:00 PST 2016,Wed Nov 23 10:59:07 PST 2016,,,,,,"""8116-a""",[]
110,502742,6180-c,yes,nope...good HIT,okay,listener,yes,33KGGVH24TGM8IR8ZDWDS96UYMZ1XP,3L55M9M85ZS1S5PUVRTR8IQBBKCO9N,Language study,A 15-minute experiment where you play a language game with another turker.,language experiment study communication stanford fun cognitive science,$1.70,Wed Nov 23 09:14:37 PST 2016,120,0,1,0,Unassignable,NotReviewed,1 cond,4800,60000,Wed Nov 23 12:14:45 PST 2016,https://requester.mturk.com/mturk/manageHIT?HITId=33KGGVH24TGM8IR8ZDWDS96UYMZ1XP,3LRKMWOKB5GLOI7D91PEIXSY0JRZ2K,110,Submitted,Thu Nov 24 03:45:06 PST 2016,Wed Nov 23 10:36:24 PST 2016,Wed Nov 23 11:05:06 PST 2016,,,,,,"""6180-c""",[]
111,879572,6180-c,yes,"That was very fun- thank you!",liked,speaker,yes,33KGGVH24TGM8IR8ZDWDS96UYMZ1XP,3L55M9M85ZS1S5PUVRTR8IQBBKCO9N,Language study,A 15-minute experiment where you play a language game with another turker.,language experiment study communication stanford fun cognitive science,$1.70,Wed Nov 23 09:14:37 PST 2016,120,0,1,0,Unassignable,NotReviewed,1 cond,4800,60000,Wed Nov 23 12:14:45 PST 2016,https://requester.mturk.com/mturk/manageHIT?HITId=33KGGVH24TGM8IR8ZDWDS96UYMZ1XP,340UGXU9DY0DZAB5ROAH3AAUVZBUV4,111,Submitted,Thu Nov 24 03:45:13 PST 2016,Wed Nov 23 10:15:27 PST 2016,Wed Nov 23 11:05:13 PST 2016,,,,,,"""6180-c""",[]
112,532834,4641-2,yes,Thanks for being a requester on Mturk!,okay,listener,yes,33KGGVH24TGM8IR8ZDWDS96UYMZ1XP,3L55M9M85ZS1S5PUVRTR8IQBBKCO9N,Language study,A 15-minute experiment where you play a language game with another turker.,language experiment study communication stanford fun cognitive science,$1.70,Wed Nov 23 09:14:37 PST 2016,120,0,1,0,Unassignable,NotReviewed,1 cond,4800,60000,Wed Nov 23 12:14:45 PST 2016,https://requester.mturk.com/mturk/manageHIT?HITId=33KGGVH24TGM8IR8ZDWDS96UYMZ1XP,3FFJ6VRIL1NSXIFPUAXEZEWT78C0IB,112,Submitted,Thu Nov 24 04:00:00 PST 2016,Wed Nov 23 10:18:01 PST 2016,Wed Nov 23 11:20:00 PST 2016,,,,,,"""4641-2""",[]
113,1118466,4641-2,yes,,okay,speaker,yes,33KGGVH24TGM8IR8ZDWDS96UYMZ1XP,3L55M9M85ZS1S5PUVRTR8IQBBKCO9N,Language study,A 15-minute experiment where you play a language game with another turker.,language experiment study communication stanford fun cognitive science,$1.70,Wed Nov 23 09:14:37 PST 2016,120,0,1,0,Unassignable,NotReviewed,1 cond,4800,60000,Wed Nov 23 12:14:45 PST 2016,https://requester.mturk.com/mturk/manageHIT?HITId=33KGGVH24TGM8IR8ZDWDS96UYMZ1XP,3SKRO2GZ71QJA2QVQWMQQZUG4491KS,113,Submitted,Thu Nov 24 04:00:02 PST 2016,Wed Nov 23 10:58:14 PST 2016,Wed Nov 23 11:20:02 PST 2016,,,,,,"""4641-2""",[]
114,351592,4573-2,yes,,loved,listener,yes,33KGGVH24TGM8IR8ZDWDS96UYMZ1XP,3L55M9M85ZS1S5PUVRTR8IQBBKCO9N,Language study,A 15-minute experiment where you play a language game with another turker.,language experiment study communication stanford fun cognitive science,$1.70,Wed Nov 23 09:14:37 PST 2016,120,0,1,0,Unassignable,NotReviewed,1 cond,4800,60000,Wed Nov 23 12:14:45 PST 2016,https://requester.mturk.com/mturk/manageHIT?HITId=33KGGVH24TGM8IR8ZDWDS96UYMZ1XP,37W3JXSD6677V8VFRZC2SXZLYWJYWB,114,Submitted,Thu Nov 24 04:02:29 PST 2016,Wed Nov 23 10:48:03 PST 2016,Wed Nov 23 11:22:29 PST 2016,,,,,,"""4573-2""",[]
115,373108,4573-2,yes,"Very fun- thanks!",loved,speaker,yes,33KGGVH24TGM8IR8ZDWDS96UYMZ1XP,3L55M9M85ZS1S5PUVRTR8IQBBKCO9N,Language study,A 15-minute experiment where you play a language game with another turker.,language experiment study communication stanford fun cognitive science,$1.70,Wed Nov 23 09:14:37 PST 2016,120,0,1,0,Unassignable,NotReviewed,1 cond,4800,60000,Wed Nov 23 12:14:45 PST 2016,https://requester.mturk.com/mturk/manageHIT?HITId=33KGGVH24TGM8IR8ZDWDS96UYMZ1XP,39GHHAVOMFQ5RHHWVT5GNI161ZAJ4F,115,Submitted,Thu Nov 24 04:02:32 PST 2016,Wed Nov 23 11:14:02 PST 2016,Wed Nov 23 11:22:32 PST 2016,,,,,,"""4573-2""",[]
116,361167,6836-b,yes,,liked,listener,yes,33KGGVH24TGM8IR8ZDWDS96UYMZ1XP,3L55M9M85ZS1S5PUVRTR8IQBBKCO9N,Language study,A 15-minute experiment where you play a language game with another turker.,language experiment study communication stanford fun cognitive science,$1.70,Wed Nov 23 09:14:37 PST 2016,120,0,1,0,Unassignable,NotReviewed,1 cond,4800,60000,Wed Nov 23 12:14:45 PST 2016,https://requester.mturk.com/mturk/manageHIT?HITId=33KGGVH24TGM8IR8ZDWDS96UYMZ1XP,3CFVK00FWLKP1U9AH2A80VYC1FSL6B,116,Submitted,Thu Nov 24 04:15:46 PST 2016,Wed Nov 23 10:22:24 PST 2016,Wed Nov 23 11:35:46 PST 2016,,,,,,"""6836-b""",[]
117,443267,6836-b,yes,"fun- thanks",liked,speaker,yes,33KGGVH24TGM8IR8ZDWDS96UYMZ1XP,3L55M9M85ZS1S5PUVRTR8IQBBKCO9N,Language study,A 15-minute experiment where you play a language game with another turker.,language experiment study communication stanford fun cognitive science,$1.70,Wed Nov 23 09:14:37 PST 2016,120,0,1,0,Unassignable,NotReviewed,1 cond,4800,60000,Wed Nov 23 12:14:45 PST 2016,https://requester.mturk.com/mturk/manageHIT?HITId=33KGGVH24TGM8IR8ZDWDS96UYMZ1XP,3QUO65DNQUNI9Q28QCO38IGMZ6GOUY,117,Submitted,Thu Nov 24 04:15:58 PST 2016,Wed Nov 23 10:33:36 PST 2016,Wed Nov 23 11:35:58 PST 2016,,,,,,"""6836-b""",[]
118,367305,7430-9,no,I never received a single response from the other participant despite numerous attempts at eliciting a reply. ,not much,listener,yes,33KGGVH24TGM8IR8ZDWDS96UYMZ1XP,3L55M9M85ZS1S5PUVRTR8IQBBKCO9N,Language study,A 15-minute experiment where you play a language game with another turker.,language experiment study communication stanford fun cognitive science,$1.70,Wed Nov 23 09:14:37 PST 2016,120,0,1,0,Unassignable,NotReviewed,1 cond,4800,60000,Wed Nov 23 12:14:45 PST 2016,https://requester.mturk.com/mturk/manageHIT?HITId=33KGGVH24TGM8IR8ZDWDS96UYMZ1XP,3UJ1CZ6IZHOGM34MWSX4KBY7XEJ5SN,118,Submitted,Thu Nov 24 04:37:07 PST 2016,Wed Nov 23 11:37:03 PST 2016,Wed Nov 23 11:57:07 PST 2016,,,,,,"""7430-9""",[]
