Item,Color,Utterance,Typicality,CI.low,CI.high,UtteranceType
apple,blue,black,0.072,0.0365,0.121025,color-only
apple,blue,blue,0.904,0.870302083333333,0.934479166666667,color-only
apple,blue,brown,0.06,0.0250969387755102,0.107969387755102,color-only
apple,blue,green,0.106,0.0554642857142857,0.169529761904762,color-only
apple,blue,orange,0.057,0.0138461538461538,0.122711538461538,color-only
apple,blue,purple,0.124,0.04878,0.22882,color-only
apple,blue,red,0.07,0.0213953488372093,0.130011627906977,color-only
apple,blue,yellow,0.067,0.0140740740740741,0.14,color-only
apple,green,black,0.022,0.00909090909090909,0.0415151515151515,color-only
apple,green,blue,0.05,0.0118851351351351,0.111905405405405,color-only
apple,green,brown,0.081,0.0423858695652174,0.125657608695652,color-only
apple,green,green,0.795,0.757080729166667,0.829479166666667,color-only
apple,green,orange,0.028,0.0111538461538462,0.0476923076923077,color-only
apple,green,purple,0.028,0.00966666666666667,0.0503416666666667,color-only
apple,green,red,0.068,0.026725,0.12479375,color-only
apple,green,yellow,0.172,0.121158333333333,0.2308375,color-only
apple,red,black,0.084,0.0458139534883721,0.128843023255814,color-only
apple,red,blue,0.056,0.0213277777777778,0.102911111111111,color-only
apple,red,brown,0.215,0.1469875,0.2827875,color-only
apple,red,green,0.044,0.0221428571428571,0.0709583333333333,color-only
apple,red,orange,0.088,0.0515637254901961,0.126671568627451,color-only
apple,red,purple,0.139,0.0886041666666667,0.193895833333333,color-only
apple,red,red,0.76,0.72375,0.794802083333333,color-only
apple,red,yellow,0.011,0.004,0.02,color-only
avocado,black,black,0.959,0.9337421875,0.980104166666667,color-only
avocado,black,blue,0.075,0.040969512195122,0.11294512195122,color-only
avocado,black,brown,0.097,0.0435714285714286,0.158107142857143,color-only
avocado,black,green,0.046,0.0203571428571429,0.0792857142857143,color-only
avocado,black,orange,0.01,0.0035625,0.0182142857142857,color-only
avocado,black,purple,0.049,0.0213706896551724,0.083801724137931,color-only
avocado,black,red,0.086,0.03198125,0.1510625,color-only
avocado,black,yellow,0.045,0.0168888888888889,0.0802222222222222,color-only
avocado,green,black,0.106,0.0580691489361702,0.168755319148936,color-only
avocado,green,blue,0.062,0.0319565217391304,0.0943478260869565,color-only
avocado,green,brown,0.143,0.09225,0.20001875,color-only
avocado,green,green,0.662,0.614479166666667,0.711989583333333,color-only
avocado,green,orange,0.027,0.0111764705882353,0.0467720588235294,color-only
avocado,green,purple,0.046,0.0209516129032258,0.0764596774193548,color-only
avocado,green,red,0.018,0.00633333333333333,0.0326666666666667,color-only
avocado,green,yellow,0.039,0.0183333333333333,0.0630083333333333,color-only
avocado,red,black,0.096,0.0425645161290323,0.157104838709677,color-only
avocado,red,blue,0.064,0.0307692307692308,0.100269230769231,color-only
avocado,red,brown,0.341,0.265,0.416607954545455,color-only
avocado,red,green,0.066,0.0242307692307692,0.130461538461538,color-only
avocado,red,orange,0.093,0.05155,0.144472222222222,color-only
avocado,red,purple,0.219,0.150221590909091,0.291607954545455,color-only
avocado,red,red,0.509,0.459268229166667,0.558028645833333,color-only
avocado,red,yellow,0.031,0.0167441860465116,0.0472151162790698,color-only
banana,blue,black,0.042,0.0197297297297297,0.0665405405405405,color-only
banana,blue,blue,0.914,0.890205729166667,0.9345859375,color-only
banana,blue,brown,0.025,0.00452380952380952,0.0631011904761905,color-only
banana,blue,green,0.02,0.0107894736842105,0.0318486842105263,color-only
banana,blue,orange,0.085,0.0312121212121212,0.145787878787879,color-only
banana,blue,purple,0.061,0.0228951612903226,0.106451612903226,color-only
banana,blue,red,0.037,0.0037037037037037,0.0988981481481481,color-only
banana,blue,yellow,0.054,0.0205405405405405,0.0908175675675676,color-only
banana,brown,black,0.184,0.110901515151515,0.269128787878788,color-only
banana,brown,blue,0.042,0.0141597222222222,0.0880625,color-only
banana,brown,brown,0.838,0.7891640625,0.8809375,color-only
banana,brown,green,0.06,0.0302173913043478,0.0976141304347826,color-only
banana,brown,orange,0.085,0.0303046875,0.151265625,color-only
banana,brown,purple,0.087,0.0391689189189189,0.144087837837838,color-only
banana,brown,red,0.077,0.0315592105263158,0.135796052631579,color-only
banana,brown,yellow,0.059,0.0223012820512821,0.108980769230769,color-only
banana,yellow,black,0.047,0.02,0.0778048780487805,color-only
banana,yellow,blue,0.063,0.0284875,0.11203125,color-only
banana,yellow,brown,0.094,0.0470202702702703,0.156243243243243,color-only
banana,yellow,green,0.053,0.0248484848484848,0.0869848484848485,color-only
banana,yellow,orange,0.243,0.168514705882353,0.327058823529412,color-only
banana,yellow,purple,0.044,0.0193548387096774,0.0725806451612903,color-only
banana,yellow,red,0.076,0.0305064102564103,0.128980769230769,color-only
banana,yellow,yellow,0.736,0.687276041666667,0.781260416666667,color-only
carrot,brown,black,0.135,0.0631034482758621,0.227939655172414,color-only
carrot,brown,blue,0.042,0.015,0.0743333333333333,color-only
carrot,brown,brown,0.789,0.710583333333333,0.852558823529412,color-only
carrot,brown,green,0.053,0.023325,0.088,color-only
carrot,brown,orange,0.069,0.0267567567567568,0.128135135135135,color-only
carrot,brown,purple,0.055,0.0247222222222222,0.100013888888889,color-only
carrot,brown,red,0.098,0.0361209677419355,0.177112903225806,color-only
carrot,brown,yellow,0.079,0.0275862068965517,0.139327586206897,color-only
carrot,orange,black,0.069,0.033265306122449,0.114505102040816,color-only
carrot,orange,blue,0.056,0.0290852272727273,0.0902272727272727,color-only
carrot,orange,brown,0.143,0.0796764705882353,0.214455882352941,color-only
carrot,orange,green,0.05,0.0228205128205128,0.0830769230769231,color-only
carrot,orange,orange,0.902,0.865625,0.9338671875,color-only
carrot,orange,purple,0.018,0.00757575757575758,0.0312121212121212,color-only
carrot,orange,red,0.176,0.107330882352941,0.250294117647059,color-only
carrot,orange,yellow,0.163,0.102933823529412,0.225308823529412,color-only
carrot,purple,black,0.042,0.01924375,0.06775625,color-only
carrot,purple,blue,0.069,0.0308263888888889,0.118902777777778,color-only
carrot,purple,brown,0.044,0.02424375,0.068,color-only
carrot,purple,green,0.039,0.00793103448275862,0.0869051724137931,color-only
carrot,purple,orange,0.06,0.0239476744186047,0.109081395348837,color-only
carrot,purple,purple,0.875,0.842188775510204,0.910413265306123,color-only
carrot,purple,red,0.161,0.110714285714286,0.22072619047619,color-only
carrot,purple,yellow,0.056,0.0283333333333333,0.0866666666666667,color-only
pear,green,black,0.036,0.0105405405405405,0.0767702702702703,color-only
pear,green,blue,0.07,0.0368777777777778,0.109344444444444,color-only
pear,green,brown,0.059,0.0208428571428571,0.115492857142857,color-only
pear,green,green,0.651,0.601973958333333,0.696153645833333,color-only
pear,green,orange,0.083,0.0383333333333333,0.137526041666667,color-only
pear,green,purple,0.057,0.0214705882352941,0.100301470588235,color-only
pear,green,red,0.054,0.0202702702702703,0.106493243243243,color-only
pear,green,yellow,0.367,0.281913461538462,0.454615384615385,color-only
pear,orange,black,0.062,0.0263265306122449,0.105102040816327,color-only
pear,orange,blue,0.057,0.00999285714285714,0.1315,color-only
pear,orange,brown,0.144,0.0894285714285714,0.2,color-only
pear,orange,green,0.03,0.005,0.0653660714285714,color-only
pear,orange,orange,0.787,0.739268229166667,0.8352265625,color-only
pear,orange,purple,0.057,0.0210743243243243,0.11,color-only
pear,orange,red,0.227,0.162290697674419,0.30071511627907,color-only
pear,orange,yellow,0.09,0.0452777777777778,0.141944444444444,color-only
pear,yellow,black,0.045,0.0206555555555556,0.0795555555555556,color-only
pear,yellow,blue,0.084,0.030527027027027,0.155689189189189,color-only
pear,yellow,brown,0.216,0.150295454545455,0.286681818181818,color-only
pear,yellow,green,0.1,0.0484296875,0.1656328125,color-only
pear,yellow,orange,0.35,0.27173125,0.43325,color-only
pear,yellow,purple,0.051,0.0187096774193548,0.100653225806452,color-only
pear,yellow,red,0.064,0.0266666666666667,0.110006944444444,color-only
pear,yellow,yellow,0.676,0.6272734375,0.721888020833333,color-only
pepper,black,black,0.819,0.739401960784314,0.892191176470588,color-only
pepper,black,blue,0.182,0.1025,0.2641015625,color-only
pepper,black,brown,0.104,0.0563680555555556,0.156111111111111,color-only
pepper,black,green,0.081,0.0372727272727273,0.132121212121212,color-only
pepper,black,orange,0.057,0.0203557692307692,0.102307692307692,color-only
pepper,black,purple,0.093,0.0433125,0.159166666666667,color-only
pepper,black,red,0.078,0.0183229166666667,0.149604166666667,color-only
pepper,black,yellow,0.073,0.0246875,0.13659375,color-only
pepper,green,black,0.059,0.0213837209302326,0.107011627906977,color-only
pepper,green,blue,0.087,0.0409523809523809,0.145005952380952,color-only
pepper,green,brown,0.061,0.0338461538461538,0.0915448717948718,color-only
pepper,green,green,0.914,0.87728125,0.9434375,color-only
pepper,green,orange,0.12,0.0542340425531915,0.202579787234043,color-only
pepper,green,purple,0.02,0.0110810810810811,0.030554054054054,color-only
pepper,green,red,0.056,0.0157894736842105,0.112131578947368,color-only
pepper,green,yellow,0.082,0.0372327586206897,0.137258620689655,color-only
pepper,orange,black,0.023,0.00885,0.0420071428571429,color-only
pepper,orange,blue,0.052,0.013030303030303,0.0994242424242424,color-only
pepper,orange,brown,0.295,0.218018292682927,0.370774390243902,color-only
pepper,orange,green,0.071,0.0391666666666667,0.113369791666667,color-only
pepper,orange,orange,0.781,0.743958333333333,0.8170859375,color-only
pepper,orange,purple,0.052,0.01079,0.116,color-only
pepper,orange,red,0.134,0.08798,0.18482,color-only
pepper,orange,yellow,0.161,0.103977777777778,0.214694444444444,color-only
pepper,red,black,0.057,0.0126923076923077,0.128480769230769,color-only
pepper,red,blue,0.041,0.0137142857142857,0.0842857142857143,color-only
pepper,red,brown,0.085,0.0448779069767442,0.13581976744186,color-only
pepper,red,green,0.073,0.0357906976744186,0.116976744186047,color-only
pepper,red,orange,0.304,0.225475806451613,0.386822580645161,color-only
pepper,red,purple,0.059,0.0255086206896552,0.100008620689655,color-only
pepper,red,red,0.855,0.821033854166667,0.885848958333333,color-only
pepper,red,yellow,0.052,0.026125,0.0815965909090909,color-only
tomato,green,black,0.033,0.0138191489361702,0.0538404255319149,color-only
tomato,green,blue,0.061,0.0145454545454545,0.120909090909091,color-only
tomato,green,brown,0.07,0.0305642857142857,0.120578571428571,color-only
tomato,green,green,0.82,0.783015625,0.858546875,color-only
tomato,green,orange,0.063,0.0352083333333333,0.09584375,color-only
tomato,green,purple,0.052,0.0146985294117647,0.113242647058824,color-only
tomato,green,red,0.049,0.0122857142857143,0.100578571428571,color-only
tomato,green,yellow,0.093,0.0481171875,0.1425078125,color-only
tomato,purple,black,0.017,0.00763157894736842,0.0292171052631579,color-only
tomato,purple,blue,0.076,0.0383622448979592,0.115107142857143,color-only
tomato,purple,brown,0.031,0.0062962962962963,0.0748240740740741,color-only
tomato,purple,green,0.064,0.028974358974359,0.106179487179487,color-only
tomato,purple,orange,0.085,0.0296774193548387,0.156153225806452,color-only
tomato,purple,purple,0.869,0.825,0.910640625,color-only
tomato,purple,red,0.098,0.06025,0.134337837837838,color-only
tomato,purple,yellow,0.028,0.0132177419354839,0.0458145161290323,color-only
tomato,red,black,0.029,0.00757575757575758,0.0581818181818182,color-only
tomato,red,blue,0.061,0.0289021739130435,0.100652173913043,color-only
tomato,red,brown,0.136,0.0768833333333333,0.202011111111111,color-only
tomato,red,green,0.076,0.0362166666666667,0.122227777777778,color-only
tomato,red,orange,0.129,0.0736463414634146,0.185865853658537,color-only
tomato,red,purple,0.095,0.042,0.163428571428571,color-only
tomato,red,red,0.867,0.838333333333333,0.892513020833333,color-only
tomato,red,yellow,0.039,0.0163333333333333,0.068,color-only
apple,blue,apple,0.462,0.391169491525424,0.53475,type-only
apple,blue,avocado,0.039,0.0124910714285714,0.0718214285714285,type-only
apple,blue,banana,0.04,0.0148,0.07161,type-only
apple,blue,carrot,0.035,0.00692307692307692,0.0807692307692308,type-only
apple,blue,pear,0.004,0,0.0114285714285714,type-only
apple,blue,pepper,0.045,0.0136,0.08561,type-only
apple,blue,tomato,0.034,0.00571428571428571,0.0778571428571428,type-only
apple,green,apple,0.961,0.934389830508475,0.980008474576271,type-only
apple,green,avocado,0.022,0.00928571428571429,0.0364464285714286,type-only
apple,green,banana,0.072,0.0172,0.1648,type-only
apple,green,carrot,0.023,0.00352941176470588,0.0552941176470588,type-only
apple,green,pear,0.14,0.0659259259259259,0.224518518518518,type-only
apple,green,pepper,0.014,0.00333333333333333,0.0289027777777778,type-only
apple,green,tomato,0.044,0.0173076923076923,0.0784711538461538,type-only
apple,red,apple,0.953,0.908974576271186,0.984580508474576,type-only
apple,red,avocado,0.052,0.0234519230769231,0.0880769230769231,type-only
apple,red,banana,0.07,0.0261538461538462,0.137307692307692,type-only
apple,red,carrot,0.011,0.00333333333333333,0.0206666666666667,type-only
apple,red,pear,0.014,0.00153846153846154,0.0284615384615385,type-only
apple,red,pepper,0.026,0.00823529411764706,0.0500147058823529,type-only
apple,red,tomato,0.088,0.03839,0.14322,type-only
avocado,black,apple,0.055,0.0225740740740741,0.0970555555555555,type-only
avocado,black,avocado,0.812,0.753720338983051,0.863906779661017,type-only
avocado,black,banana,0.036,0.0133333333333333,0.0640833333333333,type-only
avocado,black,carrot,0.016,0.00538461538461538,0.0284615384615385,type-only
avocado,black,pear,0.08,0.0303482142857143,0.151080357142857,type-only
avocado,black,pepper,0.08,0.0161111111111111,0.172236111111111,type-only
avocado,black,tomato,0.069,0.009375,0.179375,type-only
avocado,green,apple,0.022,0.0085,0.0360125,type-only
avocado,green,avocado,0.966,0.939487288135593,0.985088983050847,type-only
avocado,green,banana,0.046,0.0203611111111111,0.0766944444444444,type-only
avocado,green,carrot,0.06,0.017037037037037,0.121851851851852,type-only
avocado,green,pear,0.045,0.0129166666666667,0.09459375,type-only
avocado,green,pepper,0.069,0.0232142857142857,0.131071428571429,type-only
avocado,green,tomato,0.052,0.0108229166666667,0.107916666666667,type-only
avocado,red,apple,0.08,0.0381590909090909,0.137727272727273,type-only
avocado,red,avocado,0.696,0.621004237288136,0.764775423728814,type-only
avocado,red,banana,0.07,0.0303482142857143,0.119294642857143,type-only
avocado,red,carrot,0.008,0.00166666666666667,0.0200138888888889,type-only
avocado,red,pear,0.103,0.0288365384615385,0.191557692307692,type-only
avocado,red,pepper,0.104,0.0396160714285714,0.184303571428571,type-only
avocado,red,tomato,0.051,0.00684210526315789,0.128960526315789,type-only
banana,blue,apple,0.044,0.0129537037037037,0.0918981481481481,type-only
banana,blue,avocado,0.016,0.00692307692307692,0.0261730769230769,type-only
banana,blue,banana,0.419,0.339152542372881,0.504601694915254,type-only
banana,blue,carrot,0.039,0.0109090909090909,0.0691022727272727,type-only
banana,blue,pear,0.012,0.00529411764705882,0.0205882352941176,type-only
banana,blue,pepper,0.073,0.0105263157894737,0.165789473684211,type-only
banana,blue,tomato,0.042,0.0118425925925926,0.0822314814814815,type-only
banana,brown,apple,0.04,0.0169230769230769,0.0646346153846154,type-only
banana,brown,avocado,0.048,0.00523809523809524,0.129535714285714,type-only
banana,brown,banana,0.657,0.586737288135593,0.723063559322034,type-only
banana,brown,carrot,0.013,0.00333333333333333,0.025,type-only
banana,brown,pear,0.041,0.003125,0.087515625,type-only
banana,brown,pepper,0.06,0.0196153846153846,0.111538461538462,type-only
banana,brown,tomato,0.033,0.00541666666666667,0.06875,type-only
banana,yellow,apple,0.043,0.0180769230769231,0.0730865384615385,type-only
banana,yellow,avocado,0.024,0.008734375,0.045015625,type-only
banana,yellow,banana,0.979,0.963555084745763,0.989834745762712,type-only
banana,yellow,carrot,0.011,0.0025,0.0216666666666667,type-only
banana,yellow,pear,0.074,0.0239130434782609,0.133478260869565,type-only
banana,yellow,pepper,0.07,0.01559,0.14041,type-only
banana,yellow,tomato,0.018,0.00714285714285714,0.0307142857142857,type-only
carrot,brown,apple,0.059,0.014,0.112016666666667,type-only
carrot,brown,avocado,0.053,0.00796666666666667,0.112666666666667,type-only
carrot,brown,banana,0.076,0.016,0.16135,type-only
carrot,brown,carrot,0.565,0.385983333333333,0.73335,type-only
carrot,brown,pear,0.052,0.004,0.119383333333333,type-only
carrot,brown,pepper,0.086,0.0299833333333333,0.154,type-only
carrot,brown,tomato,0.041,0.0133333333333333,0.0786833333333333,type-only
carrot,orange,apple,0.013,0.00133333333333333,0.034,type-only
carrot,orange,avocado,0.034,0.010625,0.065640625,type-only
carrot,orange,banana,0.079,0.00142857142857143,0.223571428571429,type-only
carrot,orange,carrot,0.976,0.948813559322034,0.992033898305085,type-only
carrot,orange,pear,0.034,0.01039,0.06241,type-only
carrot,orange,pepper,0.043,0.0176923076923077,0.0746153846153846,type-only
carrot,orange,tomato,0.047,0.00277777777777777,0.128902777777778,type-only
carrot,purple,apple,0.052,0.0207692307692308,0.0919326923076923,type-only
carrot,purple,avocado,0.061,0.019359375,0.11375,type-only
carrot,purple,banana,0.021,0.00466666666666667,0.04735,type-only
carrot,purple,carrot,0.503,0.438457627118644,0.578305084745763,type-only
carrot,purple,pear,0.013,0.00333333333333333,0.0253333333333333,type-only
carrot,purple,pepper,0.049,0.02,0.0834891304347826,type-only
carrot,purple,tomato,0.037,0.0151759259259259,0.0666666666666667,type-only
pear,green,apple,0.196,0.08879,0.3229,type-only
pear,green,avocado,0.055,0.0195652173913043,0.10175,type-only
pear,green,banana,0.021,0.00789473684210526,0.03475,type-only
pear,green,carrot,0.085,0.00714285714285715,0.23,type-only
pear,green,pear,0.953,0.917118644067797,0.97728813559322,type-only
pear,green,pepper,0.016,0.00461538461538461,0.0323076923076923,type-only
pear,green,tomato,0.018,0.00176470588235294,0.0447205882352941,type-only
pear,orange,apple,0.142,0.0692,0.23481,type-only
pear,orange,avocado,0.055,0.0158125,0.108333333333333,type-only
pear,orange,banana,0.01,0.00198333333333334,0.02135,type-only
pear,orange,carrot,0.052,0.0146153846153846,0.113076923076923,type-only
pear,orange,pear,0.686,0.616436440677966,0.752063559322034,type-only
pear,orange,pepper,0.054,0.0120729166666667,0.10459375,type-only
pear,orange,tomato,0.022,0.00692307692307692,0.0438653846153846,type-only
pear,yellow,apple,0.14,0.06079,0.23561,type-only
pear,yellow,avocado,0.026,0.00615384615384615,0.0538461538461538,type-only
pear,yellow,banana,0.071,0.0322222222222222,0.116666666666667,type-only
pear,yellow,carrot,0.016,0.00625,0.02625,type-only
pear,yellow,pear,0.924,0.879983050847458,0.958478813559322,type-only
pear,yellow,pepper,0.142,0.01121875,0.325015625,type-only
pear,yellow,tomato,0.023,0.006,0.0440166666666666,type-only
pepper,black,apple,0.058,0.0193333333333333,0.101383333333333,type-only
pepper,black,avocado,0.046,0.00533333333333334,0.0953333333333333,type-only
pepper,black,banana,0.069,0.0246666666666667,0.119333333333333,type-only
pepper,black,carrot,0.065,0.014,0.128033333333333,type-only
pepper,black,pear,0.06,0.0206666666666667,0.108683333333333,type-only
pepper,black,pepper,0.637,0.498616666666667,0.776683333333333,type-only
pepper,black,tomato,0.089,0.00933333333333333,0.19335,type-only
pepper,green,apple,0.03,0.01,0.0547058823529412,type-only
pepper,green,avocado,0.015,0.00363636363636364,0.0336363636363636,type-only
pepper,green,banana,0.026,0.00466666666666667,0.0600166666666666,type-only
pepper,green,carrot,0.019,0.00235294117647059,0.05,type-only
pepper,green,pear,0.02,0.00625,0.036875,type-only
pepper,green,pepper,0.941,0.905076271186441,0.969322033898305,type-only
pepper,green,tomato,0.032,0.0118181818181818,0.0527272727272727,type-only
pepper,orange,apple,0.043,0.0155555555555556,0.0785277777777778,type-only
pepper,orange,avocado,0.045,0.0149895833333333,0.0812604166666667,type-only
pepper,orange,banana,0.011,0.00235294117647059,0.0235294117647059,type-only
pepper,orange,carrot,0.083,0.032962962962963,0.154444444444444,type-only
pepper,orange,pear,0.04,0.0107142857142857,0.0828571428571429,type-only
pepper,orange,pepper,0.841,0.787622881355932,0.888483050847458,type-only
pepper,orange,tomato,0.052,0.0276923076923077,0.0815576923076923,type-only
pepper,red,apple,0.027,0.01,0.0478571428571429,type-only
pepper,red,avocado,0.068,0.0023076923076923,0.191557692307692,type-only
pepper,red,banana,0.019,0.00421052631578947,0.0415789473684211,type-only
pepper,red,carrot,0.036,0.0148148148148148,0.0603703703703704,type-only
pepper,red,pear,0.077,0.0184,0.16764,type-only
pepper,red,pepper,0.934,0.883877118644068,0.971529661016949,type-only
pepper,red,tomato,0.018,0.0033125,0.0433333333333333,type-only
tomato,green,apple,0.102,0.0380384615384615,0.176951923076923,type-only
tomato,green,avocado,0.017,0.00692307692307692,0.0276923076923077,type-only
tomato,green,banana,0.096,0.0256,0.18202,type-only
tomato,green,carrot,0.013,0.00357142857142857,0.0242857142857143,type-only
tomato,green,pear,0.045,0.01319,0.0824,type-only
tomato,green,pepper,0.083,0.016,0.199383333333333,type-only
tomato,green,tomato,0.738,0.664050847457627,0.805427966101695,type-only
tomato,purple,apple,0.022,0.00882352941176471,0.0405882352941176,type-only
tomato,purple,avocado,0.065,0.0217954545454545,0.118193181818182,type-only
tomato,purple,banana,0.037,0.0142307692307692,0.0684615384615385,type-only
tomato,purple,carrot,0.056,0.0190795454545455,0.103193181818182,type-only
tomato,purple,pear,0.011,0.004,0.01735,type-only
tomato,purple,pepper,0.063,0.0233333333333333,0.109666666666667,type-only
tomato,purple,tomato,0.412,0.336101694915254,0.48678813559322,type-only
tomato,red,apple,0.093,0.0114285714285714,0.227892857142857,type-only
tomato,red,avocado,0.023,0.006,0.0426666666666667,type-only
tomato,red,banana,0.013,0.00571428571428571,0.0214285714285714,type-only
tomato,red,carrot,0.011,0.002,0.0233333333333333,type-only
tomato,red,pear,0.047,0.0237037037037037,0.0748240740740741,type-only
tomato,red,pepper,0.049,0.012484375,0.093140625,type-only
tomato,red,tomato,0.962,0.929987288135593,0.985593220338983,type-only
apple,blue,black avocado,0.032,0.00214285714285714,0.0686071428571428,color-and-type
apple,blue,black pepper,0.031,0.00642857142857143,0.0642857142857143,color-and-type
apple,blue,blue apple,0.909,0.8676171875,0.9406265625,color-and-type
apple,blue,blue banana,0.06,0.0253846153846154,0.101557692307692,color-and-type
apple,blue,brown banana,0.038,0.004,0.085,color-and-type
apple,blue,brown carrot,0.032,0.00769230769230769,0.0700192307692308,color-and-type
apple,blue,green apple,0.153,0.1259359375,0.1808171875,color-and-type
apple,blue,green avocado,0.023,0.00888888888888889,0.041125,color-and-type
apple,blue,green pear,0.026,0.00333333333333333,0.0525,color-and-type
apple,blue,green pepper,0.069,0.01625,0.14003125,color-and-type
apple,blue,green tomato,0.021,0.005,0.0435714285714286,color-and-type
apple,blue,orange carrot,0.025,0.008,0.0480166666666667,color-and-type
apple,blue,orange pear,0.014,0.00428571428571429,0.0250178571428571,color-and-type
apple,blue,orange pepper,0.026,0.00705882352941177,0.0535294117647059,color-and-type
apple,blue,purple carrot,0.034,0.00767307692307692,0.0638461538461538,color-and-type
apple,blue,purple tomato,0.143,0.00555555555555556,0.340027777777778,color-and-type
apple,blue,red apple,0.143,0.1146859375,0.1694546875,color-and-type
apple,blue,red avocado,0.042,0.00466666666666667,0.0946666666666667,color-and-type
apple,blue,red pepper,0.01,0.00222222222222222,0.0222222222222222,color-and-type
apple,blue,red tomato,0.057,0.0173684210526316,0.107921052631579,color-and-type
apple,blue,yellow banana,0.049,0.0223076923076923,0.0792307692307692,color-and-type
apple,blue,yellow pear,0.026,0.00428571428571429,0.0593035714285714,color-and-type
apple,green,black avocado,0.058,0.0155,0.121525,color-and-type
apple,green,black pepper,0.044,0.0111764705882353,0.0841323529411765,color-and-type
apple,green,blue apple,0.162,0.1336828125,0.192690625,color-and-type
apple,green,blue banana,0.037,0.0107142857142857,0.077875,color-and-type
apple,green,brown banana,0.038,0.0115384615384615,0.0730961538461538,color-and-type
apple,green,brown carrot,0.014,0.005,0.0242857142857143,color-and-type
apple,green,green apple,0.967,0.9488125,0.9808140625,color-and-type
apple,green,green avocado,0.065,0.013975,0.124025,color-and-type
apple,green,green pear,0.069,0.017,0.122025,color-and-type
apple,green,green pepper,0.06,0.01725,0.106363636363636,color-and-type
apple,green,green tomato,0.039,0.0127272727272727,0.0681818181818182,color-and-type
apple,green,orange carrot,0.045,0.00357142857142857,0.0971428571428571,color-and-type
apple,green,orange pear,0.072,0.0269230769230769,0.127692307692308,color-and-type
apple,green,orange pepper,0.022,0.00333333333333333,0.0466666666666667,color-and-type
apple,green,purple carrot,0.028,0.00875,0.05,color-and-type
apple,green,purple tomato,0.068,0.004,0.179025,color-and-type
apple,green,red apple,0.212,0.182371875,0.24356875,color-and-type
apple,green,red avocado,0.022,0.00727272727272727,0.0454772727272727,color-and-type
apple,green,red pepper,0.033,0.00714285714285714,0.0778928571428571,color-and-type
apple,green,red tomato,0.075,0.0121428571428571,0.174392857142857,color-and-type
apple,green,yellow banana,0.016,0.0080952380952381,0.0257142857142857,color-and-type
apple,green,yellow pear,0.037,0.0128571428571429,0.07,color-and-type
apple,red,black avocado,0.022,0.006,0.046,color-and-type
apple,red,black pepper,0.037,0.0075,0.0683333333333333,color-and-type
apple,red,blue apple,0.153,0.12710625,0.1792515625,color-and-type
apple,red,blue banana,0.018,0.004,0.036,color-and-type
apple,red,brown banana,0.028,0.008,0.052,color-and-type
apple,red,brown carrot,0.026,0.0111764705882353,0.0429411764705882,color-and-type
apple,red,green apple,0.233,0.19649375,0.2723765625,color-and-type
apple,red,green avocado,0.022,0.00681818181818182,0.0454659090909091,color-and-type
apple,red,green pear,0.038,0.00181818181818182,0.100931818181818,color-and-type
apple,red,green pepper,0.042,0.00166666666666666,0.100020833333333,color-and-type
apple,red,green tomato,0.034,0.00285714285714286,0.085,color-and-type
apple,red,orange carrot,0.02,0.00642857142857143,0.0364285714285714,color-and-type
apple,red,orange pear,0.054,0.008975,0.136025,color-and-type
apple,red,orange pepper,0.044,0.00928571428571429,0.0842857142857143,color-and-type
apple,red,purple carrot,0.028,0.00333333333333333,0.0683333333333333,color-and-type
apple,red,purple tomato,0.009,0,0.025,color-and-type
apple,red,red apple,0.982,0.9764375,0.9873140625,color-and-type
apple,red,red avocado,0.073,0.0289342105263158,0.130552631578947,color-and-type
apple,red,red pepper,0.064,0.02665,0.114666666666667,color-and-type
apple,red,red tomato,0.12,0.0461666666666667,0.231928571428571,color-and-type
apple,red,yellow banana,0.063,0.0172083333333333,0.119444444444444,color-and-type
apple,red,yellow pear,0.019,0.00416666666666667,0.04,color-and-type
avocado,black,black avocado,0.939,0.9145453125,0.9616296875,color-and-type
avocado,black,black pepper,0.129,0.04,0.256766666666667,color-and-type
avocado,black,blue apple,0.021,0.00866666666666667,0.0386833333333333,color-and-type
avocado,black,blue banana,0.022,0.007,0.039025,color-and-type
avocado,black,brown banana,0.019,0.00465,0.0406833333333333,color-and-type
avocado,black,brown carrot,0.053,0.0205555555555556,0.0922361111111111,color-and-type
avocado,black,green apple,0.029,0.0107692307692308,0.0515384615384615,color-and-type
avocado,black,green avocado,0.35,0.3075515625,0.39545,color-and-type
avocado,black,green pear,0.024,0.00571428571428571,0.0450178571428571,color-and-type
avocado,black,green pepper,0.046,0.0192307692307692,0.0777115384615385,color-and-type
avocado,black,green tomato,0.005,0.000714285714285714,0.0107142857142857,color-and-type
avocado,black,orange carrot,0.019,0.00117647058823529,0.0411764705882353,color-and-type
avocado,black,orange pear,0.018,0.00176470588235294,0.0411764705882353,color-and-type
avocado,black,orange pepper,0.018,0.00285714285714286,0.0435714285714286,color-and-type
avocado,black,purple carrot,0.015,0,0.0336363636363636,color-and-type
avocado,black,purple tomato,0.04,0,0.1,color-and-type
avocado,black,red apple,0.034,0.013,0.061,color-and-type
avocado,black,red avocado,0.184,0.1562328125,0.211815625,color-and-type
avocado,black,red pepper,0.023,0.00398333333333334,0.04535,color-and-type
avocado,black,red tomato,0.012,0.003,0.022,color-and-type
avocado,black,yellow banana,0.019,0.00857142857142857,0.0328571428571429,color-and-type
avocado,black,yellow pear,0.085,0.0315384615384615,0.144615384615385,color-and-type
avocado,green,black avocado,0.266,0.226559375,0.30494375,color-and-type
avocado,green,black pepper,0.042,0.00846153846153846,0.0830961538461538,color-and-type
avocado,green,blue apple,0.051,0.0241458333333333,0.0808541666666666,color-and-type
avocado,green,blue banana,0.016,0.00181818181818182,0.0354545454545455,color-and-type
avocado,green,brown banana,0.017,0.00333333333333333,0.035,color-and-type
avocado,green,brown carrot,0.022,0.0055,0.046025,color-and-type
avocado,green,green apple,0.06,0.00818181818181819,0.127272727272727,color-and-type
avocado,green,green avocado,0.966,0.949559375,0.9788125,color-and-type
avocado,green,green pear,0.019,0.00363636363636364,0.0372727272727273,color-and-type
avocado,green,green pepper,0.14,0.0664107142857143,0.228607142857143,color-and-type
avocado,green,green tomato,0.087,0.0366666666666667,0.148333333333333,color-and-type
avocado,green,orange carrot,0.006,0.001,0.013,color-and-type
avocado,green,orange pear,0.021,0.00266666666666667,0.0493333333333333,color-and-type
avocado,green,orange pepper,0.036,0.00428571428571429,0.0892857142857143,color-and-type
avocado,green,purple carrot,0.153,0.0379166666666667,0.3067,color-and-type
avocado,green,purple tomato,0.025,0.00363636363636364,0.0518409090909091,color-and-type
avocado,green,red apple,0.031,0.00785714285714286,0.0700178571428571,color-and-type
avocado,green,red avocado,0.198,0.1632421875,0.2341265625,color-and-type
avocado,green,red pepper,0.038,0.0105263157894737,0.0710526315789474,color-and-type
avocado,green,red tomato,0.065,0.0186666666666667,0.138,color-and-type
avocado,green,yellow banana,0.052,0.007,0.13,color-and-type
avocado,green,yellow pear,0.023,0.006234375,0.041875,color-and-type
avocado,red,black avocado,0.312,0.2688734375,0.35506875,color-and-type
avocado,red,black pepper,0.065,0.01625,0.145,color-and-type
avocado,red,blue apple,0.017,0.00272727272727273,0.0436363636363636,color-and-type
avocado,red,blue banana,0.043,0.00842105263157895,0.0868421052631579,color-and-type
avocado,red,brown banana,0.028,0.00545454545454545,0.0581818181818182,color-and-type
avocado,red,brown carrot,0.048,0.0225,0.0780125,color-and-type
avocado,red,green apple,0.042,0.0180952380952381,0.0700119047619047,color-and-type
avocado,red,green avocado,0.252,0.21574375,0.2908765625,color-and-type
avocado,red,green pear,0.035,0.01,0.0641666666666667,color-and-type
avocado,red,green pepper,0.089,0.04,0.150909090909091,color-and-type
avocado,red,green tomato,0.036,0.0104545454545455,0.0705113636363636,color-and-type
avocado,red,orange carrot,0.058,0.01875,0.100625,color-and-type
avocado,red,orange pear,0.064,0.025702380952381,0.111904761904762,color-and-type
avocado,red,orange pepper,0.052,0.0246153846153846,0.0846153846153846,color-and-type
avocado,red,purple carrot,0.051,0.005,0.11375,color-and-type
avocado,red,purple tomato,0.114,0.02625,0.22503125,color-and-type
avocado,red,red apple,0.157,0.0156964285714286,0.329285714285714,color-and-type
avocado,red,red avocado,0.848,0.8076234375,0.8841265625,color-and-type
avocado,red,red pepper,0.187,0.054984375,0.35565625,color-and-type
avocado,red,red tomato,0.108,0.0141029411764706,0.244735294117647,color-and-type
avocado,red,yellow banana,0.033,0.00846153846153846,0.0623076923076923,color-and-type
avocado,red,yellow pear,0.041,0.0142857142857143,0.0728571428571429,color-and-type
banana,blue,black avocado,0.041,0.013,0.071,color-and-type
banana,blue,black pepper,0.036,0.006,0.0753333333333333,color-and-type
banana,blue,blue apple,0.082,0.0314875,0.1445375,color-and-type
banana,blue,blue banana,0.916,0.8773125,0.9481296875,color-and-type
banana,blue,brown banana,0.148,0.121,0.1757515625,color-and-type
banana,blue,brown carrot,0.028,0.00166666666666667,0.075,color-and-type
banana,blue,green apple,0.02,0.00951190476190476,0.0338214285714286,color-and-type
banana,blue,green avocado,0.005,0.00142857142857143,0.00928571428571429,color-and-type
banana,blue,green pear,0.025,0.005,0.0541875,color-and-type
banana,blue,green pepper,0.014,0.0025,0.033125,color-and-type
banana,blue,green tomato,0.017,0.00625,0.028765625,color-and-type
banana,blue,orange carrot,0.025,0.0107142857142857,0.0407142857142857,color-and-type
banana,blue,orange pear,0.018,0.0075,0.0316666666666667,color-and-type
banana,blue,orange pepper,0.037,0.0135294117647059,0.0694264705882353,color-and-type
banana,blue,purple carrot,0.024,0.00363636363636364,0.0509090909090909,color-and-type
banana,blue,purple tomato,0.001,0,0.00428571428571429,color-and-type
banana,blue,red apple,0.027,0.009975,0.048,color-and-type
banana,blue,red avocado,0.041,0.0179833333333333,0.0700166666666667,color-and-type
banana,blue,red pepper,0.008,0,0.019,color-and-type
banana,blue,red tomato,0.014,0.00357142857142857,0.0257142857142857,color-and-type
banana,blue,yellow banana,0.149,0.12418125,0.176503125,color-and-type
banana,blue,yellow pear,0.014,0.00333333333333333,0.0273333333333333,color-and-type
banana,brown,black avocado,0.009,0,0.0177777777777778,color-and-type
banana,brown,black pepper,0.032,0.0145961538461538,0.0530961538461538,color-and-type
banana,brown,blue apple,0.126,0.0127272727272727,0.250931818181818,color-and-type
banana,brown,blue banana,0.151,0.1239375,0.178765625,color-and-type
banana,brown,brown banana,0.909,0.8758109375,0.937278125,color-and-type
banana,brown,brown carrot,0.053,0.0188611111111111,0.0967083333333333,color-and-type
banana,brown,green apple,0.016,0.00142857142857143,0.0364285714285714,color-and-type
banana,brown,green avocado,0.021,0.00846153846153846,0.04,color-and-type
banana,brown,green pear,0.023,0.00525,0.04475,color-and-type
banana,brown,green pepper,0.004,0,0.008,color-and-type
banana,brown,green tomato,0.003,0,0.00571428571428571,color-and-type
banana,brown,orange carrot,0.02,0.0055,0.0435125,color-and-type
banana,brown,orange pear,0.025,0.0075,0.048,color-and-type
banana,brown,orange pepper,0.049,0.0141176470588235,0.0965,color-and-type
banana,brown,purple carrot,0.044,0.01,0.08253125,color-and-type
banana,brown,purple tomato,0.004,0,0.00875,color-and-type
banana,brown,red apple,0.018,0.00818181818181818,0.0277272727272727,color-and-type
banana,brown,red avocado,0.01,0.00125,0.024375,color-and-type
banana,brown,red pepper,0.025,0.00333333333333333,0.0541875,color-and-type
banana,brown,red tomato,0.034,0.00498214285714286,0.0778571428571429,color-and-type
banana,brown,yellow banana,0.3,0.2633109375,0.3393828125,color-and-type
banana,brown,yellow pear,0.045,0.0185595238095238,0.0785714285714286,color-and-type
banana,yellow,black avocado,0.046,0.0215384615384615,0.0730769230769231,color-and-type
banana,yellow,black pepper,0.044,0.0122727272727273,0.0809204545454545,color-and-type
banana,yellow,blue apple,0.029,0.00925925925925926,0.0533518518518518,color-and-type
banana,yellow,blue banana,0.162,0.13455625,0.190628125,color-and-type
banana,yellow,brown banana,0.224,0.1926828125,0.2567515625,color-and-type
banana,yellow,brown carrot,0.028,0.005625,0.058125,color-and-type
banana,yellow,green apple,0.05,0.00928571428571429,0.118589285714286,color-and-type
banana,yellow,green avocado,0.055,0.0157894736842105,0.117907894736842,color-and-type
banana,yellow,green pear,0.091,0.0129411764705882,0.2,color-and-type
banana,yellow,green pepper,0.056,0.0221052631578947,0.0963421052631579,color-and-type
banana,yellow,green tomato,0.039,0.00444444444444445,0.0977777777777778,color-and-type
banana,yellow,orange carrot,0.029,0.00888888888888889,0.0561111111111111,color-and-type
banana,yellow,orange pear,0.015,0.00214285714285714,0.035,color-and-type
banana,yellow,orange pepper,0.045,0.014,0.0860166666666667,color-and-type
banana,yellow,purple carrot,0.061,0.0125,0.120833333333333,color-and-type
banana,yellow,purple tomato,0.162,0.005,0.45,color-and-type
banana,yellow,red apple,0.028,0.0115384615384615,0.05,color-and-type
banana,yellow,red avocado,0.022,0.00625,0.04375,color-and-type
banana,yellow,red pepper,0.03,0.0119047619047619,0.0561904761904762,color-and-type
banana,yellow,red tomato,0.024,0.0075,0.043125,color-and-type
banana,yellow,yellow banana,0.975,0.957496875,0.9846890625,color-and-type
banana,yellow,yellow pear,0.068,0.0225,0.123125,color-and-type
carrot,brown,black avocado,0.018,0.00384615384615385,0.04,color-and-type
carrot,brown,black pepper,0.041,0.0183333333333333,0.0644444444444444,color-and-type
carrot,brown,blue apple,0.035,0.0110526315789474,0.0678947368421053,color-and-type
carrot,brown,blue banana,0.013,0.005975,0.022,color-and-type
carrot,brown,brown banana,0.011,0.00285714285714286,0.02,color-and-type
carrot,brown,brown carrot,0.875,0.839684375,0.907625,color-and-type
carrot,brown,green apple,0.044,0.0055,0.1185,color-and-type
carrot,brown,green avocado,0.03,0.0108333333333333,0.0533333333333333,color-and-type
carrot,brown,green pear,0.027,0.002,0.073,color-and-type
carrot,brown,green pepper,0.06,0.00933333333333333,0.141333333333333,color-and-type
carrot,brown,green tomato,0.021,0.008125,0.0375,color-and-type
carrot,brown,orange carrot,0.238,0.2025609375,0.272878125,color-and-type
carrot,brown,orange pear,0.044,0.005,0.100025,color-and-type
carrot,brown,orange pepper,0.102,0.025,0.191025,color-and-type
carrot,brown,purple carrot,0.205,0.138985,0.27461,color-and-type
carrot,brown,purple tomato,0.116,0.0275,0.23015625,color-and-type
carrot,brown,red apple,0.04,0.00331666666666667,0.101366666666667,color-and-type
carrot,brown,red avocado,0.02,0.006859375,0.036265625,color-and-type
carrot,brown,red pepper,0.027,0.01,0.0485714285714286,color-and-type
carrot,brown,red tomato,0.063,0.026875,0.105,color-and-type
carrot,brown,yellow banana,0.005,0,0.012,color-and-type
carrot,brown,yellow pear,0.037,0.00665277777777778,0.081125,color-and-type
carrot,orange,black avocado,0.025,0.00357142857142857,0.0557321428571428,color-and-type
carrot,orange,black pepper,0.019,0.005625,0.033125,color-and-type
carrot,orange,blue apple,0.033,0.0114875,0.0600125,color-and-type
carrot,orange,blue banana,0.032,0.0105882352941176,0.0564705882352941,color-and-type
carrot,orange,brown banana,0.024,0.00625,0.045015625,color-and-type
carrot,orange,brown carrot,0.249,0.208875,0.2860078125,color-and-type
carrot,orange,green apple,0.049,0.00944444444444444,0.111111111111111,color-and-type
carrot,orange,green avocado,0.024,0.00181818181818182,0.0518181818181818,color-and-type
carrot,orange,green pear,0.019,0.00428571428571429,0.0371428571428571,color-and-type
carrot,orange,green pepper,0.013,0.00545454545454545,0.02,color-and-type
carrot,orange,green tomato,0.023,0.006875,0.0425,color-and-type
carrot,orange,orange carrot,0.971,0.95518125,0.9833765625,color-and-type
carrot,orange,orange pear,0.044,0.0126086956521739,0.0826195652173913,color-and-type
carrot,orange,orange pepper,0.061,0.0185714285714286,0.11075,color-and-type
carrot,orange,purple carrot,0.119,0.0699947916666667,0.172098958333333,color-and-type
carrot,orange,purple tomato,0.083,0,0.237520833333333,color-and-type
carrot,orange,red apple,0.033,0.00470588235294118,0.0682647058823529,color-and-type
carrot,orange,red avocado,0.035,0.00928571428571429,0.0757142857142857,color-and-type
carrot,orange,red pepper,0.011,0.00569642857142857,0.0178571428571429,color-and-type
carrot,orange,red tomato,0.11,0.00928571428571429,0.262196428571429,color-and-type
carrot,orange,yellow banana,0.066,0.012125,0.132857142857143,color-and-type
carrot,orange,yellow pear,0.039,0.0141029411764706,0.0729411764705882,color-and-type
carrot,purple,black avocado,0.041,0.005,0.093025,color-and-type
carrot,purple,black pepper,0.03,0.00909090909090909,0.0632159090909091,color-and-type
carrot,purple,blue apple,0.042,0.00545454545454545,0.0800227272727272,color-and-type
carrot,purple,blue banana,0.039,0.0108333333333333,0.0758541666666667,color-and-type
carrot,purple,brown banana,0.027,0.00636363636363636,0.0518409090909091,color-and-type
carrot,purple,brown carrot,0.161,0.132184375,0.1929421875,color-and-type
carrot,purple,green apple,0.012,0.00357142857142857,0.0221607142857143,color-and-type
carrot,purple,green avocado,0.039,0.0130769230769231,0.0715576923076923,color-and-type
carrot,purple,green pear,0.041,0.0117647058823529,0.0752941176470588,color-and-type
carrot,purple,green pepper,0.04,0.011,0.069025,color-and-type
carrot,purple,green tomato,0.01,0.003,0.018,color-and-type
carrot,purple,orange carrot,0.16,0.1323,0.1891875,color-and-type
carrot,purple,orange pear,0.062,0.0190909090909091,0.114545454545455,color-and-type
carrot,purple,orange pepper,0.026,0.005625,0.060640625,color-and-type
carrot,purple,purple carrot,0.86,0.772820652173913,0.928929347826087,color-and-type
carrot,purple,purple tomato,0.039,0.00571428571428571,0.0914285714285714,color-and-type
carrot,purple,red apple,0.066,0.0114285714285714,0.160035714285714,color-and-type
carrot,purple,red avocado,0.039,0.0106666666666667,0.0760166666666666,color-and-type
carrot,purple,red pepper,0.015,0.00536538461538462,0.0246153846153846,color-and-type
carrot,purple,red tomato,0.019,0.00857142857142857,0.0292857142857143,color-and-type
carrot,purple,yellow banana,0.024,0.009,0.047,color-and-type
carrot,purple,yellow pear,0.064,0.0218181818181818,0.114545454545455,color-and-type
pear,green,black avocado,0.045,0.0180952380952381,0.0804880952380952,color-and-type
pear,green,black pepper,0.081,0.0288888888888889,0.140569444444444,color-and-type
pear,green,blue apple,0.032,0.00769230769230769,0.0646153846153846,color-and-type
pear,green,blue banana,0.025,0.004,0.0593333333333333,color-and-type
pear,green,brown banana,0.024,0.00666666666666667,0.0541666666666667,color-and-type
pear,green,brown carrot,0.025,0.0125,0.04,color-and-type
pear,green,green apple,0.209,0.13725,0.295477272727273,color-and-type
pear,green,green avocado,0.108,0.0366666666666667,0.1941875,color-and-type
pear,green,green pear,0.943,0.920059375,0.96500625,color-and-type
pear,green,green pepper,0.149,0.0128392857142857,0.325,color-and-type
pear,green,green tomato,0.055,0.00998076923076923,0.120807692307692,color-and-type
pear,green,orange carrot,0.102,0.003,0.287025,color-and-type
pear,green,orange pear,0.224,0.1919359375,0.262128125,color-and-type
pear,green,orange pepper,0.035,0.0176730769230769,0.0561538461538462,color-and-type
pear,green,purple carrot,0.01,0.002,0.019,color-and-type
pear,green,purple tomato,0.049,0.01875,0.08125,color-and-type
pear,green,red apple,0.003,0,0.00727272727272727,color-and-type
pear,green,red avocado,0.014,0.000886363636363638,0.0336363636363636,color-and-type
pear,green,red pepper,0.044,0.0184615384615385,0.0761538461538462,color-and-type
pear,green,red tomato,0.02,0.003,0.039,color-and-type
pear,green,yellow banana,0.055,0.0208863636363636,0.0882045454545454,color-and-type
pear,green,yellow pear,0.492,0.444178125,0.5381921875,color-and-type
pear,orange,black avocado,0.097,0.0328392857142857,0.190732142857143,color-and-type
pear,orange,black pepper,0.033,0.00866666666666667,0.0640166666666667,color-and-type
pear,orange,blue apple,0.023,0.00736842105263158,0.0442105263157895,color-and-type
pear,orange,blue banana,0.027,0.0095,0.0495125,color-and-type
pear,orange,brown banana,0.012,0.00142857142857143,0.0271428571428571,color-and-type
pear,orange,brown carrot,0.073,0.02059375,0.14125,color-and-type
pear,orange,green apple,0.031,0.0146428571428571,0.0521607142857143,color-and-type
pear,orange,green avocado,0.031,0.006,0.058025,color-and-type
pear,orange,green pear,0.197,0.168175,0.229690625,color-and-type
pear,orange,green pepper,0.041,0.015625,0.070015625,color-and-type
pear,orange,green tomato,0.025,0.00764705882352941,0.0470588235294118,color-and-type
pear,orange,orange carrot,0.04,0.0152631578947368,0.07,color-and-type
pear,orange,orange pear,0.855,0.8099265625,0.89663125,color-and-type
pear,orange,orange pepper,0.101,0.0472222222222222,0.161111111111111,color-and-type
pear,orange,purple carrot,0.014,0.000999999999999999,0.036,color-and-type
pear,orange,purple tomato,0.035,0.009,0.07,color-and-type
pear,orange,red apple,0.09,0.0323690476190476,0.160488095238095,color-and-type
pear,orange,red avocado,0.065,0.0161153846153846,0.135403846153846,color-and-type
pear,orange,red pepper,0.069,0.0333333333333333,0.118354166666667,color-and-type
pear,orange,red tomato,0.072,0.0258125,0.1250625,color-and-type
pear,orange,yellow banana,0.048,0.00692307692307692,0.1085,color-and-type
pear,orange,yellow pear,0.277,0.2408109375,0.31556875,color-and-type
pear,yellow,black avocado,0.016,0.00631578947368421,0.0284210526315789,color-and-type
pear,yellow,black pepper,0.012,0.003125,0.021875,color-and-type
pear,yellow,blue apple,0.013,0.00444444444444445,0.0233333333333333,color-and-type
pear,yellow,blue banana,0.018,0.00615384615384615,0.0300192307692308,color-and-type
pear,yellow,brown banana,0.094,0.0461538461538462,0.143076923076923,color-and-type
pear,yellow,brown carrot,0.054,0.0105,0.1270125,color-and-type
pear,yellow,green apple,0.046,0.00444444444444445,0.0995,color-and-type
pear,yellow,green avocado,0.044,0.0111111111111111,0.0855555555555556,color-and-type
pear,yellow,green pear,0.368,0.324296875,0.410003125,color-and-type
pear,yellow,green pepper,0.083,0.0177777777777778,0.182222222222222,color-and-type
pear,yellow,green tomato,0.026,0.00459615384615385,0.0630769230769231,color-and-type
pear,yellow,orange carrot,0.043,0.0177272727272727,0.0722954545454545,color-and-type
pear,yellow,orange pear,0.436,0.3932265625,0.4801328125,color-and-type
pear,yellow,orange pepper,0.09,0.0407692307692308,0.15,color-and-type
pear,yellow,purple carrot,0.015,0.00166666666666667,0.0383333333333333,color-and-type
pear,yellow,purple tomato,0.1,0,0.22,color-and-type
pear,yellow,red apple,0.066,0.019975,0.125,color-and-type
pear,yellow,red avocado,0.023,0.00421052631578947,0.0473815789473684,color-and-type
pear,yellow,red pepper,0.028,0.00578947368421052,0.0573815789473684,color-and-type
pear,yellow,red tomato,0.055,0.0104642857142857,0.129047619047619,color-and-type
pear,yellow,yellow banana,0.056,0.0169230769230769,0.106173076923077,color-and-type
pear,yellow,yellow pear,0.943,0.9237421875,0.961509375,color-and-type
pepper,black,black avocado,0.049,0.0147236842105263,0.0910526315789474,color-and-type
pepper,black,black pepper,0.877,0.830695255474453,0.916801094890511,color-and-type
pepper,black,blue apple,0.03,0.00833333333333333,0.0608333333333333,color-and-type
pepper,black,blue banana,0.013,0.00333333333333333,0.025,color-and-type
pepper,black,brown banana,0.029,0.0111111111111111,0.0555555555555556,color-and-type
pepper,black,brown carrot,0.032,0.00466666666666667,0.06735,color-and-type
pepper,black,green apple,0.007,0.000909090909090909,0.0190909090909091,color-and-type
pepper,black,green avocado,0.043,0.0156521739130435,0.0778260869565217,color-and-type
pepper,black,green pear,0.074,0.023,0.134,color-and-type
pepper,black,green pepper,0.206,0.173426573426573,0.240281468531469,color-and-type
pepper,black,green tomato,0.02,0.00526315789473684,0.0405394736842105,color-and-type
pepper,black,orange carrot,0.03,0.01125,0.050625,color-and-type
pepper,black,orange pear,0.056,0.0177638888888889,0.108888888888889,color-and-type
pepper,black,orange pepper,0.138,0.107725177304965,0.167310283687943,color-and-type
pepper,black,purple carrot,0.038,0.0122884615384615,0.06925,color-and-type
pepper,black,purple tomato,0.138,0,0.414,color-and-type
pepper,black,red apple,0.031,0.0121052631578947,0.0552631578947368,color-and-type
pepper,black,red avocado,0.037,0.0107142857142857,0.0728571428571429,color-and-type
pepper,black,red pepper,0.184,0.150581439393939,0.218653409090909,color-and-type
pepper,black,red tomato,0.04,0.01,0.0866875,color-and-type
pepper,black,yellow banana,0.046,0.0192307692307692,0.0784615384615385,color-and-type
pepper,black,yellow pear,0.033,0.00357142857142857,0.0800178571428571,color-and-type
pepper,green,black avocado,0.053,0.0256413043478261,0.0856521739130435,color-and-type
pepper,green,black pepper,0.157,0.122191176470588,0.192439338235294,color-and-type
pepper,green,blue apple,0.006,0.00133333333333333,0.0113333333333333,color-and-type
pepper,green,blue banana,0.048,0.0135714285714286,0.0985714285714286,color-and-type
pepper,green,brown banana,0.039,0.0194117647058824,0.0629558823529412,color-and-type
pepper,green,brown carrot,0.007,0.000909090909090909,0.0163636363636364,color-and-type
pepper,green,green apple,0.135,0.0429411764705882,0.252985294117647,color-and-type
pepper,green,green avocado,0.186,0.0624791666666667,0.343395833333333,color-and-type
pepper,green,green pear,0.235,0.0493333333333333,0.450016666666667,color-and-type
pepper,green,green pepper,0.968,0.953791379310345,0.980277586206897,color-and-type
pepper,green,green tomato,0.186,0.0633333333333333,0.353375,color-and-type
pepper,green,orange carrot,0.021,0,0.046025,color-and-type
pepper,green,orange pear,0.047,0.0142857142857143,0.0842857142857143,color-and-type
pepper,green,orange pepper,0.196,0.160426258992806,0.232447841726619,color-and-type
pepper,green,purple carrot,0.012,0.00333333333333333,0.0244444444444444,color-and-type
pepper,green,purple tomato,0.007,0,0.02,color-and-type
pepper,green,red apple,0.012,0.005,0.019,color-and-type
pepper,green,red avocado,0.042,0.015,0.0738888888888889,color-and-type
pepper,green,red pepper,0.21,0.171193609022556,0.249105263157895,color-and-type
pepper,green,red tomato,0.058,0.0247236842105263,0.0989605263157895,color-and-type
pepper,green,yellow banana,0.022,0.003,0.049,color-and-type
pepper,green,yellow pear,0.021,0.005625,0.040015625,color-and-type
pepper,orange,black avocado,0.035,0.0055,0.0860125,color-and-type
pepper,orange,black pepper,0.17,0.139214285714286,0.2022875,color-and-type
pepper,orange,blue apple,0.042,0.00333333333333333,0.111333333333333,color-and-type
pepper,orange,blue banana,0.011,0.00285714285714286,0.0200178571428571,color-and-type
pepper,orange,brown banana,0.062,0.01,0.155789473684211,color-and-type
pepper,orange,brown carrot,0.026,0.00652173913043478,0.0482717391304348,color-and-type
pepper,orange,green apple,0.011,0.003,0.02,color-and-type
pepper,orange,green avocado,0.043,0.0109523809523809,0.0924047619047619,color-and-type
pepper,orange,green pear,0.086,0.0441666666666667,0.132927083333333,color-and-type
pepper,orange,green pepper,0.219,0.184744604316547,0.252523381294964,color-and-type
pepper,orange,green tomato,0.072,0.0305263157894737,0.125263157894737,color-and-type
pepper,orange,orange carrot,0.116,0.0469875,0.202,color-and-type
pepper,orange,orange pear,0.178,0.0549791666666667,0.348395833333333,color-and-type
pepper,orange,orange pepper,0.891,0.850273381294964,0.930935251798561,color-and-type
pepper,orange,purple carrot,0.029,0.00666666666666667,0.0540166666666667,color-and-type
pepper,orange,purple tomato,0.046,0.0133333333333333,0.0800277777777778,color-and-type
pepper,orange,red apple,0.021,0.00714285714285714,0.0395357142857143,color-and-type
pepper,orange,red avocado,0.055,0.02,0.103884615384615,color-and-type
pepper,orange,red pepper,0.344,0.2994,0.38787962962963,color-and-type
pepper,orange,red tomato,0.111,0.0299791666666667,0.209614583333333,color-and-type
pepper,orange,yellow banana,0.038,0.0172222222222222,0.0633472222222222,color-and-type
pepper,orange,yellow pear,0.074,0.014359375,0.15940625,color-and-type
pepper,red,black avocado,0.051,0.0141666666666667,0.0975208333333333,color-and-type
pepper,red,black pepper,0.17,0.137825539568345,0.202169064748201,color-and-type
pepper,red,blue apple,0.012,0.00428571428571429,0.0214464285714286,color-and-type
pepper,red,blue banana,0.013,0.00545454545454545,0.0218181818181818,color-and-type
pepper,red,brown banana,0.027,0.00956521739130435,0.0495760869565217,color-and-type
pepper,red,brown carrot,0.029,0.0111111111111111,0.0555694444444444,color-and-type
pepper,red,green apple,0.039,0.0183333333333333,0.0622222222222222,color-and-type
pepper,red,green avocado,0.043,0.0190681818181818,0.0718181818181818,color-and-type
pepper,red,green pear,0.046,0.0166666666666667,0.0814404761904762,color-and-type
pepper,red,green pepper,0.221,0.184085766423358,0.260293795620438,color-and-type
pepper,red,green tomato,0.038,0.0075,0.0758333333333333,color-and-type
pepper,red,orange carrot,0.022,0.00714285714285714,0.0414285714285714,color-and-type
pepper,red,orange pear,0.056,0.0304761904761905,0.0871547619047619,color-and-type
pepper,red,orange pepper,0.296,0.257443430656934,0.338197080291971,color-and-type
pepper,red,purple carrot,0.026,0,0.0714285714285714,color-and-type
pepper,red,purple tomato,0.073,0.00333333333333333,0.19,color-and-type
pepper,red,red apple,0.082,0.0238461538461539,0.151538461538462,color-and-type
pepper,red,red avocado,0.06,0.00545454545454545,0.146386363636364,color-and-type
pepper,red,red pepper,0.961,0.938064285714286,0.978930357142857,color-and-type
pepper,red,red tomato,0.261,0.148475,0.398525,color-and-type
pepper,red,yellow banana,0.028,0.0107692307692308,0.0461538461538462,color-and-type
pepper,red,yellow pear,0.066,0.0230576923076923,0.116923076923077,color-and-type
tomato,green,black avocado,0.032,0.0117647058823529,0.0535294117647059,color-and-type
tomato,green,black pepper,0.022,0.00586764705882353,0.0405882352941176,color-and-type
tomato,green,blue apple,0.096,0.00946052631578947,0.212631578947368,color-and-type
tomato,green,blue banana,0.052,0.010625,0.1125,color-and-type
tomato,green,brown banana,0.016,0.007,0.027,color-and-type
tomato,green,brown carrot,0.046,0.0166666666666667,0.0911111111111111,color-and-type
tomato,green,green apple,0.335,0.112875,0.602125,color-and-type
tomato,green,green avocado,0.083,0.027975,0.15405,color-and-type
tomato,green,green pear,0.037,0.00833333333333333,0.0700208333333333,color-and-type
tomato,green,green pepper,0.196,0.098475,0.30355,color-and-type
tomato,green,green tomato,0.937,0.9077484375,0.962384375,color-and-type
tomato,green,orange carrot,0.017,0.00642857142857143,0.0292857142857143,color-and-type
tomato,green,orange pear,0.041,0.004,0.093,color-and-type
tomato,green,orange pepper,0.105,0.0481818181818182,0.168204545454545,color-and-type
tomato,green,purple carrot,0.048,0.00444444444444445,0.107833333333333,color-and-type
tomato,green,purple tomato,0.104,0.0622594339622642,0.148122641509434,color-and-type
tomato,green,red apple,0.096,0.0347717391304348,0.168717391304348,color-and-type
tomato,green,red avocado,0.046,0.00571428571428571,0.114303571428571,color-and-type
tomato,green,red pepper,0.033,0.0152631578947368,0.0563157894736842,color-and-type
tomato,green,red tomato,0.239,0.2066796875,0.272565625,color-and-type
tomato,green,yellow banana,0.053,0.0194117647058824,0.100014705882353,color-and-type
tomato,green,yellow pear,0.039,0.015,0.06625,color-and-type
tomato,purple,black avocado,0.017,0.00578947368421053,0.0315789473684211,color-and-type
tomato,purple,black pepper,0.03,0.0092,0.0572,color-and-type
tomato,purple,blue apple,0.079,0.0358333333333333,0.127520833333333,color-and-type
tomato,purple,blue banana,0.052,0.00998214285714286,0.100714285714286,color-and-type
tomato,purple,brown banana,0.016,0.00266666666666667,0.044,color-and-type
tomato,purple,brown carrot,0.055,0.0107142857142857,0.112160714285714,color-and-type
tomato,purple,green apple,0.058,0.022,0.108683333333333,color-and-type
tomato,purple,green avocado,0.03,0.008,0.058,color-and-type
tomato,purple,green pear,0.016,0.005,0.0322222222222222,color-and-type
tomato,purple,green pepper,0.014,0.00214285714285714,0.0335714285714286,color-and-type
tomato,purple,green tomato,0.158,0.1303671875,0.1883140625,color-and-type
tomato,purple,orange carrot,0.012,0.00411764705882353,0.0217794117647059,color-and-type
tomato,purple,orange pear,0.026,0.00611111111111111,0.0511111111111111,color-and-type
tomato,purple,orange pepper,0.037,0.00736842105263158,0.0752763157894737,color-and-type
tomato,purple,purple carrot,0.006,0.00108333333333333,0.0111111111111111,color-and-type
tomato,purple,purple tomato,0.816,0.724462765957447,0.89831914893617,color-and-type
tomato,purple,red apple,0.027,0.01,0.0466666666666667,color-and-type
tomato,purple,red avocado,0.061,0.0149791666666667,0.115041666666667,color-and-type
tomato,purple,red pepper,0.038,0.0126086956521739,0.0726086956521739,color-and-type
tomato,purple,red tomato,0.218,0.1807453125,0.2543140625,color-and-type
tomato,purple,yellow banana,0.026,0.0083125,0.0466666666666667,color-and-type
tomato,purple,yellow pear,0.031,0.0114285714285714,0.055,color-and-type
tomato,red,black avocado,0.044,0.0136842105263158,0.086328947368421,color-and-type
tomato,red,black pepper,0.125,0.043109375,0.25753125,color-and-type
tomato,red,blue apple,0.024,0,0.0626666666666667,color-and-type
tomato,red,blue banana,0.023,0.0075,0.0400125,color-and-type
tomato,red,brown banana,0.026,0.00866666666666667,0.048,color-and-type
tomato,red,brown carrot,0.017,0.00166666666666667,0.0408541666666666,color-and-type
tomato,red,green apple,0.051,0.0110526315789474,0.116328947368421,color-and-type
tomato,red,green avocado,0.022,0.00831944444444445,0.0394444444444444,color-and-type
tomato,red,green pear,0.034,0.0152794117647059,0.0547058823529412,color-and-type
tomato,red,green pepper,0.024,0.0121428571428571,0.0371428571428571,color-and-type
tomato,red,green tomato,0.214,0.1814359375,0.2472546875,color-and-type
tomato,red,orange carrot,0.056,0.0121428571428571,0.13075,color-and-type
tomato,red,orange pear,0.084,0.0166666666666667,0.188375,color-and-type
tomato,red,orange pepper,0.034,0.00785714285714286,0.0721428571428571,color-and-type
tomato,red,purple carrot,0.003,0,0.00777777777777778,color-and-type
tomato,red,purple tomato,0.141,0.0963112244897959,0.195933673469388,color-and-type
tomato,red,red apple,0.077,0.0218181818181818,0.144590909090909,color-and-type
tomato,red,red avocado,0.199,0.04725,0.391863636363636,color-and-type
tomato,red,red pepper,0.11,0.044,0.182025,color-and-type
tomato,red,red tomato,0.969,0.949684375,0.9845640625,color-and-type
tomato,red,yellow banana,0.019,0.00615384615384615,0.0353846153846154,color-and-type
tomato,red,yellow pear,0.023,0.004,0.056,color-and-type
