Item,Color,Utterance,Combo,RoundMTypicality,YMin,YMax
apple,blue,black_avocado,blue_apple,0.032,0.00285714285714286,0.0657142857142857
apple,blue,black_pepper,blue_apple,0.031,0.00642857142857143,0.0642857142857143
apple,blue,blue_apple,blue_apple,0.909,0.8686203125,0.9434390625
apple,blue,blue_banana,blue_apple,0.06,0.0253846153846154,0.103846153846154
apple,blue,brown_banana,blue_apple,0.038,0.004,0.073
apple,blue,brown_carrot,blue_apple,0.032,0.00769230769230769,0.0669230769230769
apple,blue,green_apple,blue_apple,0.153,0.1235625,0.18219375
apple,blue,green_avocado,blue_apple,0.023,0.00943055555555556,0.0422222222222222
apple,blue,green_pear,blue_apple,0.026,0.00333333333333333,0.0541666666666667
apple,blue,green_pepper,blue_apple,0.069,0.01875,0.13875
apple,blue,green_tomato,blue_apple,0.021,0.005,0.0435714285714286
apple,blue,orange_carrot,blue_apple,0.025,0.00733333333333333,0.0486833333333333
apple,blue,orange_pear,blue_apple,0.014,0.00428571428571429,0.025
apple,blue,orange_pepper,blue_apple,0.026,0.00764705882352941,0.05825
apple,blue,purple_carrot,blue_apple,0.034,0.00769230769230769,0.0653846153846154
apple,blue,purple_tomato,blue_apple,0.143,0.00555555555555556,0.34
apple,blue,red_apple,blue_apple,0.143,0.1158734375,0.170628125
apple,blue,red_avocado,blue_apple,0.042,0.00466666666666667,0.0826833333333333
apple,blue,red_pepper,blue_apple,0.01,0.00166666666666667,0.0211111111111111
apple,blue,red_tomato,blue_apple,0.057,0.0163157894736842,0.115276315789474
apple,blue,yellow_banana,blue_apple,0.049,0.0215384615384615,0.0800192307692307
apple,blue,yellow_pear,blue_apple,0.026,0.005,0.0628571428571429
apple,green,black_avocado,green_apple,0.058,0.0175,0.1185
apple,green,black_pepper,green_apple,0.044,0.0111764705882353,0.0811764705882353
apple,green,blue_apple,green_apple,0.162,0.13398125,0.193125
apple,green,blue_banana,green_apple,0.037,0.0107142857142857,0.0771428571428572
apple,green,brown_banana,green_apple,0.038,0.0115192307692308,0.0746153846153846
apple,green,brown_carrot,green_apple,0.014,0.00641071428571429,0.025
apple,green,green_apple,green_apple,0.967,0.9493046875,0.9815671875
apple,green,green_avocado,green_apple,0.065,0.02,0.12205
apple,green,green_pear,green_apple,0.069,0.017,0.123025
apple,green,green_pepper,green_apple,0.06,0.0154545454545455,0.109090909090909
apple,green,green_tomato,green_apple,0.039,0.0136363636363636,0.0718181818181818
apple,green,orange_carrot,green_apple,0.045,0.00428571428571429,0.097875
apple,green,orange_pear,green_apple,0.072,0.0215384615384615,0.136153846153846
apple,green,orange_pepper,green_apple,0.022,0.00266666666666667,0.046
apple,green,purple_carrot,green_apple,0.028,0.00875,0.04875
apple,green,purple_tomato,green_apple,0.068,0.004,0.181
apple,green,red_apple,green_apple,0.212,0.177809375,0.245015625
apple,green,red_avocado,green_apple,0.022,0.00725,0.0436363636363636
apple,green,red_pepper,green_apple,0.033,0.00642857142857143,0.0721428571428571
apple,green,red_tomato,green_apple,0.075,0.01,0.174303571428571
apple,green,yellow_banana,green_apple,0.016,0.0080952380952381,0.0257142857142857
apple,green,yellow_pear,green_apple,0.037,0.0135535714285714,0.072875
apple,red,black_avocado,red_apple,0.022,0.006,0.045025
apple,red,black_pepper,red_apple,0.037,0.0075,0.0658333333333333
apple,red,blue_apple,red_apple,0.153,0.12605625,0.1797515625
apple,red,blue_banana,red_apple,0.018,0.004,0.036
apple,red,brown_banana,red_apple,0.028,0.008,0.051
apple,red,brown_carrot,red_apple,0.026,0.0117647058823529,0.0429411764705882
apple,red,green_apple,red_apple,0.233,0.19693125,0.27000625
apple,red,green_avocado,red_apple,0.022,0.00681818181818182,0.0472727272727273
apple,red,green_pear,red_apple,0.038,0.00181818181818182,0.1
apple,red,green_pepper,red_apple,0.042,0.00166666666666666,0.100833333333333
apple,red,green_tomato,red_apple,0.034,0.00357142857142857,0.0835714285714286
apple,red,orange_carrot,red_apple,0.02,0.00642857142857143,0.0371428571428571
apple,red,orange_pear,red_apple,0.054,0.007,0.14
apple,red,orange_pepper,red_apple,0.044,0.0107142857142857,0.0829107142857143
apple,red,purple_carrot,red_apple,0.028,0.00333333333333333,0.0683333333333333
apple,red,purple_tomato,red_apple,0.009,0,0.025
apple,red,red_apple,red_apple,0.982,0.9760625,0.987503125
apple,red,red_avocado,red_apple,0.073,0.0278947368421053,0.126842105263158
apple,red,red_pepper,red_apple,0.064,0.026,0.117333333333333
apple,red,red_tomato,red_apple,0.12,0.0494880952380952,0.224285714285714
apple,red,yellow_banana,red_apple,0.063,0.0172083333333333,0.121680555555556
apple,red,yellow_pear,red_apple,0.019,0.005,0.0383333333333333
avocado,black,black_avocado,black_avocado,0.939,0.9146828125,0.9605015625
avocado,black,black_pepper,black_avocado,0.129,0.0406333333333333,0.244066666666667
avocado,black,blue_apple,black_avocado,0.021,0.00866666666666667,0.0393333333333333
avocado,black,blue_banana,black_avocado,0.022,0.007,0.042
avocado,black,brown_banana,black_avocado,0.019,0.00531666666666667,0.0393666666666666
avocado,black,brown_carrot,black_avocado,0.053,0.0222222222222222,0.0916805555555556
avocado,black,green_apple,black_avocado,0.029,0.00923076923076923,0.0507692307692308
avocado,black,green_avocado,black_avocado,0.35,0.306578125,0.3933203125
avocado,black,green_pear,black_avocado,0.024,0.00571428571428571,0.0457142857142857
avocado,black,green_pepper,black_avocado,0.046,0.0176923076923077,0.0784615384615385
avocado,black,green_tomato,black_avocado,0.005,0.000714285714285714,0.01
avocado,black,orange_carrot,black_avocado,0.019,0.00116176470588236,0.0429558823529412
avocado,black,orange_pear,black_avocado,0.018,0.00176470588235294,0.0394117647058824
avocado,black,orange_pepper,black_avocado,0.018,0.00285714285714286,0.0414285714285714
avocado,black,purple_carrot,black_avocado,0.015,0,0.0336363636363636
avocado,black,purple_tomato,black_avocado,0.04,0,0.1
avocado,black,red_apple,black_avocado,0.034,0.0115,0.0635125
avocado,black,red_avocado,black_avocado,0.184,0.155625,0.2123140625
avocado,black,red_pepper,black_avocado,0.023,0.00466666666666667,0.0473333333333333
avocado,black,red_tomato,black_avocado,0.012,0.003,0.022
avocado,black,yellow_banana,black_avocado,0.019,0.00714285714285714,0.0338095238095238
avocado,black,yellow_pear,black_avocado,0.085,0.0292307692307692,0.146923076923077
avocado,green,black_avocado,green_avocado,0.266,0.229625,0.302946875
avocado,green,black_pepper,green_avocado,0.042,0.00846153846153846,0.0815576923076923
avocado,green,blue_apple,green_avocado,0.051,0.0208333333333333,0.0816666666666667
avocado,green,blue_banana,green_avocado,0.016,0.00181818181818182,0.0354545454545455
avocado,green,brown_banana,green_avocado,0.017,0.00333333333333333,0.0341875
avocado,green,brown_carrot,green_avocado,0.022,0.0055,0.0445125
avocado,green,green_apple,green_avocado,0.06,0.00818181818181819,0.130909090909091
avocado,green,green_avocado,green_avocado,0.966,0.9489359375,0.9797515625
avocado,green,green_pear,green_avocado,0.019,0.00454545454545455,0.0372954545454545
avocado,green,green_pepper,green_avocado,0.14,0.0664285714285714,0.229285714285714
avocado,green,green_tomato,green_avocado,0.087,0.0372222222222222,0.146152777777778
avocado,green,orange_carrot,green_avocado,0.006,0,0.013
avocado,green,orange_pear,green_avocado,0.021,0.00266666666666667,0.0480166666666667
avocado,green,orange_pepper,green_avocado,0.036,0.00357142857142857,0.0900535714285714
avocado,green,purple_carrot,green_avocado,0.153,0.038,0.306716666666667
avocado,green,purple_tomato,green_avocado,0.025,0.00363636363636364,0.0536363636363636
avocado,green,red_apple,green_avocado,0.031,0.00857142857142857,0.067875
avocado,green,red_avocado,green_avocado,0.198,0.165684375,0.2316921875
avocado,green,red_pepper,green_avocado,0.038,0.0110526315789474,0.0726315789473684
avocado,green,red_tomato,green_avocado,0.065,0.0193333333333333,0.13335
avocado,green,yellow_banana,green_avocado,0.052,0.008,0.128
avocado,green,yellow_pear,green_avocado,0.023,0.006234375,0.044375
avocado,red,black_avocado,red_avocado,0.312,0.2679828125,0.3560015625
avocado,red,black_pepper,red_avocado,0.065,0.0179166666666667,0.147916666666667
avocado,red,blue_apple,red_avocado,0.017,0.00181818181818182,0.0445454545454545
avocado,red,blue_banana,red_avocado,0.043,0.00894736842105263,0.0931842105263158
avocado,red,brown_banana,red_avocado,0.028,0.00543181818181818,0.06
avocado,red,brown_carrot,red_avocado,0.048,0.0204875,0.0775
avocado,red,green_apple,red_avocado,0.042,0.019047619047619,0.0681071428571429
avocado,red,green_avocado,red_avocado,0.252,0.2149359375,0.2910078125
avocado,red,green_pear,red_avocado,0.035,0.0116666666666667,0.0625
avocado,red,green_pepper,red_avocado,0.089,0.0445227272727273,0.15
avocado,red,green_tomato,red_avocado,0.036,0.0118068181818182,0.0718295454545455
avocado,red,orange_carrot,red_avocado,0.058,0.023125,0.09625
avocado,red,orange_pear,red_avocado,0.064,0.0223809523809524,0.113821428571429
avocado,red,orange_pepper,red_avocado,0.052,0.025,0.0830769230769231
avocado,red,purple_carrot,red_avocado,0.051,0.005,0.10875
avocado,red,purple_tomato,red_avocado,0.114,0.025,0.21375
avocado,red,red_apple,red_avocado,0.157,0.0214107142857143,0.330732142857143
avocado,red,red_avocado,red_avocado,0.848,0.8045234375,0.8843859375
avocado,red,red_pepper,red_avocado,0.187,0.050609375,0.366921875
avocado,red,red_tomato,red_avocado,0.108,0.0123529411764706,0.238838235294118
avocado,red,yellow_banana,red_avocado,0.033,0.00769230769230769,0.06
avocado,red,yellow_pear,red_avocado,0.041,0.0157142857142857,0.0721428571428571
banana,blue,black_avocado,blue_banana,0.041,0.012,0.073
banana,blue,black_pepper,blue_banana,0.036,0.006,0.0726666666666667
banana,blue,blue_apple,blue_banana,0.082,0.033975,0.1420125
banana,blue,blue_banana,blue_banana,0.916,0.8805453125,0.9478125
banana,blue,brown_banana,blue_banana,0.148,0.121809375,0.174446875
banana,blue,brown_carrot,blue_banana,0.028,0.00166666666666667,0.0750416666666666
banana,blue,green_apple,blue_banana,0.02,0.00951190476190476,0.0323809523809524
banana,blue,green_avocado,blue_banana,0.005,0.00142857142857143,0.00857142857142857
banana,blue,green_pear,blue_banana,0.025,0.005,0.0533541666666667
banana,blue,green_pepper,blue_banana,0.014,0.0025,0.03375
banana,blue,green_tomato,blue_banana,0.017,0.0075,0.027515625
banana,blue,orange_carrot,blue_banana,0.025,0.0107142857142857,0.0414285714285714
banana,blue,orange_pear,blue_banana,0.018,0.0075,0.0308333333333333
banana,blue,orange_pepper,blue_banana,0.037,0.0141176470588235,0.0694264705882353
banana,blue,purple_carrot,blue_banana,0.024,0.00272727272727273,0.0509090909090909
banana,blue,purple_tomato,blue_banana,0.001,0,0.00428571428571429
banana,blue,red_apple,blue_banana,0.027,0.009,0.046
banana,blue,red_avocado,blue_banana,0.041,0.0173333333333333,0.068
banana,blue,red_pepper,blue_banana,0.008,0.001,0.018025
banana,blue,red_tomato,blue_banana,0.014,0.00428571428571429,0.0271428571428571
banana,blue,yellow_banana,blue_banana,0.149,0.119928125,0.178078125
banana,blue,yellow_pear,blue_banana,0.014,0.004,0.0273333333333333
banana,brown,black_avocado,brown_banana,0.009,0.00222222222222222,0.0177777777777778
banana,brown,black_pepper,brown_banana,0.032,0.0146153846153846,0.0538461538461538
banana,brown,blue_apple,brown_banana,0.126,0.00909090909090909,0.264590909090909
banana,brown,blue_banana,brown_banana,0.151,0.1262484375,0.17919375
banana,brown,brown_banana,brown_banana,0.909,0.87668125,0.9364390625
banana,brown,brown_carrot,brown_banana,0.053,0.0183333333333333,0.1
banana,brown,green_apple,brown_banana,0.016,0.00142857142857143,0.0371607142857143
banana,brown,green_avocado,brown_banana,0.021,0.00846153846153846,0.0369230769230769
banana,brown,green_pear,brown_banana,0.023,0.00630263157894737,0.0442105263157895
banana,brown,green_pepper,brown_banana,0.004,0,0.008
banana,brown,green_tomato,brown_banana,0.003,0,0.00571428571428571
banana,brown,orange_carrot,brown_banana,0.02,0.005,0.045
banana,brown,orange_pear,brown_banana,0.025,0.008,0.0465125
banana,brown,orange_pepper,brown_banana,0.049,0.0129411764705882,0.0958970588235294
banana,brown,purple_carrot,brown_banana,0.044,0.0125,0.08503125
banana,brown,purple_tomato,brown_banana,0.004,0,0.00875
banana,brown,red_apple,brown_banana,0.018,0.00907954545454545,0.0286363636363636
banana,brown,red_avocado,brown_banana,0.01,0.00125,0.023125
banana,brown,red_pepper,brown_banana,0.025,0.00414583333333333,0.0516666666666667
banana,brown,red_tomato,brown_banana,0.034,0.00428571428571429,0.075
banana,brown,yellow_banana,brown_banana,0.3,0.2615546875,0.338071875
banana,brown,yellow_pear,brown_banana,0.045,0.019047619047619,0.0776309523809524
banana,yellow,black_avocado,yellow_banana,0.046,0.02075,0.0715384615384615
banana,yellow,black_pepper,yellow_banana,0.044,0.0145454545454545,0.0781818181818182
banana,yellow,blue_apple,yellow_banana,0.029,0.00851851851851852,0.0551944444444444
banana,yellow,blue_banana,yellow_banana,0.162,0.134175,0.191384375
banana,yellow,brown_banana,yellow_banana,0.224,0.1916734375,0.2585015625
banana,yellow,brown_carrot,yellow_banana,0.028,0.004375,0.056890625
banana,yellow,green_apple,yellow_banana,0.05,0.0106964285714286,0.117857142857143
banana,yellow,green_avocado,yellow_banana,0.055,0.0168421052631579,0.113157894736842
banana,yellow,green_pear,yellow_banana,0.091,0.0129264705882353,0.220617647058823
banana,yellow,green_pepper,yellow_banana,0.056,0.0205,0.103171052631579
banana,yellow,green_tomato,yellow_banana,0.039,0.00444444444444445,0.095
banana,yellow,orange_carrot,yellow_banana,0.029,0.00888888888888889,0.0555555555555556
banana,yellow,orange_pear,yellow_banana,0.015,0.00214285714285714,0.0357321428571428
banana,yellow,orange_pepper,yellow_banana,0.045,0.0133333333333333,0.0826833333333333
banana,yellow,purple_carrot,yellow_banana,0.061,0.0125,0.115020833333333
banana,yellow,purple_tomato,yellow_banana,0.162,0.005,0.455
banana,yellow,red_apple,yellow_banana,0.028,0.0123076923076923,0.0484615384615385
banana,yellow,red_avocado,yellow_banana,0.022,0.005625,0.04375
banana,yellow,red_pepper,yellow_banana,0.03,0.0114285714285714,0.0566785714285714
banana,yellow,red_tomato,yellow_banana,0.024,0.008125,0.0425
banana,yellow,yellow_banana,yellow_banana,0.975,0.9594359375,0.9856265625
banana,yellow,yellow_pear,yellow_banana,0.068,0.02625,0.125015625
carrot,brown,black_avocado,brown_carrot,0.018,0.00382692307692308,0.0407692307692308
carrot,brown,black_pepper,brown_carrot,0.041,0.0183333333333333,0.0638888888888889
carrot,brown,blue_apple,brown_carrot,0.035,0.0115789473684211,0.066328947368421
carrot,brown,blue_banana,brown_carrot,0.013,0.005975,0.022
carrot,brown,brown_banana,brown_carrot,0.011,0.00357142857142857,0.02
carrot,brown,brown_carrot,brown_carrot,0.875,0.83775,0.907078125
carrot,brown,green_apple,brown_carrot,0.044,0.0055,0.1185125
carrot,brown,green_avocado,brown_carrot,0.03,0.0108333333333333,0.0541666666666667
carrot,brown,green_pear,brown_carrot,0.027,0.001,0.068
carrot,brown,green_pepper,brown_carrot,0.06,0.00933333333333333,0.142066666666667
carrot,brown,green_tomato,brown_carrot,0.021,0.008125,0.03625
carrot,brown,orange_carrot,brown_carrot,0.238,0.2020578125,0.275503125
carrot,brown,orange_pear,brown_carrot,0.044,0.004975,0.101
carrot,brown,orange_pepper,brown_carrot,0.102,0.028,0.19105
carrot,brown,purple_carrot,brown_carrot,0.205,0.13838,0.273805
carrot,brown,purple_tomato,brown_carrot,0.116,0.02625,0.22753125
carrot,brown,red_apple,brown_carrot,0.04,0.00333333333333333,0.10935
carrot,brown,red_avocado,brown_carrot,0.02,0.00625,0.0375
carrot,brown,red_pepper,brown_carrot,0.027,0.00857142857142857,0.05
carrot,brown,red_tomato,brown_carrot,0.063,0.024375,0.099375
carrot,brown,yellow_banana,brown_carrot,0.005,0,0.011
carrot,brown,yellow_pear,brown_carrot,0.037,0.00498611111111111,0.0772361111111111
carrot,orange,black_avocado,orange_carrot,0.025,0.00285714285714286,0.0507321428571428
carrot,orange,black_pepper,orange_carrot,0.019,0.005625,0.033125
carrot,orange,blue_apple,orange_carrot,0.033,0.0114875,0.0600125
carrot,orange,blue_banana,orange_carrot,0.032,0.0111617647058824,0.0558970588235294
carrot,orange,brown_banana,orange_carrot,0.024,0.006875,0.046265625
carrot,orange,brown_carrot,orange_carrot,0.249,0.213859375,0.28744375
carrot,orange,green_apple,orange_carrot,0.049,0.0105416666666667,0.112222222222222
carrot,orange,green_avocado,orange_carrot,0.024,0.00181818181818182,0.0509090909090909
carrot,orange,green_pear,orange_carrot,0.019,0.00498214285714286,0.0378571428571429
carrot,orange,green_pepper,orange_carrot,0.013,0.00545454545454545,0.0209090909090909
carrot,orange,green_tomato,orange_carrot,0.023,0.006875,0.04315625
carrot,orange,orange_carrot,orange_carrot,0.971,0.9548125,0.9823765625
carrot,orange,orange_pear,orange_carrot,0.044,0.0152065217391304,0.0843478260869565
carrot,orange,orange_pepper,orange_carrot,0.061,0.0178571428571429,0.114285714285714
carrot,orange,purple_carrot,orange_carrot,0.119,0.0660260416666667,0.174375
carrot,orange,purple_tomato,orange_carrot,0.083,0.00333333333333333,0.237520833333333
carrot,orange,red_apple,orange_carrot,0.033,0.00470588235294118,0.0705882352941176
carrot,orange,red_avocado,orange_carrot,0.035,0.00928571428571429,0.0714285714285714
carrot,orange,red_pepper,orange_carrot,0.011,0.00571428571428571,0.0178571428571429
carrot,orange,red_tomato,orange_carrot,0.11,0.01,0.291464285714286
carrot,orange,yellow_banana,orange_carrot,0.066,0.012125,0.137160714285714
carrot,orange,yellow_pear,orange_carrot,0.039,0.0158823529411765,0.0706029411764706
carrot,purple,black_avocado,purple_carrot,0.041,0.004,0.094
carrot,purple,black_pepper,purple_carrot,0.03,0.00863636363636364,0.0645568181818182
carrot,purple,blue_apple,purple_carrot,0.042,0.00634090909090909,0.0818181818181818
carrot,purple,blue_banana,purple_carrot,0.039,0.01,0.0766666666666667
carrot,purple,brown_banana,purple_carrot,0.027,0.00727272727272727,0.05
carrot,purple,brown_carrot,purple_carrot,0.161,0.1313125,0.18926875
carrot,purple,green_apple,purple_carrot,0.012,0.00428571428571429,0.0228571428571429
carrot,purple,green_avocado,purple_carrot,0.039,0.0123076923076923,0.0708076923076923
carrot,purple,green_pear,purple_carrot,0.041,0.0135294117647059,0.0741323529411765
carrot,purple,green_pepper,purple_carrot,0.04,0.012,0.069
carrot,purple,green_tomato,purple_carrot,0.01,0.003,0.018
carrot,purple,orange_carrot,purple_carrot,0.16,0.1336859375,0.1875078125
carrot,purple,orange_pear,purple_carrot,0.062,0.0145227272727273,0.114568181818182
carrot,purple,orange_pepper,purple_carrot,0.026,0.005625,0.061921875
carrot,purple,purple_carrot,purple_carrot,0.86,0.772826086956522,0.932619565217391
carrot,purple,purple_tomato,purple_carrot,0.039,0.00571428571428571,0.0857142857142857
carrot,purple,red_apple,purple_carrot,0.066,0.0114285714285714,0.155714285714286
carrot,purple,red_avocado,purple_carrot,0.039,0.01,0.0733333333333333
carrot,purple,red_pepper,purple_carrot,0.015,0.00461538461538462,0.0246153846153846
carrot,purple,red_tomato,purple_carrot,0.019,0.00857142857142857,0.0292857142857143
carrot,purple,yellow_banana,purple_carrot,0.024,0.009,0.044
carrot,purple,yellow_pear,purple_carrot,0.064,0.0227272727272727,0.114545454545455
pear,green,black_avocado,green_pear,0.045,0.0185714285714286,0.0819166666666667
pear,green,black_pepper,green_pear,0.081,0.0277777777777778,0.146680555555556
pear,green,blue_apple,green_pear,0.032,0.00763461538461539,0.0653846153846154
pear,green,blue_banana,green_pear,0.025,0.004,0.0620166666666667
pear,green,brown_banana,green_pear,0.024,0.0075,0.05
pear,green,brown_carrot,green_pear,0.025,0.011875,0.039375
pear,green,green_apple,green_pear,0.209,0.139090909090909,0.283681818181818
pear,green,green_avocado,green_pear,0.108,0.0391666666666667,0.190833333333333
pear,green,green_pear,green_pear,0.943,0.917125,0.9639390625
pear,green,green_pepper,green_pear,0.149,0.0142857142857143,0.336428571428571
pear,green,green_tomato,green_pear,0.055,0.00846153846153846,0.118461538461538
pear,green,orange_carrot,green_pear,0.102,0.002,0.288025
pear,green,orange_pear,green_pear,0.224,0.188496875,0.259375
pear,green,orange_pepper,green_pear,0.035,0.0161538461538462,0.0546153846153846
pear,green,purple_carrot,green_pear,0.01,0.002,0.019025
pear,green,purple_tomato,green_pear,0.049,0.01625,0.08375
pear,green,red_apple,green_pear,0.003,0,0.00727272727272727
pear,green,red_avocado,green_pear,0.014,0,0.0336363636363636
pear,green,red_pepper,green_pear,0.044,0.0176923076923077,0.0753846153846154
pear,green,red_tomato,green_pear,0.02,0.003,0.039
pear,green,yellow_banana,green_pear,0.055,0.0190681818181818,0.0909318181818182
pear,green,yellow_pear,green_pear,0.492,0.4451171875,0.5401359375
pear,orange,black_avocado,orange_pear,0.097,0.0328571428571429,0.189303571428571
pear,orange,black_pepper,orange_pear,0.033,0.00933333333333333,0.0660166666666667
pear,orange,blue_apple,orange_pear,0.023,0.0068421052631579,0.0436973684210526
pear,orange,blue_banana,orange_pear,0.027,0.011,0.051
pear,orange,brown_banana,orange_pear,0.012,0.00142857142857143,0.027875
pear,orange,brown_carrot,orange_pear,0.073,0.01375,0.14
pear,orange,green_apple,orange_pear,0.031,0.0135714285714286,0.0532142857142857
pear,orange,green_avocado,orange_pear,0.031,0.008,0.061025
pear,orange,green_pear,orange_pear,0.197,0.1651234375,0.2313171875
pear,orange,green_pepper,orange_pear,0.041,0.016875,0.070015625
pear,orange,green_tomato,orange_pear,0.025,0.00764705882352941,0.0470735294117647
pear,orange,orange_carrot,orange_pear,0.04,0.0142105263157895,0.068421052631579
pear,orange,orange_pear,orange_pear,0.855,0.81149375,0.8921265625
pear,orange,orange_pepper,orange_pear,0.101,0.0433194444444445,0.163333333333333
pear,orange,purple_carrot,orange_pear,0.014,0.000999999999999999,0.036
pear,orange,purple_tomato,orange_pear,0.035,0.01,0.067
pear,orange,red_apple,orange_pear,0.09,0.0314166666666667,0.162392857142857
pear,orange,red_avocado,orange_pear,0.065,0.0184230769230769,0.133096153846154
pear,orange,red_pepper,orange_pear,0.069,0.0308333333333333,0.115020833333333
pear,orange,red_tomato,orange_pear,0.072,0.0266458333333333,0.128395833333333
pear,orange,yellow_banana,orange_pear,0.048,0.00692307692307692,0.108538461538461
pear,orange,yellow_pear,orange_pear,0.277,0.2399265625,0.3159515625
pear,yellow,black_avocado,yellow_pear,0.016,0.00525,0.0273684210526316
pear,yellow,black_pepper,yellow_pear,0.012,0.00375,0.02125
pear,yellow,blue_apple,yellow_pear,0.013,0.00444444444444445,0.0227916666666667
pear,yellow,blue_banana,yellow_pear,0.018,0.00692307692307692,0.0315384615384615
pear,yellow,brown_banana,yellow_pear,0.094,0.0507692307692308,0.144615384615385
pear,yellow,brown_carrot,yellow_pear,0.054,0.011,0.122
pear,yellow,green_apple,yellow_pear,0.046,0.005,0.101666666666667
pear,yellow,green_avocado,yellow_pear,0.044,0.00888888888888889,0.0877916666666667
pear,yellow,green_pear,yellow_pear,0.368,0.325740625,0.4074625
pear,yellow,green_pepper,yellow_pear,0.083,0.0161111111111111,0.181708333333333
pear,yellow,green_tomato,yellow_pear,0.026,0.00461538461538461,0.0646153846153846
pear,yellow,orange_carrot,yellow_pear,0.043,0.0172613636363636,0.0741022727272727
pear,yellow,orange_pear,yellow_pear,0.436,0.3935578125,0.4842125
pear,yellow,orange_pepper,yellow_pear,0.09,0.0361346153846154,0.15
pear,yellow,purple_carrot,yellow_pear,0.015,0.00166666666666667,0.0383333333333333
pear,yellow,purple_tomato,yellow_pear,0.1,0,0.22
pear,yellow,red_apple,yellow_pear,0.066,0.019975,0.122
pear,yellow,red_avocado,yellow_pear,0.023,0.00421052631578947,0.0479078947368421
pear,yellow,red_pepper,yellow_pear,0.028,0.00682894736842105,0.0568552631578947
pear,yellow,red_tomato,yellow_pear,0.055,0.0104761904761905,0.12572619047619
pear,yellow,yellow_banana,yellow_pear,0.056,0.0169230769230769,0.0992307692307692
pear,yellow,yellow_pear,yellow_pear,0.943,0.922059375,0.9608171875
pepper,black,black_avocado,black_pepper,0.049,0.0163026315789474,0.0926447368421052
pepper,black,black_pepper,black_pepper,0.877,0.828901459854015,0.915556569343066
pepper,black,blue_apple,black_pepper,0.03,0.00747916666666667,0.06
pepper,black,blue_banana,black_pepper,0.013,0.00333333333333333,0.025
pepper,black,brown_banana,black_pepper,0.029,0.0105555555555556,0.0561111111111111
pepper,black,brown_carrot,black_pepper,0.032,0.00466666666666667,0.0693333333333333
pepper,black,green_apple,black_pepper,0.007,0,0.0190909090909091
pepper,black,green_avocado,black_pepper,0.043,0.0165108695652174,0.0782826086956522
pepper,black,green_pear,black_pepper,0.074,0.0279875,0.1395
pepper,black,green_pepper,black_pepper,0.206,0.170276223776224,0.242382867132867
pepper,black,green_tomato,black_pepper,0.02,0.00472368421052632,0.041578947368421
pepper,black,orange_carrot,black_pepper,0.03,0.01,0.051890625
pepper,black,orange_pear,black_pepper,0.056,0.0183333333333333,0.108902777777778
pepper,black,orange_pepper,black_pepper,0.138,0.109218085106383,0.166668439716312
pepper,black,purple_carrot,black_pepper,0.038,0.0130576923076923,0.0661538461538462
pepper,black,purple_tomato,black_pepper,0.138,0,0.414
pepper,black,red_apple,black_pepper,0.031,0.0115657894736842,0.0531710526315789
pepper,black,red_avocado,black_pepper,0.037,0.0121428571428571,0.0692857142857143
pepper,black,red_pepper,black_pepper,0.184,0.150827651515152,0.217276515151515
pepper,black,red_tomato,black_pepper,0.04,0.00916666666666667,0.0891666666666667
pepper,black,yellow_banana,black_pepper,0.046,0.0184615384615385,0.0761730769230769
pepper,black,yellow_pear,black_pepper,0.033,0.00357142857142857,0.0764642857142857
pepper,green,black_avocado,green_pepper,0.053,0.0234782608695652,0.0873913043478261
pepper,green,black_pepper,green_pepper,0.157,0.124909926470588,0.189852941176471
pepper,green,blue_apple,green_pepper,0.006,0.002,0.012
pepper,green,blue_banana,green_pepper,0.048,0.015,0.0978928571428571
pepper,green,brown_banana,green_pepper,0.039,0.02,0.0617647058823529
pepper,green,brown_carrot,green_pepper,0.007,0.000909090909090909,0.0163636363636364
pepper,green,green_apple,green_pepper,0.135,0.0435294117647059,0.258279411764706
pepper,green,green_avocado,green_pepper,0.186,0.0633333333333333,0.3516875
pepper,green,green_pear,green_pepper,0.235,0.0566333333333333,0.44
pepper,green,green_pepper,green_pepper,0.968,0.954679310344828,0.980001724137931
pepper,green,green_tomato,green_pepper,0.186,0.0633333333333333,0.365020833333333
pepper,green,orange_carrot,green_pepper,0.021,0,0.044
pepper,green,orange_pear,green_pepper,0.047,0.0157142857142857,0.0885714285714286
pepper,green,orange_pepper,green_pepper,0.196,0.158985611510791,0.233960431654676
pepper,green,purple_carrot,green_pepper,0.012,0,0.0244444444444444
pepper,green,purple_tomato,green_pepper,0.007,0,0.02
pepper,green,red_apple,green_pepper,0.012,0.005,0.019
pepper,green,red_avocado,green_pepper,0.042,0.0166527777777778,0.0766666666666667
pepper,green,red_pepper,green_pepper,0.21,0.171496240601504,0.249026315789474
pepper,green,red_tomato,green_pepper,0.058,0.0226315789473684,0.0989473684210526
pepper,green,yellow_banana,green_pepper,0.022,0.003,0.05
pepper,green,yellow_pear,green_pepper,0.021,0.004375,0.0425
pepper,orange,black_avocado,orange_pepper,0.035,0.005,0.085025
pepper,orange,black_pepper,orange_pepper,0.17,0.137278571428571,0.199183928571429
pepper,orange,blue_apple,orange_pepper,0.042,0.00333333333333333,0.09335
pepper,orange,blue_banana,orange_pepper,0.011,0.00285714285714286,0.02
pepper,orange,brown_banana,orange_pepper,0.062,0.00947368421052631,0.147381578947368
pepper,orange,brown_carrot,orange_pepper,0.026,0.00782608695652174,0.0491304347826087
pepper,orange,green_apple,orange_pepper,0.011,0.002975,0.021
pepper,orange,green_avocado,orange_pepper,0.043,0.0114285714285714,0.0938214285714286
pepper,orange,green_pear,orange_pepper,0.086,0.04375,0.13959375
pepper,orange,green_pepper,orange_pepper,0.219,0.189244604316547,0.252242805755396
pepper,orange,green_tomato,orange_pepper,0.072,0.0315657894736842,0.123697368421053
pepper,orange,orange_carrot,orange_pepper,0.116,0.051,0.1945
pepper,orange,orange_pear,orange_pepper,0.178,0.05,0.361666666666667
pepper,orange,orange_pepper,orange_pepper,0.891,0.850501798561151,0.927992805755396
pepper,orange,purple_carrot,orange_pepper,0.029,0.00798333333333334,0.0546666666666667
pepper,orange,purple_tomato,orange_pepper,0.046,0.0133333333333333,0.0777777777777778
pepper,orange,red_apple,orange_pepper,0.021,0.00761904761904762,0.039047619047619
pepper,orange,red_avocado,orange_pepper,0.055,0.0207692307692308,0.10925
pepper,orange,red_pepper,orange_pepper,0.344,0.296588888888889,0.390001851851852
pepper,orange,red_tomato,orange_pepper,0.111,0.02875,0.215833333333333
pepper,orange,yellow_banana,orange_pepper,0.038,0.0183333333333333,0.0638888888888889
pepper,orange,yellow_pear,orange_pepper,0.074,0.017484375,0.160015625
pepper,red,black_avocado,red_pepper,0.051,0.0108333333333333,0.100875
pepper,red,black_pepper,red_pepper,0.17,0.137908273381295,0.200796762589928
pepper,red,blue_apple,red_pepper,0.012,0.00357142857142857,0.0221428571428571
pepper,red,blue_banana,red_pepper,0.013,0.00454545454545455,0.0200227272727273
pepper,red,brown_banana,red_pepper,0.027,0.00998913043478261,0.05
pepper,red,brown_carrot,red_pepper,0.029,0.0105555555555556,0.0544444444444444
pepper,red,green_apple,red_pepper,0.039,0.0166666666666667,0.0616666666666667
pepper,red,green_avocado,red_pepper,0.043,0.0172727272727273,0.0718409090909091
pepper,red,green_pear,red_pepper,0.046,0.0171428571428571,0.0876309523809524
pepper,red,green_pepper,red_pepper,0.221,0.185764598540146,0.261680656934307
pepper,red,green_tomato,red_pepper,0.038,0.01,0.0741666666666667
pepper,red,orange_carrot,red_pepper,0.022,0.00666666666666667,0.040952380952381
pepper,red,orange_pear,red_pepper,0.056,0.0290357142857143,0.0904880952380952
pepper,red,orange_pepper,red_pepper,0.296,0.255175182481752,0.34
pepper,red,purple_carrot,red_pepper,0.026,0,0.0714285714285714
pepper,red,purple_tomato,red_pepper,0.073,0.00441666666666667,0.191138888888889
pepper,red,red_apple,red_pepper,0.082,0.0199807692307692,0.151538461538462
pepper,red,red_avocado,red_pepper,0.06,0.00454545454545455,0.153681818181818
pepper,red,red_pepper,red_pepper,0.961,0.937271428571429,0.9773625
pepper,red,red_tomato,red_pepper,0.261,0.1405,0.399025
pepper,red,yellow_banana,red_pepper,0.028,0.0115384615384615,0.0430961538461538
pepper,red,yellow_pear,red_pepper,0.066,0.0238461538461539,0.116942307692308
tomato,green,black_avocado,green_tomato,0.032,0.0111764705882353,0.0552941176470588
tomato,green,black_pepper,green_tomato,0.022,0.00470588235294118,0.0418088235294117
tomato,green,blue_apple,green_tomato,0.096,0.00947368421052631,0.226328947368421
tomato,green,blue_banana,green_tomato,0.052,0.008125,0.114390625
tomato,green,brown_banana,green_tomato,0.016,0.006975,0.026025
tomato,green,brown_carrot,green_tomato,0.046,0.015,0.0927777777777778
tomato,green,green_apple,green_tomato,0.335,0.10195,0.58905
tomato,green,green_avocado,green_tomato,0.083,0.025,0.154025
tomato,green,green_pear,green_tomato,0.037,0.00916666666666667,0.0700208333333333
tomato,green,green_pepper,green_tomato,0.196,0.104,0.3085125
tomato,green,green_tomato,green_tomato,0.937,0.907171875,0.9612515625
tomato,green,orange_carrot,green_tomato,0.017,0.00714285714285714,0.0292857142857143
tomato,green,orange_pear,green_tomato,0.041,0.004,0.088025
tomato,green,orange_pepper,green_tomato,0.105,0.0518181818181818,0.162727272727273
tomato,green,purple_carrot,green_tomato,0.048,0.00444444444444445,0.103333333333333
tomato,green,purple_tomato,green_tomato,0.104,0.0654669811320755,0.149061320754717
tomato,green,red_apple,green_tomato,0.096,0.0338913043478261,0.170445652173913
tomato,green,red_avocado,green_tomato,0.046,0.00571428571428571,0.117178571428571
tomato,green,red_pepper,green_tomato,0.033,0.0152631578947368,0.0526315789473684
tomato,green,red_tomato,green_tomato,0.239,0.2061828125,0.276440625
tomato,green,yellow_banana,green_tomato,0.053,0.0193970588235294,0.0958970588235294
tomato,green,yellow_pear,green_tomato,0.039,0.015625,0.068140625
tomato,purple,black_avocado,purple_tomato,0.017,0.00473684210526316,0.0315789473684211
tomato,purple,black_pepper,purple_tomato,0.03,0.0096,0.0576
tomato,purple,blue_apple,purple_tomato,0.079,0.0341666666666667,0.125
tomato,purple,blue_banana,purple_tomato,0.052,0.0107142857142857,0.105732142857143
tomato,purple,brown_banana,purple_tomato,0.016,0.002,0.04
tomato,purple,brown_carrot,purple_tomato,0.055,0.0107142857142857,0.119303571428571
tomato,purple,green_apple,purple_tomato,0.058,0.02,0.111333333333333
tomato,purple,green_avocado,purple_tomato,0.03,0.008,0.059
tomato,purple,green_pear,purple_tomato,0.016,0.005,0.0322222222222222
tomato,purple,green_pepper,purple_tomato,0.014,0.00214285714285714,0.0321607142857143
tomato,purple,green_tomato,purple_tomato,0.158,0.1299359375,0.18700625
tomato,purple,orange_carrot,purple_tomato,0.012,0.00411764705882353,0.0217647058823529
tomato,purple,orange_pear,purple_tomato,0.026,0.00663888888888889,0.0511111111111111
tomato,purple,orange_pepper,purple_tomato,0.037,0.00631578947368421,0.0795
tomato,purple,purple_carrot,purple_tomato,0.006,0.00111111111111111,0.0111111111111111
tomato,purple,purple_tomato,purple_tomato,0.816,0.726585106382979,0.899154255319149
tomato,purple,red_apple,purple_tomato,0.027,0.00833333333333333,0.0491666666666667
tomato,purple,red_avocado,purple_tomato,0.061,0.0141666666666667,0.1175
tomato,purple,red_pepper,purple_tomato,0.038,0.0130434782608696,0.07175
tomato,purple,red_tomato,purple_tomato,0.218,0.183246875,0.25294375
tomato,purple,yellow_banana,purple_tomato,0.026,0.0083125,0.0466875
tomato,purple,yellow_pear,purple_tomato,0.031,0.0121428571428571,0.0571428571428571
tomato,red,black_avocado,red_tomato,0.044,0.0142105263157895,0.0794868421052631
tomato,red,black_pepper,red_tomato,0.125,0.0425,0.249375
tomato,red,blue_apple,red_tomato,0.024,0,0.0653333333333333
tomato,red,blue_banana,red_tomato,0.023,0.008,0.0410125
tomato,red,brown_banana,red_tomato,0.026,0.00866666666666667,0.04535
tomato,red,brown_carrot,red_tomato,0.017,0.0025,0.0391666666666667
tomato,red,green_apple,red_tomato,0.051,0.0115657894736842,0.113710526315789
tomato,red,green_avocado,red_tomato,0.022,0.00833333333333333,0.0388888888888889
tomato,red,green_pear,red_tomato,0.034,0.0158823529411765,0.056485294117647
tomato,red,green_pepper,red_tomato,0.024,0.0114285714285714,0.0378571428571429
tomato,red,green_tomato,red_tomato,0.214,0.1838703125,0.2468859375
tomato,red,orange_carrot,red_tomato,0.056,0.012125,0.13
tomato,red,orange_pear,red_tomato,0.084,0.0158125,0.188354166666667
tomato,red,orange_pepper,red_tomato,0.034,0.00783928571428572,0.0700178571428571
tomato,red,purple_carrot,red_tomato,0.003,0,0.00777777777777778
tomato,red,purple_tomato,red_tomato,0.141,0.0952959183673469,0.197352040816327
tomato,red,red_apple,red_tomato,0.077,0.02,0.142727272727273
tomato,red,red_avocado,red_tomato,0.199,0.0499545454545455,0.381022727272727
tomato,red,red_pepper,red_tomato,0.11,0.037,0.187
tomato,red,red_tomato,red_tomato,0.969,0.9481875,0.984065625
tomato,red,yellow_banana,red_tomato,0.019,0.00615384615384615,0.0361538461538462
tomato,red,yellow_pear,red_tomato,0.023,0.004,0.056
