workerid,totalLength,gameID,thinksHuman,comments,ratePartner,role,nativeEnglish,hitid,hittypeid,title,description,keywords,reward,creationtime,assignments,numavailable,numpending,numcomplete,hitstatus,reviewstatus,annotation,assignmentduration,autoapprovaldelay,hitlifetime,viewhit,assignmentid,workerid,assignmentstatus,autoapprovaltime,assignmentaccepttime,assignmentsubmittime,assignmentapprovaltime,assignmentrejecttime,deadline,feedback,reject,Answer.id,Answer.catch_trials
0,405716,2298-c,yes,,liked,listener,yes,3TC2K6WK9F13I28WA9KZHTZ5HWL28M,3NJNX96T4K1G7FC29XZ10ZCYFVLGOG,Language study,A 20-minute experiment where you play a language game with another turker.,language experiment study communication stanford fun cognitive science,$1.75,Fri Feb 12 10:08:19 PST 2016,120,0,0,0,Reviewable,NotReviewed,1 cond,4800,60000,Sun Mar 13 11:08:19 PDT 2016,https://requester.mturk.com/mturk/manageHIT?HITId=3TC2K6WK9F13I28WA9KZHTZ5HWL28M,3YHH42UU5BEUNJNVFDURRUOIBO7L0G,0,Submitted,Sat Feb 13 03:01:19 PST 2016,Fri Feb 12 10:12:40 PST 2016,Fri Feb 12 10:21:19 PST 2016,,,,,,"""2298-c""",[]
1,426269,2298-c,yes,,okay,speaker,yes,3TC2K6WK9F13I28WA9KZHTZ5HWL28M,3NJNX96T4K1G7FC29XZ10ZCYFVLGOG,Language study,A 20-minute experiment where you play a language game with another turker.,language experiment study communication stanford fun cognitive science,$1.75,Fri Feb 12 10:08:19 PST 2016,120,0,0,0,Reviewable,NotReviewed,1 cond,4800,60000,Sun Mar 13 11:08:19 PDT 2016,https://requester.mturk.com/mturk/manageHIT?HITId=3TC2K6WK9F13I28WA9KZHTZ5HWL28M,39L1G8WVWQQDE4IO5QUR9DDBGUN13M,1,Submitted,Sat Feb 13 03:01:21 PST 2016,Fri Feb 12 10:12:50 PST 2016,Fri Feb 12 10:21:21 PST 2016,,,,,,"""2298-c""",[]
2,430047,8691-5,no,,loved,listener,yes,3TC2K6WK9F13I28WA9KZHTZ5HWL28M,3NJNX96T4K1G7FC29XZ10ZCYFVLGOG,Language study,A 20-minute experiment where you play a language game with another turker.,language experiment study communication stanford fun cognitive science,$1.75,Fri Feb 12 10:08:19 PST 2016,120,0,0,0,Reviewable,NotReviewed,1 cond,4800,60000,Sun Mar 13 11:08:19 PDT 2016,https://requester.mturk.com/mturk/manageHIT?HITId=3TC2K6WK9F13I28WA9KZHTZ5HWL28M,34BBWHLWHAAL58GANHQZ695UVPSIW1,2,Submitted,Sat Feb 13 03:03:12 PST 2016,Fri Feb 12 10:13:58 PST 2016,Fri Feb 12 10:23:12 PST 2016,,,,,,"""8691-5""",[]
3,34126,9810-d,yes,,okay,speaker,yes,3TC2K6WK9F13I28WA9KZHTZ5HWL28M,3NJNX96T4K1G7FC29XZ10ZCYFVLGOG,Language study,A 20-minute experiment where you play a language game with another turker.,language experiment study communication stanford fun cognitive science,$1.75,Fri Feb 12 10:08:19 PST 2016,120,0,0,0,Reviewable,NotReviewed,1 cond,4800,60000,Sun Mar 13 11:08:19 PDT 2016,https://requester.mturk.com/mturk/manageHIT?HITId=3TC2K6WK9F13I28WA9KZHTZ5HWL28M,3VFJCI1K4ZY21LTTYZGQYYKXOXKRGE,3,Submitted,Sat Feb 13 03:03:21 PST 2016,Fri Feb 12 10:12:46 PST 2016,Fri Feb 12 10:23:21 PST 2016,,,,,,"""9810-d""",[]
4,458228,8691-5,no,Interesting!,okay,speaker,yes,3TC2K6WK9F13I28WA9KZHTZ5HWL28M,3NJNX96T4K1G7FC29XZ10ZCYFVLGOG,Language study,A 20-minute experiment where you play a language game with another turker.,language experiment study communication stanford fun cognitive science,$1.75,Fri Feb 12 10:08:19 PST 2016,120,0,0,0,Reviewable,NotReviewed,1 cond,4800,60000,Sun Mar 13 11:08:19 PDT 2016,https://requester.mturk.com/mturk/manageHIT?HITId=3TC2K6WK9F13I28WA9KZHTZ5HWL28M,3TVSS0C0E1ZBEMWLHTP3KG73667WTV,4,Submitted,Sat Feb 13 03:03:29 PST 2016,Fri Feb 12 10:12:39 PST 2016,Fri Feb 12 10:23:29 PST 2016,,,,,,"""8691-5""",[]
5,546259,1997-d,yes,no,okay,speaker,yes,3TC2K6WK9F13I28WA9KZHTZ5HWL28M,3NJNX96T4K1G7FC29XZ10ZCYFVLGOG,Language study,A 20-minute experiment where you play a language game with another turker.,language experiment study communication stanford fun cognitive science,$1.75,Fri Feb 12 10:08:19 PST 2016,120,0,0,0,Reviewable,NotReviewed,1 cond,4800,60000,Sun Mar 13 11:08:19 PDT 2016,https://requester.mturk.com/mturk/manageHIT?HITId=3TC2K6WK9F13I28WA9KZHTZ5HWL28M,36PW28KO4ZVCIQBLQT4G35ABBDIAE9,5,Submitted,Sat Feb 13 03:04:38 PST 2016,Fri Feb 12 10:12:45 PST 2016,Fri Feb 12 10:24:38 PST 2016,,,,,,"""1997-d""",[]
6,540203,1997-d,yes,Well done.,liked,listener,yes,3TC2K6WK9F13I28WA9KZHTZ5HWL28M,3NJNX96T4K1G7FC29XZ10ZCYFVLGOG,Language study,A 20-minute experiment where you play a language game with another turker.,language experiment study communication stanford fun cognitive science,$1.75,Fri Feb 12 10:08:19 PST 2016,120,0,0,0,Reviewable,NotReviewed,1 cond,4800,60000,Sun Mar 13 11:08:19 PDT 2016,https://requester.mturk.com/mturk/manageHIT?HITId=3TC2K6WK9F13I28WA9KZHTZ5HWL28M,3U0SRXB7CD48BDAFL3TLOITUP97NRJ,6,Submitted,Sat Feb 13 03:04:44 PST 2016,Fri Feb 12 10:13:42 PST 2016,Fri Feb 12 10:24:44 PST 2016,,,,,,"""1997-d""",[]
7,521166,1749-c,yes,,liked,listener,yes,3TC2K6WK9F13I28WA9KZHTZ5HWL28M,3NJNX96T4K1G7FC29XZ10ZCYFVLGOG,Language study,A 20-minute experiment where you play a language game with another turker.,language experiment study communication stanford fun cognitive science,$1.75,Fri Feb 12 10:08:19 PST 2016,120,0,0,0,Reviewable,NotReviewed,1 cond,4800,60000,Sun Mar 13 11:08:19 PDT 2016,https://requester.mturk.com/mturk/manageHIT?HITId=3TC2K6WK9F13I28WA9KZHTZ5HWL28M,3NS0A6KXC47B3CFK8GA3K1MWXE3ZGF,7,Submitted,Sat Feb 13 03:04:49 PST 2016,Fri Feb 12 10:12:43 PST 2016,Fri Feb 12 10:24:49 PST 2016,,,,,,"""1749-c""",[]
8,527502,1749-c,yes,no,loved,speaker,yes,3TC2K6WK9F13I28WA9KZHTZ5HWL28M,3NJNX96T4K1G7FC29XZ10ZCYFVLGOG,Language study,A 20-minute experiment where you play a language game with another turker.,language experiment study communication stanford fun cognitive science,$1.75,Fri Feb 12 10:08:19 PST 2016,120,0,0,0,Reviewable,NotReviewed,1 cond,4800,60000,Sun Mar 13 11:08:19 PDT 2016,https://requester.mturk.com/mturk/manageHIT?HITId=3TC2K6WK9F13I28WA9KZHTZ5HWL28M,3LO69W1SU3CRYNYGTFJUCMBYI5WLGJ,8,Submitted,Sat Feb 13 03:04:53 PST 2016,Fri Feb 12 10:13:25 PST 2016,Fri Feb 12 10:24:53 PST 2016,,,,,,"""1749-c""",[]
9,472337,9973-0,no,no,liked,speaker,yes,3TC2K6WK9F13I28WA9KZHTZ5HWL28M,3NJNX96T4K1G7FC29XZ10ZCYFVLGOG,Language study,A 20-minute experiment where you play a language game with another turker.,language experiment study communication stanford fun cognitive science,$1.75,Fri Feb 12 10:08:19 PST 2016,120,0,0,0,Reviewable,NotReviewed,1 cond,4800,60000,Sun Mar 13 11:08:19 PDT 2016,https://requester.mturk.com/mturk/manageHIT?HITId=3TC2K6WK9F13I28WA9KZHTZ5HWL28M,33LK57MYLT4ETHOB3G4K9F5ZLPYSZT,9,Submitted,Sat Feb 13 03:05:01 PST 2016,Fri Feb 12 10:12:54 PST 2016,Fri Feb 12 10:25:01 PST 2016,,,,,,"""9973-0""",[]
10,475505,9973-0,yes,,loved,listener,yes,3TC2K6WK9F13I28WA9KZHTZ5HWL28M,3NJNX96T4K1G7FC29XZ10ZCYFVLGOG,Language study,A 20-minute experiment where you play a language game with another turker.,language experiment study communication stanford fun cognitive science,$1.75,Fri Feb 12 10:08:19 PST 2016,120,0,0,0,Reviewable,NotReviewed,1 cond,4800,60000,Sun Mar 13 11:08:19 PDT 2016,https://requester.mturk.com/mturk/manageHIT?HITId=3TC2K6WK9F13I28WA9KZHTZ5HWL28M,32AT8R96GL8X7IU1XT5CSNQKJ7JSU4,10,Submitted,Sat Feb 13 03:05:05 PST 2016,Fri Feb 12 10:12:38 PST 2016,Fri Feb 12 10:25:05 PST 2016,,,,,,"""9973-0""",[]
11,371694,6879-8,yes,,loved,speaker,yes,3TC2K6WK9F13I28WA9KZHTZ5HWL28M,3NJNX96T4K1G7FC29XZ10ZCYFVLGOG,Language study,A 20-minute experiment where you play a language game with another turker.,language experiment study communication stanford fun cognitive science,$1.75,Fri Feb 12 10:08:19 PST 2016,120,0,0,0,Reviewable,NotReviewed,1 cond,4800,60000,Sun Mar 13 11:08:19 PDT 2016,https://requester.mturk.com/mturk/manageHIT?HITId=3TC2K6WK9F13I28WA9KZHTZ5HWL28M,3Z4AIRP3C6CPU2P2PF1FGT2FNPMX1G,11,Submitted,Sat Feb 13 03:05:07 PST 2016,Fri Feb 12 10:12:57 PST 2016,Fri Feb 12 10:25:07 PST 2016,,,,,,"""6879-8""",[]
12,379429,6879-8,yes,No comments,liked,listener,yes,3TC2K6WK9F13I28WA9KZHTZ5HWL28M,3NJNX96T4K1G7FC29XZ10ZCYFVLGOG,Language study,A 20-minute experiment where you play a language game with another turker.,language experiment study communication stanford fun cognitive science,$1.75,Fri Feb 12 10:08:19 PST 2016,120,0,0,0,Reviewable,NotReviewed,1 cond,4800,60000,Sun Mar 13 11:08:19 PDT 2016,https://requester.mturk.com/mturk/manageHIT?HITId=3TC2K6WK9F13I28WA9KZHTZ5HWL28M,37W3JXSD6677V8VFRZC2SXZIL8PWYK,12,Submitted,Sat Feb 13 03:05:15 PST 2016,Fri Feb 12 10:12:47 PST 2016,Fri Feb 12 10:25:15 PST 2016,,,,,,"""6879-8""",[]
13,618688,4633-0,yes,No,okay,listener,yes,3TC2K6WK9F13I28WA9KZHTZ5HWL28M,3NJNX96T4K1G7FC29XZ10ZCYFVLGOG,Language study,A 20-minute experiment where you play a language game with another turker.,language experiment study communication stanford fun cognitive science,$1.75,Fri Feb 12 10:08:19 PST 2016,120,0,0,0,Reviewable,NotReviewed,1 cond,4800,60000,Sun Mar 13 11:08:19 PDT 2016,https://requester.mturk.com/mturk/manageHIT?HITId=3TC2K6WK9F13I28WA9KZHTZ5HWL28M,3EJJQNKU9R4G1HO4I5Y8JYWY3XXRHD,13,Submitted,Sat Feb 13 03:05:50 PST 2016,Fri Feb 12 10:12:48 PST 2016,Fri Feb 12 10:25:50 PST 2016,,,,,,"""4633-0""",[]
14,438536,4886-d,yes,Thank you!,loved,listener,yes,3TC2K6WK9F13I28WA9KZHTZ5HWL28M,3NJNX96T4K1G7FC29XZ10ZCYFVLGOG,Language study,A 20-minute experiment where you play a language game with another turker.,language experiment study communication stanford fun cognitive science,$1.75,Fri Feb 12 10:08:19 PST 2016,120,0,0,0,Reviewable,NotReviewed,1 cond,4800,60000,Sun Mar 13 11:08:19 PDT 2016,https://requester.mturk.com/mturk/manageHIT?HITId=3TC2K6WK9F13I28WA9KZHTZ5HWL28M,3QBD8R3Z21IJSS8TB6XLVEIPN5SO4G,14,Submitted,Sat Feb 13 03:05:54 PST 2016,Fri Feb 12 10:16:34 PST 2016,Fri Feb 12 10:25:54 PST 2016,,,,,,"""4886-d""",[]
15,562340,5664-b,yes,"This was fun -- thanks",loved,listener,yes,3TC2K6WK9F13I28WA9KZHTZ5HWL28M,3NJNX96T4K1G7FC29XZ10ZCYFVLGOG,Language study,A 20-minute experiment where you play a language game with another turker.,language experiment study communication stanford fun cognitive science,$1.75,Fri Feb 12 10:08:19 PST 2016,120,0,0,0,Reviewable,NotReviewed,1 cond,4800,60000,Sun Mar 13 11:08:19 PDT 2016,https://requester.mturk.com/mturk/manageHIT?HITId=3TC2K6WK9F13I28WA9KZHTZ5HWL28M,3S06PH7KSR3BWWKLYF03MMZN77BD1V,15,Submitted,Sat Feb 13 03:05:57 PST 2016,Fri Feb 12 10:13:08 PST 2016,Fri Feb 12 10:25:57 PST 2016,,,,,,"""5664-b""",[]
16,540399,9165-a,yes,,loved,listener,yes,3TC2K6WK9F13I28WA9KZHTZ5HWL28M,3NJNX96T4K1G7FC29XZ10ZCYFVLGOG,Language study,A 20-minute experiment where you play a language game with another turker.,language experiment study communication stanford fun cognitive science,$1.75,Fri Feb 12 10:08:19 PST 2016,120,0,0,0,Reviewable,NotReviewed,1 cond,4800,60000,Sun Mar 13 11:08:19 PDT 2016,https://requester.mturk.com/mturk/manageHIT?HITId=3TC2K6WK9F13I28WA9KZHTZ5HWL28M,3EF8EXOTT1UOZIKD8BMEPKU0CR8J1F,16,Submitted,Sat Feb 13 03:05:59 PST 2016,Fri Feb 12 10:14:34 PST 2016,Fri Feb 12 10:25:59 PST 2016,,,,,,"""9165-a""",[]
17,542123,9165-a,yes,No comment,okay,speaker,yes,3TC2K6WK9F13I28WA9KZHTZ5HWL28M,3NJNX96T4K1G7FC29XZ10ZCYFVLGOG,Language study,A 20-minute experiment where you play a language game with another turker.,language experiment study communication stanford fun cognitive science,$1.75,Fri Feb 12 10:08:19 PST 2016,120,0,0,0,Reviewable,NotReviewed,1 cond,4800,60000,Sun Mar 13 11:08:19 PDT 2016,https://requester.mturk.com/mturk/manageHIT?HITId=3TC2K6WK9F13I28WA9KZHTZ5HWL28M,31LM9EDVOLRRDPR2DYKCMR73FSDNJR,17,Submitted,Sat Feb 13 03:06:00 PST 2016,Fri Feb 12 10:12:59 PST 2016,Fri Feb 12 10:26:00 PST 2016,,,,,,"""9165-a""",[]
18,577075,5664-b,no,This was interesting.,liked,speaker,yes,3TC2K6WK9F13I28WA9KZHTZ5HWL28M,3NJNX96T4K1G7FC29XZ10ZCYFVLGOG,Language study,A 20-minute experiment where you play a language game with another turker.,language experiment study communication stanford fun cognitive science,$1.75,Fri Feb 12 10:08:19 PST 2016,120,0,0,0,Reviewable,NotReviewed,1 cond,4800,60000,Sun Mar 13 11:08:19 PDT 2016,https://requester.mturk.com/mturk/manageHIT?HITId=3TC2K6WK9F13I28WA9KZHTZ5HWL28M,38JBBYETQO9XG1V4HSUPQ2OBJ3M4ES,18,Submitted,Sat Feb 13 03:06:08 PST 2016,Fri Feb 12 10:12:58 PST 2016,Fri Feb 12 10:26:08 PST 2016,,,,,,"""5664-b""",[]
19,543711,4855-c,yes,,loved,speaker,yes,3TC2K6WK9F13I28WA9KZHTZ5HWL28M,3NJNX96T4K1G7FC29XZ10ZCYFVLGOG,Language study,A 20-minute experiment where you play a language game with another turker.,language experiment study communication stanford fun cognitive science,$1.75,Fri Feb 12 10:08:19 PST 2016,120,0,0,0,Reviewable,NotReviewed,1 cond,4800,60000,Sun Mar 13 11:08:19 PDT 2016,https://requester.mturk.com/mturk/manageHIT?HITId=3TC2K6WK9F13I28WA9KZHTZ5HWL28M,3YZ8UPK3VTLH015507FCDIM2X4XCUU,19,Submitted,Sat Feb 13 03:07:17 PST 2016,Fri Feb 12 10:16:14 PST 2016,Fri Feb 12 10:27:17 PST 2016,,,,,,"""4855-c""",[]
20,559624,4855-c,yes,This was very fun! Thanks~+~,loved,listener,yes,3TC2K6WK9F13I28WA9KZHTZ5HWL28M,3NJNX96T4K1G7FC29XZ10ZCYFVLGOG,Language study,A 20-minute experiment where you play a language game with another turker.,language experiment study communication stanford fun cognitive science,$1.75,Fri Feb 12 10:08:19 PST 2016,120,0,0,0,Reviewable,NotReviewed,1 cond,4800,60000,Sun Mar 13 11:08:19 PDT 2016,https://requester.mturk.com/mturk/manageHIT?HITId=3TC2K6WK9F13I28WA9KZHTZ5HWL28M,3AAJC4I4FGRLUE5LGMV6HEECP6KZJJ,20,Submitted,Sat Feb 13 03:07:32 PST 2016,Fri Feb 12 10:13:09 PST 2016,Fri Feb 12 10:27:32 PST 2016,,,,,,"""4855-c""",[]
21,737994,2662-0,yes,No,loved,listener,yes,3TC2K6WK9F13I28WA9KZHTZ5HWL28M,3NJNX96T4K1G7FC29XZ10ZCYFVLGOG,Language study,A 20-minute experiment where you play a language game with another turker.,language experiment study communication stanford fun cognitive science,$1.75,Fri Feb 12 10:08:19 PST 2016,120,0,0,0,Reviewable,NotReviewed,1 cond,4800,60000,Sun Mar 13 11:08:19 PDT 2016,https://requester.mturk.com/mturk/manageHIT?HITId=3TC2K6WK9F13I28WA9KZHTZ5HWL28M,3TK8OJTYM1K07539A2BNT4NSAULVPG,21,Submitted,Sat Feb 13 03:07:40 PST 2016,Fri Feb 12 10:12:40 PST 2016,Fri Feb 12 10:27:40 PST 2016,,,,,,"""2662-0""",[]
22,767826,2662-0,yes,no,okay,speaker,yes,3TC2K6WK9F13I28WA9KZHTZ5HWL28M,3NJNX96T4K1G7FC29XZ10ZCYFVLGOG,Language study,A 20-minute experiment where you play a language game with another turker.,language experiment study communication stanford fun cognitive science,$1.75,Fri Feb 12 10:08:19 PST 2016,120,0,0,0,Reviewable,NotReviewed,1 cond,4800,60000,Sun Mar 13 11:08:19 PDT 2016,https://requester.mturk.com/mturk/manageHIT?HITId=3TC2K6WK9F13I28WA9KZHTZ5HWL28M,3YW4XOSQKQKXDYV7KAQSWM3BT75U1L,22,Submitted,Sat Feb 13 03:07:44 PST 2016,Fri Feb 12 10:12:49 PST 2016,Fri Feb 12 10:27:44 PST 2016,,,,,,"""2662-0""",[]
23,737129,3791-8,yes,,liked,speaker,yes,3TC2K6WK9F13I28WA9KZHTZ5HWL28M,3NJNX96T4K1G7FC29XZ10ZCYFVLGOG,Language study,A 20-minute experiment where you play a language game with another turker.,language experiment study communication stanford fun cognitive science,$1.75,Fri Feb 12 10:08:19 PST 2016,120,0,0,0,Reviewable,NotReviewed,1 cond,4800,60000,Sun Mar 13 11:08:19 PDT 2016,https://requester.mturk.com/mturk/manageHIT?HITId=3TC2K6WK9F13I28WA9KZHTZ5HWL28M,3K9FOBBF2HIX8FF2GJWP26KVJHINLT,23,Submitted,Sat Feb 13 03:08:31 PST 2016,Fri Feb 12 10:13:10 PST 2016,Fri Feb 12 10:28:31 PST 2016,,,,,,"""3791-8""",[]
24,722657,3791-8,no,none,liked,listener,yes,3TC2K6WK9F13I28WA9KZHTZ5HWL28M,3NJNX96T4K1G7FC29XZ10ZCYFVLGOG,Language study,A 20-minute experiment where you play a language game with another turker.,language experiment study communication stanford fun cognitive science,$1.75,Fri Feb 12 10:08:19 PST 2016,120,0,0,0,Reviewable,NotReviewed,1 cond,4800,60000,Sun Mar 13 11:08:19 PDT 2016,https://requester.mturk.com/mturk/manageHIT?HITId=3TC2K6WK9F13I28WA9KZHTZ5HWL28M,3R8YZBNQ9HHJWR3SSHNWNVXZT807QR,24,Submitted,Sat Feb 13 03:08:35 PST 2016,Fri Feb 12 10:13:25 PST 2016,Fri Feb 12 10:28:35 PST 2016,,,,,,"""3791-8""",[]
25,449582,4810-9,yes,Nope,liked,listener,yes,3TC2K6WK9F13I28WA9KZHTZ5HWL28M,3NJNX96T4K1G7FC29XZ10ZCYFVLGOG,Language study,A 20-minute experiment where you play a language game with another turker.,language experiment study communication stanford fun cognitive science,$1.75,Fri Feb 12 10:08:19 PST 2016,120,0,0,0,Reviewable,NotReviewed,1 cond,4800,60000,Sun Mar 13 11:08:19 PDT 2016,https://requester.mturk.com/mturk/manageHIT?HITId=3TC2K6WK9F13I28WA9KZHTZ5HWL28M,39U1BHVTDLQENOUX79E1FJW68DDT3M,25,Submitted,Sat Feb 13 03:09:11 PST 2016,Fri Feb 12 10:13:02 PST 2016,Fri Feb 12 10:29:11 PST 2016,,,,,,"""4810-9""",[]
26,544954,5222-f,yes,great hit,okay,speaker,yes,3TC2K6WK9F13I28WA9KZHTZ5HWL28M,3NJNX96T4K1G7FC29XZ10ZCYFVLGOG,Language study,A 20-minute experiment where you play a language game with another turker.,language experiment study communication stanford fun cognitive science,$1.75,Fri Feb 12 10:08:19 PST 2016,120,0,0,0,Reviewable,NotReviewed,1 cond,4800,60000,Sun Mar 13 11:08:19 PDT 2016,https://requester.mturk.com/mturk/manageHIT?HITId=3TC2K6WK9F13I28WA9KZHTZ5HWL28M,3I2PTA7R3TT7R6ACBBC5R02LZS0QKG,26,Submitted,Sat Feb 13 03:09:18 PST 2016,Fri Feb 12 10:13:22 PST 2016,Fri Feb 12 10:29:18 PST 2016,,,,,,"""5222-f""",[]
27,736661,4242-5,yes,none,loved,listener,yes,3TC2K6WK9F13I28WA9KZHTZ5HWL28M,3NJNX96T4K1G7FC29XZ10ZCYFVLGOG,Language study,A 20-minute experiment where you play a language game with another turker.,language experiment study communication stanford fun cognitive science,$1.75,Fri Feb 12 10:08:19 PST 2016,120,0,0,0,Reviewable,NotReviewed,1 cond,4800,60000,Sun Mar 13 11:08:19 PDT 2016,https://requester.mturk.com/mturk/manageHIT?HITId=3TC2K6WK9F13I28WA9KZHTZ5HWL28M,3AWETUDC92RPZ3LFY4A65DZCCRVZI7,27,Submitted,Sat Feb 13 03:10:06 PST 2016,Fri Feb 12 10:12:49 PST 2016,Fri Feb 12 10:30:06 PST 2016,,,,,,"""4242-5""",[]
28,753032,4242-5,yes,None,loved,speaker,yes,3TC2K6WK9F13I28WA9KZHTZ5HWL28M,3NJNX96T4K1G7FC29XZ10ZCYFVLGOG,Language study,A 20-minute experiment where you play a language game with another turker.,language experiment study communication stanford fun cognitive science,$1.75,Fri Feb 12 10:08:19 PST 2016,120,0,0,0,Reviewable,NotReviewed,1 cond,4800,60000,Sun Mar 13 11:08:19 PDT 2016,https://requester.mturk.com/mturk/manageHIT?HITId=3TC2K6WK9F13I28WA9KZHTZ5HWL28M,3NGMS9VZTLHZKVSPWKAEZO62KUAFF9,28,Submitted,Sat Feb 13 03:10:13 PST 2016,Fri Feb 12 10:12:44 PST 2016,Fri Feb 12 10:30:13 PST 2016,,,,,,"""4242-5""",[]
29,573853,8691-9,yes,,loved,speaker,yes,3TC2K6WK9F13I28WA9KZHTZ5HWL28M,3NJNX96T4K1G7FC29XZ10ZCYFVLGOG,Language study,A 20-minute experiment where you play a language game with another turker.,language experiment study communication stanford fun cognitive science,$1.75,Fri Feb 12 10:08:19 PST 2016,120,0,0,0,Reviewable,NotReviewed,1 cond,4800,60000,Sun Mar 13 11:08:19 PDT 2016,https://requester.mturk.com/mturk/manageHIT?HITId=3TC2K6WK9F13I28WA9KZHTZ5HWL28M,3OLF68YTN904O4BHL4OMLNVBNEXFAW,29,Submitted,Sat Feb 13 03:10:16 PST 2016,Fri Feb 12 10:12:37 PST 2016,Fri Feb 12 10:30:16 PST 2016,,,,,,"""8691-9""",[]
30,418056,5611-0,yes,,loved,speaker,yes,3TC2K6WK9F13I28WA9KZHTZ5HWL28M,3NJNX96T4K1G7FC29XZ10ZCYFVLGOG,Language study,A 20-minute experiment where you play a language game with another turker.,language experiment study communication stanford fun cognitive science,$1.75,Fri Feb 12 10:08:19 PST 2016,120,0,0,0,Reviewable,NotReviewed,1 cond,4800,60000,Sun Mar 13 11:08:19 PDT 2016,https://requester.mturk.com/mturk/manageHIT?HITId=3TC2K6WK9F13I28WA9KZHTZ5HWL28M,3HMVI3QICJREU7FCUBNHZ79OPVH1YR,30,Submitted,Sat Feb 13 03:10:38 PST 2016,Fri Feb 12 10:13:11 PST 2016,Fri Feb 12 10:30:38 PST 2016,,,,,,"""5611-0""",[]
31,383517,5611-0,yes,It was indeed fun,liked,listener,yes,3TC2K6WK9F13I28WA9KZHTZ5HWL28M,3NJNX96T4K1G7FC29XZ10ZCYFVLGOG,Language study,A 20-minute experiment where you play a language game with another turker.,language experiment study communication stanford fun cognitive science,$1.75,Fri Feb 12 10:08:19 PST 2016,120,0,0,0,Reviewable,NotReviewed,1 cond,4800,60000,Sun Mar 13 11:08:19 PDT 2016,https://requester.mturk.com/mturk/manageHIT?HITId=3TC2K6WK9F13I28WA9KZHTZ5HWL28M,3NL0RFNU0FM021NEDE5SOX1G30I4KC,31,Submitted,Sat Feb 13 03:10:51 PST 2016,Fri Feb 12 10:19:41 PST 2016,Fri Feb 12 10:30:51 PST 2016,,,,,,"""5611-0""",[]
32,648569,5222-f,yes,On two rounds all squares were blank. On the final round only two square had images and neither matched my partners description.,loved,listener,yes,3TC2K6WK9F13I28WA9KZHTZ5HWL28M,3NJNX96T4K1G7FC29XZ10ZCYFVLGOG,Language study,A 20-minute experiment where you play a language game with another turker.,language experiment study communication stanford fun cognitive science,$1.75,Fri Feb 12 10:08:19 PST 2016,120,0,0,0,Reviewable,NotReviewed,1 cond,4800,60000,Sun Mar 13 11:08:19 PDT 2016,https://requester.mturk.com/mturk/manageHIT?HITId=3TC2K6WK9F13I28WA9KZHTZ5HWL28M,3WI0P0II61RZP1J2W9FISDH0B54RD4,32,Submitted,Sat Feb 13 03:11:05 PST 2016,Fri Feb 12 10:14:12 PST 2016,Fri Feb 12 10:31:05 PST 2016,,,,,,"""5222-f""",[]
33,614058,8691-9,yes,Some of the pictures would not change colors with the clicking.,okay,listener,yes,3TC2K6WK9F13I28WA9KZHTZ5HWL28M,3NJNX96T4K1G7FC29XZ10ZCYFVLGOG,Language study,A 20-minute experiment where you play a language game with another turker.,language experiment study communication stanford fun cognitive science,$1.75,Fri Feb 12 10:08:19 PST 2016,120,0,0,0,Reviewable,NotReviewed,1 cond,4800,60000,Sun Mar 13 11:08:19 PDT 2016,https://requester.mturk.com/mturk/manageHIT?HITId=3TC2K6WK9F13I28WA9KZHTZ5HWL28M,3FTOP5WARFNOSTZVCSIEBFBQ7Z2J0C,33,Submitted,Sat Feb 13 03:11:19 PST 2016,Fri Feb 12 10:14:06 PST 2016,Fri Feb 12 10:31:19 PST 2016,,,,,,"""8691-9""",[]
34,614210,4810-9,yes,Worked well but occasionally would freeze for long periods of time.  Kicked out after 33 rounds.,okay,speaker,yes,3TC2K6WK9F13I28WA9KZHTZ5HWL28M,3NJNX96T4K1G7FC29XZ10ZCYFVLGOG,Language study,A 20-minute experiment where you play a language game with another turker.,language experiment study communication stanford fun cognitive science,$1.75,Fri Feb 12 10:08:19 PST 2016,120,0,0,0,Reviewable,NotReviewed,1 cond,4800,60000,Sun Mar 13 11:08:19 PDT 2016,https://requester.mturk.com/mturk/manageHIT?HITId=3TC2K6WK9F13I28WA9KZHTZ5HWL28M,3QAVNHZ3EM3QOWLD7FRKG00VKAJALW,34,Submitted,Sat Feb 13 03:11:21 PST 2016,Fri Feb 12 10:13:32 PST 2016,Fri Feb 12 10:31:21 PST 2016,,,,,,"""4810-9""",[]
35,729844,0842-a,no,No.,liked,listener,yes,3TC2K6WK9F13I28WA9KZHTZ5HWL28M,3NJNX96T4K1G7FC29XZ10ZCYFVLGOG,Language study,A 20-minute experiment where you play a language game with another turker.,language experiment study communication stanford fun cognitive science,$1.75,Fri Feb 12 10:08:19 PST 2016,120,0,0,0,Reviewable,NotReviewed,1 cond,4800,60000,Sun Mar 13 11:08:19 PDT 2016,https://requester.mturk.com/mturk/manageHIT?HITId=3TC2K6WK9F13I28WA9KZHTZ5HWL28M,3II4UPYCOJ6ZD042JUQINN7VFJ3QD3,35,Submitted,Sat Feb 13 03:12:06 PST 2016,Fri Feb 12 10:13:51 PST 2016,Fri Feb 12 10:32:06 PST 2016,,,,,,"""0842-a""",[]
36,468582,4205-4,yes,no,loved,listener,yes,3TC2K6WK9F13I28WA9KZHTZ5HWL28M,3NJNX96T4K1G7FC29XZ10ZCYFVLGOG,Language study,A 20-minute experiment where you play a language game with another turker.,language experiment study communication stanford fun cognitive science,$1.75,Fri Feb 12 10:08:19 PST 2016,120,0,0,0,Reviewable,NotReviewed,1 cond,4800,60000,Sun Mar 13 11:08:19 PDT 2016,https://requester.mturk.com/mturk/manageHIT?HITId=3TC2K6WK9F13I28WA9KZHTZ5HWL28M,3E47SOBEYQVCRAA56QQYUFYR39AICS,36,Submitted,Sat Feb 13 03:12:26 PST 2016,Fri Feb 12 10:12:42 PST 2016,Fri Feb 12 10:32:26 PST 2016,,,,,,"""4205-4""",[]
37,478539,4205-4,yes,"no -- but thank you",okay,speaker,yes,3TC2K6WK9F13I28WA9KZHTZ5HWL28M,3NJNX96T4K1G7FC29XZ10ZCYFVLGOG,Language study,A 20-minute experiment where you play a language game with another turker.,language experiment study communication stanford fun cognitive science,$1.75,Fri Feb 12 10:08:19 PST 2016,120,0,0,0,Reviewable,NotReviewed,1 cond,4800,60000,Sun Mar 13 11:08:19 PDT 2016,https://requester.mturk.com/mturk/manageHIT?HITId=3TC2K6WK9F13I28WA9KZHTZ5HWL28M,340UGXU9DY0DZAB5ROAH3AARIBDVUC,37,Submitted,Sat Feb 13 03:12:27 PST 2016,Fri Feb 12 10:12:55 PST 2016,Fri Feb 12 10:32:27 PST 2016,,,,,,"""4205-4""",[]
38,768433,0842-a,yes,Cool experiment! :) And I&quotecharm fluent English speaker :),loved,speaker,no,3TC2K6WK9F13I28WA9KZHTZ5HWL28M,3NJNX96T4K1G7FC29XZ10ZCYFVLGOG,Language study,A 20-minute experiment where you play a language game with another turker.,language experiment study communication stanford fun cognitive science,$1.75,Fri Feb 12 10:08:19 PST 2016,120,0,0,0,Reviewable,NotReviewed,1 cond,4800,60000,Sun Mar 13 11:08:19 PDT 2016,https://requester.mturk.com/mturk/manageHIT?HITId=3TC2K6WK9F13I28WA9KZHTZ5HWL28M,3ZDAD0O1T1CQ3M1BRYLPMZLAF8DTXL,38,Submitted,Sat Feb 13 03:12:43 PST 2016,Fri Feb 12 10:15:11 PST 2016,Fri Feb 12 10:32:43 PST 2016,,,,,,"""0842-a""",[]
39,630493,3197-1,yes,,loved,speaker,yes,3TC2K6WK9F13I28WA9KZHTZ5HWL28M,3NJNX96T4K1G7FC29XZ10ZCYFVLGOG,Language study,A 20-minute experiment where you play a language game with another turker.,language experiment study communication stanford fun cognitive science,$1.75,Fri Feb 12 10:08:19 PST 2016,120,0,0,0,Reviewable,NotReviewed,1 cond,4800,60000,Sun Mar 13 11:08:19 PDT 2016,https://requester.mturk.com/mturk/manageHIT?HITId=3TC2K6WK9F13I28WA9KZHTZ5HWL28M,39JEC7537U0HDGU55XPH94OLBB6CVJ,39,Submitted,Sat Feb 13 03:13:12 PST 2016,Fri Feb 12 10:12:40 PST 2016,Fri Feb 12 10:33:12 PST 2016,,,,,,"""3197-1""",[]
40,642353,3197-1,no,,loved,listener,yes,3TC2K6WK9F13I28WA9KZHTZ5HWL28M,3NJNX96T4K1G7FC29XZ10ZCYFVLGOG,Language study,A 20-minute experiment where you play a language game with another turker.,language experiment study communication stanford fun cognitive science,$1.75,Fri Feb 12 10:08:19 PST 2016,120,0,0,0,Reviewable,NotReviewed,1 cond,4800,60000,Sun Mar 13 11:08:19 PDT 2016,https://requester.mturk.com/mturk/manageHIT?HITId=3TC2K6WK9F13I28WA9KZHTZ5HWL28M,3Z4AIRP3C6CPU2P2PF1FGT2FNPN1XL,40,Submitted,Sat Feb 13 03:13:28 PST 2016,Fri Feb 12 10:12:46 PST 2016,Fri Feb 12 10:33:28 PST 2016,,,,,,"""3197-1""",[]
41,528648,9554-c,yes,,loved,speaker,yes,3TC2K6WK9F13I28WA9KZHTZ5HWL28M,3NJNX96T4K1G7FC29XZ10ZCYFVLGOG,Language study,A 20-minute experiment where you play a language game with another turker.,language experiment study communication stanford fun cognitive science,$1.75,Fri Feb 12 10:08:19 PST 2016,120,0,0,0,Reviewable,NotReviewed,1 cond,4800,60000,Sun Mar 13 11:08:19 PDT 2016,https://requester.mturk.com/mturk/manageHIT?HITId=3TC2K6WK9F13I28WA9KZHTZ5HWL28M,39GAF6DQWRZXQDK7P00XS85U7EF1VI,41,Submitted,Sat Feb 13 03:13:46 PST 2016,Fri Feb 12 10:12:43 PST 2016,Fri Feb 12 10:33:46 PST 2016,,,,,,"""9554-c""",[]
42,471419,9554-c,yes,"Thanks -- this was a lot of fun and the partner was very competent.",loved,listener,yes,3TC2K6WK9F13I28WA9KZHTZ5HWL28M,3NJNX96T4K1G7FC29XZ10ZCYFVLGOG,Language study,A 20-minute experiment where you play a language game with another turker.,language experiment study communication stanford fun cognitive science,$1.75,Fri Feb 12 10:08:19 PST 2016,120,0,0,0,Reviewable,NotReviewed,1 cond,4800,60000,Sun Mar 13 11:08:19 PDT 2016,https://requester.mturk.com/mturk/manageHIT?HITId=3TC2K6WK9F13I28WA9KZHTZ5HWL28M,30IQTZXKAK5PND4KTWXF2OJ5IXI0XI,42,Submitted,Sat Feb 13 03:13:52 PST 2016,Fri Feb 12 10:12:33 PST 2016,Fri Feb 12 10:33:52 PST 2016,,,,,,"""9554-c""",[]
43,1054068,0082-3,yes,,loved,listener,yes,3TC2K6WK9F13I28WA9KZHTZ5HWL28M,3NJNX96T4K1G7FC29XZ10ZCYFVLGOG,Language study,A 20-minute experiment where you play a language game with another turker.,language experiment study communication stanford fun cognitive science,$1.75,Fri Feb 12 10:08:19 PST 2016,120,0,0,0,Reviewable,NotReviewed,1 cond,4800,60000,Sun Mar 13 11:08:19 PDT 2016,https://requester.mturk.com/mturk/manageHIT?HITId=3TC2K6WK9F13I28WA9KZHTZ5HWL28M,3P4RDNWND55ZZOGBGI7KHJBMTTJIJ6,43,Submitted,Sat Feb 13 03:14:18 PST 2016,Fri Feb 12 10:12:58 PST 2016,Fri Feb 12 10:34:18 PST 2016,,,,,,"""0082-3""",[]
44,446654,0327-7,yes,Fun,loved,speaker,yes,3TC2K6WK9F13I28WA9KZHTZ5HWL28M,3NJNX96T4K1G7FC29XZ10ZCYFVLGOG,Language study,A 20-minute experiment where you play a language game with another turker.,language experiment study communication stanford fun cognitive science,$1.75,Fri Feb 12 10:08:19 PST 2016,120,0,0,0,Reviewable,NotReviewed,1 cond,4800,60000,Sun Mar 13 11:08:19 PDT 2016,https://requester.mturk.com/mturk/manageHIT?HITId=3TC2K6WK9F13I28WA9KZHTZ5HWL28M,3O7L7BFSHEORO8UJ2HWTK3YUOLPIEN,44,Submitted,Sat Feb 13 03:14:33 PST 2016,Fri Feb 12 10:24:31 PST 2016,Fri Feb 12 10:34:33 PST 2016,,,,,,"""0327-7""",[]
45,770958,5895-f,no,no,liked,speaker,yes,3TC2K6WK9F13I28WA9KZHTZ5HWL28M,3NJNX96T4K1G7FC29XZ10ZCYFVLGOG,Language study,A 20-minute experiment where you play a language game with another turker.,language experiment study communication stanford fun cognitive science,$1.75,Fri Feb 12 10:08:19 PST 2016,120,0,0,0,Reviewable,NotReviewed,1 cond,4800,60000,Sun Mar 13 11:08:19 PDT 2016,https://requester.mturk.com/mturk/manageHIT?HITId=3TC2K6WK9F13I28WA9KZHTZ5HWL28M,3J4Q2Z4UTY2YM64T0PV8FBWGMZ9QWC,45,Submitted,Sat Feb 13 03:14:46 PST 2016,Fri Feb 12 10:13:48 PST 2016,Fri Feb 12 10:34:46 PST 2016,,,,,,"""5895-f""",[]
46,1086444,0082-3,no,"no comments -- thank you",okay,speaker,yes,3TC2K6WK9F13I28WA9KZHTZ5HWL28M,3NJNX96T4K1G7FC29XZ10ZCYFVLGOG,Language study,A 20-minute experiment where you play a language game with another turker.,language experiment study communication stanford fun cognitive science,$1.75,Fri Feb 12 10:08:19 PST 2016,120,0,0,0,Reviewable,NotReviewed,1 cond,4800,60000,Sun Mar 13 11:08:19 PDT 2016,https://requester.mturk.com/mturk/manageHIT?HITId=3TC2K6WK9F13I28WA9KZHTZ5HWL28M,3LWJHTCVCCLWBKIYA0L8BNAGRWJFQ3,46,Submitted,Sat Feb 13 03:14:47 PST 2016,Fri Feb 12 10:13:17 PST 2016,Fri Feb 12 10:34:47 PST 2016,,,,,,"""0082-3""",[]
47,420189,0327-7,yes,Thank you! Partner was spot on!! They deserve a bonus,loved,listener,yes,3TC2K6WK9F13I28WA9KZHTZ5HWL28M,3NJNX96T4K1G7FC29XZ10ZCYFVLGOG,Language study,A 20-minute experiment where you play a language game with another turker.,language experiment study communication stanford fun cognitive science,$1.75,Fri Feb 12 10:08:19 PST 2016,120,0,0,0,Reviewable,NotReviewed,1 cond,4800,60000,Sun Mar 13 11:08:19 PDT 2016,https://requester.mturk.com/mturk/manageHIT?HITId=3TC2K6WK9F13I28WA9KZHTZ5HWL28M,3F6KKYWMNB0EA3RA32Y1JTCQA8GNDD,47,Submitted,Sat Feb 13 03:14:47 PST 2016,Fri Feb 12 10:12:43 PST 2016,Fri Feb 12 10:34:47 PST 2016,,,,,,"""0327-7""",[]
48,784886,5895-f,yes,thank you. this was very fun!,loved,listener,yes,3TC2K6WK9F13I28WA9KZHTZ5HWL28M,3NJNX96T4K1G7FC29XZ10ZCYFVLGOG,Language study,A 20-minute experiment where you play a language game with another turker.,language experiment study communication stanford fun cognitive science,$1.75,Fri Feb 12 10:08:19 PST 2016,120,0,0,0,Reviewable,NotReviewed,1 cond,4800,60000,Sun Mar 13 11:08:19 PDT 2016,https://requester.mturk.com/mturk/manageHIT?HITId=3TC2K6WK9F13I28WA9KZHTZ5HWL28M,37UEWGM5HT75X63QGGVNRBGRM82R1F,48,Submitted,Sat Feb 13 03:15:02 PST 2016,Fri Feb 12 10:14:23 PST 2016,Fri Feb 12 10:35:02 PST 2016,,,,,,"""5895-f""",[]
49,484430,7949-f,yes,,loved,speaker,yes,3TC2K6WK9F13I28WA9KZHTZ5HWL28M,3NJNX96T4K1G7FC29XZ10ZCYFVLGOG,Language study,A 20-minute experiment where you play a language game with another turker.,language experiment study communication stanford fun cognitive science,$1.75,Fri Feb 12 10:08:19 PST 2016,120,0,0,0,Reviewable,NotReviewed,1 cond,4800,60000,Sun Mar 13 11:08:19 PDT 2016,https://requester.mturk.com/mturk/manageHIT?HITId=3TC2K6WK9F13I28WA9KZHTZ5HWL28M,337RC3OW051AGKOBIAIGCNE85KKVLI,49,Submitted,Sat Feb 13 03:16:24 PST 2016,Fri Feb 12 10:19:14 PST 2016,Fri Feb 12 10:36:24 PST 2016,,,,,,"""7949-f""",[]
50,636047,8344-c,yes,,okay,listener,yes,3TC2K6WK9F13I28WA9KZHTZ5HWL28M,3NJNX96T4K1G7FC29XZ10ZCYFVLGOG,Language study,A 20-minute experiment where you play a language game with another turker.,language experiment study communication stanford fun cognitive science,$1.75,Fri Feb 12 10:08:19 PST 2016,120,0,0,0,Reviewable,NotReviewed,1 cond,4800,60000,Sun Mar 13 11:08:19 PDT 2016,https://requester.mturk.com/mturk/manageHIT?HITId=3TC2K6WK9F13I28WA9KZHTZ5HWL28M,3PXX5PX6LXXEBNZ1G22Q2X4Q8G5AB9,50,Submitted,Sat Feb 13 03:16:41 PST 2016,Fri Feb 12 10:12:34 PST 2016,Fri Feb 12 10:36:41 PST 2016,,,,,,"""8344-c""",[]
51,649472,8344-c,yes,It was fun!,loved,speaker,yes,3TC2K6WK9F13I28WA9KZHTZ5HWL28M,3NJNX96T4K1G7FC29XZ10ZCYFVLGOG,Language study,A 20-minute experiment where you play a language game with another turker.,language experiment study communication stanford fun cognitive science,$1.75,Fri Feb 12 10:08:19 PST 2016,120,0,0,0,Reviewable,NotReviewed,1 cond,4800,60000,Sun Mar 13 11:08:19 PDT 2016,https://requester.mturk.com/mturk/manageHIT?HITId=3TC2K6WK9F13I28WA9KZHTZ5HWL28M,3BDCF01OGXTRKEJGNL50JMI2N1MYLU,51,Submitted,Sat Feb 13 03:16:51 PST 2016,Fri Feb 12 10:13:16 PST 2016,Fri Feb 12 10:36:51 PST 2016,,,,,,"""8344-c""",[]
52,437466,1984-6,yes,No,liked,listener,yes,3TC2K6WK9F13I28WA9KZHTZ5HWL28M,3NJNX96T4K1G7FC29XZ10ZCYFVLGOG,Language study,A 20-minute experiment where you play a language game with another turker.,language experiment study communication stanford fun cognitive science,$1.75,Fri Feb 12 10:08:19 PST 2016,120,0,0,0,Reviewable,NotReviewed,1 cond,4800,60000,Sun Mar 13 11:08:19 PDT 2016,https://requester.mturk.com/mturk/manageHIT?HITId=3TC2K6WK9F13I28WA9KZHTZ5HWL28M,352YTHGROVC90BM67T2VB5LOBJE4H8,52,Submitted,Sat Feb 13 03:19:04 PST 2016,Fri Feb 12 10:12:49 PST 2016,Fri Feb 12 10:39:04 PST 2016,,,,,,"""1984-6""",[]
53,453970,1984-6,no,Fun!,loved,speaker,yes,3TC2K6WK9F13I28WA9KZHTZ5HWL28M,3NJNX96T4K1G7FC29XZ10ZCYFVLGOG,Language study,A 20-minute experiment where you play a language game with another turker.,language experiment study communication stanford fun cognitive science,$1.75,Fri Feb 12 10:08:19 PST 2016,120,0,0,0,Reviewable,NotReviewed,1 cond,4800,60000,Sun Mar 13 11:08:19 PDT 2016,https://requester.mturk.com/mturk/manageHIT?HITId=3TC2K6WK9F13I28WA9KZHTZ5HWL28M,3OLF68YTN904O4BHL4OMLNVBNEXAFR,53,Submitted,Sat Feb 13 03:19:12 PST 2016,Fri Feb 12 10:12:45 PST 2016,Fri Feb 12 10:39:12 PST 2016,,,,,,"""1984-6""",[]
54,676817,3676-c,no,no,okay,speaker,yes,3TC2K6WK9F13I28WA9KZHTZ5HWL28M,3NJNX96T4K1G7FC29XZ10ZCYFVLGOG,Language study,A 20-minute experiment where you play a language game with another turker.,language experiment study communication stanford fun cognitive science,$1.75,Fri Feb 12 10:08:19 PST 2016,120,0,0,0,Reviewable,NotReviewed,1 cond,4800,60000,Sun Mar 13 11:08:19 PDT 2016,https://requester.mturk.com/mturk/manageHIT?HITId=3TC2K6WK9F13I28WA9KZHTZ5HWL28M,3PH3VY7DJLW70Y5KNLEL648KR2TWZB,54,Submitted,Sat Feb 13 03:21:11 PST 2016,Fri Feb 12 10:12:50 PST 2016,Fri Feb 12 10:41:11 PST 2016,,,,,,"""3676-c""",[]
55,683510,3676-c,yes,no,liked,listener,yes,3TC2K6WK9F13I28WA9KZHTZ5HWL28M,3NJNX96T4K1G7FC29XZ10ZCYFVLGOG,Language study,A 20-minute experiment where you play a language game with another turker.,language experiment study communication stanford fun cognitive science,$1.75,Fri Feb 12 10:08:19 PST 2016,120,0,0,0,Reviewable,NotReviewed,1 cond,4800,60000,Sun Mar 13 11:08:19 PDT 2016,https://requester.mturk.com/mturk/manageHIT?HITId=3TC2K6WK9F13I28WA9KZHTZ5HWL28M,3F1567XTNW4NAARL7ELG1RO5OYOQ9M,55,Submitted,Sat Feb 13 03:21:21 PST 2016,Fri Feb 12 10:12:53 PST 2016,Fri Feb 12 10:41:21 PST 2016,,,,,,"""3676-c""",[]
56,879320,3908-9,yes,,liked,listener,yes,3TC2K6WK9F13I28WA9KZHTZ5HWL28M,3NJNX96T4K1G7FC29XZ10ZCYFVLGOG,Language study,A 20-minute experiment where you play a language game with another turker.,language experiment study communication stanford fun cognitive science,$1.75,Fri Feb 12 10:08:19 PST 2016,120,0,0,0,Reviewable,NotReviewed,1 cond,4800,60000,Sun Mar 13 11:08:19 PDT 2016,https://requester.mturk.com/mturk/manageHIT?HITId=3TC2K6WK9F13I28WA9KZHTZ5HWL28M,32M8BPYGATLP8MQA8CMHK6J6113GI1,56,Submitted,Sat Feb 13 03:21:37 PST 2016,Fri Feb 12 10:20:15 PST 2016,Fri Feb 12 10:41:37 PST 2016,,,,,,"""3908-9""",[]
57,916138,3908-9,yes,,loved,speaker,yes,3TC2K6WK9F13I28WA9KZHTZ5HWL28M,3NJNX96T4K1G7FC29XZ10ZCYFVLGOG,Language study,A 20-minute experiment where you play a language game with another turker.,language experiment study communication stanford fun cognitive science,$1.75,Fri Feb 12 10:08:19 PST 2016,120,0,0,0,Reviewable,NotReviewed,1 cond,4800,60000,Sun Mar 13 11:08:19 PDT 2016,https://requester.mturk.com/mturk/manageHIT?HITId=3TC2K6WK9F13I28WA9KZHTZ5HWL28M,3PXX5PX6LXXEBNZ1G22Q2X4Q8G5BAA,57,Submitted,Sat Feb 13 03:21:39 PST 2016,Fri Feb 12 10:14:39 PST 2016,Fri Feb 12 10:41:39 PST 2016,,,,,,"""3908-9""",[]
58,1222881,3084-5,yes,,loved,listener,yes,3TC2K6WK9F13I28WA9KZHTZ5HWL28M,3NJNX96T4K1G7FC29XZ10ZCYFVLGOG,Language study,A 20-minute experiment where you play a language game with another turker.,language experiment study communication stanford fun cognitive science,$1.75,Fri Feb 12 10:08:19 PST 2016,120,0,0,0,Reviewable,NotReviewed,1 cond,4800,60000,Sun Mar 13 11:08:19 PDT 2016,https://requester.mturk.com/mturk/manageHIT?HITId=3TC2K6WK9F13I28WA9KZHTZ5HWL28M,3HOSI13XHZN5OR0XE8KYNO0WW4EDDL,58,Submitted,Sat Feb 13 03:23:04 PST 2016,Fri Feb 12 10:13:59 PST 2016,Fri Feb 12 10:43:04 PST 2016,,,,,,"""3084-5""",[]
59,460896,1511-d,yes,,liked,listener,yes,3TC2K6WK9F13I28WA9KZHTZ5HWL28M,3NJNX96T4K1G7FC29XZ10ZCYFVLGOG,Language study,A 20-minute experiment where you play a language game with another turker.,language experiment study communication stanford fun cognitive science,$1.75,Fri Feb 12 10:08:19 PST 2016,120,0,0,0,Reviewable,NotReviewed,1 cond,4800,60000,Sun Mar 13 11:08:19 PDT 2016,https://requester.mturk.com/mturk/manageHIT?HITId=3TC2K6WK9F13I28WA9KZHTZ5HWL28M,3ATPCQ38J89AOVSCQUGAA82RTPNYAC,59,Submitted,Sat Feb 13 03:24:16 PST 2016,Fri Feb 12 10:21:34 PST 2016,Fri Feb 12 10:44:16 PST 2016,,,,,,"""1511-d""",[]
60,508894,1511-d,yes,Awesome and fun experiment thank you!,liked,speaker,yes,3TC2K6WK9F13I28WA9KZHTZ5HWL28M,3NJNX96T4K1G7FC29XZ10ZCYFVLGOG,Language study,A 20-minute experiment where you play a language game with another turker.,language experiment study communication stanford fun cognitive science,$1.75,Fri Feb 12 10:08:19 PST 2016,120,0,0,0,Reviewable,NotReviewed,1 cond,4800,60000,Sun Mar 13 11:08:19 PDT 2016,https://requester.mturk.com/mturk/manageHIT?HITId=3TC2K6WK9F13I28WA9KZHTZ5HWL28M,3HPZF4IVNMSYHAPAA8C1G3SFTS8CYS,60,Submitted,Sat Feb 13 03:24:22 PST 2016,Fri Feb 12 10:33:10 PST 2016,Fri Feb 12 10:44:22 PST 2016,,,,,,"""1511-d""",[]
61,586680,9617-1,yes,"This was a good experiment -- thanks!",loved,speaker,yes,3TC2K6WK9F13I28WA9KZHTZ5HWL28M,3NJNX96T4K1G7FC29XZ10ZCYFVLGOG,Language study,A 20-minute experiment where you play a language game with another turker.,language experiment study communication stanford fun cognitive science,$1.75,Fri Feb 12 10:08:19 PST 2016,120,0,0,0,Reviewable,NotReviewed,1 cond,4800,60000,Sun Mar 13 11:08:19 PDT 2016,https://requester.mturk.com/mturk/manageHIT?HITId=3TC2K6WK9F13I28WA9KZHTZ5HWL28M,3RXPCZQMQPAE8GUC051BS72KKZTG1A,61,Submitted,Sat Feb 13 03:24:53 PST 2016,Fri Feb 12 10:23:43 PST 2016,Fri Feb 12 10:44:53 PST 2016,,,,,,"""9617-1""",[]
62,562623,9617-1,yes,,liked,listener,yes,3TC2K6WK9F13I28WA9KZHTZ5HWL28M,3NJNX96T4K1G7FC29XZ10ZCYFVLGOG,Language study,A 20-minute experiment where you play a language game with another turker.,language experiment study communication stanford fun cognitive science,$1.75,Fri Feb 12 10:08:19 PST 2016,120,0,0,0,Reviewable,NotReviewed,1 cond,4800,60000,Sun Mar 13 11:08:19 PDT 2016,https://requester.mturk.com/mturk/manageHIT?HITId=3TC2K6WK9F13I28WA9KZHTZ5HWL28M,3018Q3ZVOIP1RUGQCZOG2C9UQ27RA2,62,Submitted,Sat Feb 13 03:25:00 PST 2016,Fri Feb 12 10:12:33 PST 2016,Fri Feb 12 10:45:00 PST 2016,,,,,,"""9617-1""",[]
63,1377516,3084-5,no,"don&quotechart know if there was supposed to be back and forth 'chat' but we had none -- (which is why I thought it was a computer rather than human) I never saw red on the listener choice but black -- so I really wasn&quotechart sure if all was working properly..thanks",liked,speaker,yes,3TC2K6WK9F13I28WA9KZHTZ5HWL28M,3NJNX96T4K1G7FC29XZ10ZCYFVLGOG,Language study,A 20-minute experiment where you play a language game with another turker.,language experiment study communication stanford fun cognitive science,$1.75,Fri Feb 12 10:08:19 PST 2016,120,0,0,0,Reviewable,NotReviewed,1 cond,4800,60000,Sun Mar 13 11:08:19 PDT 2016,https://requester.mturk.com/mturk/manageHIT?HITId=3TC2K6WK9F13I28WA9KZHTZ5HWL28M,35BLDD71I6WUL95FXB9PK2P6KTSVZ1,63,Submitted,Sat Feb 13 03:25:29 PST 2016,Fri Feb 12 10:12:56 PST 2016,Fri Feb 12 10:45:29 PST 2016,,,,,,"""3084-5""",[]
64,788828,1897-b,yes,,liked,speaker,yes,3TC2K6WK9F13I28WA9KZHTZ5HWL28M,3NJNX96T4K1G7FC29XZ10ZCYFVLGOG,Language study,A 20-minute experiment where you play a language game with another turker.,language experiment study communication stanford fun cognitive science,$1.75,Fri Feb 12 10:08:19 PST 2016,120,0,0,0,Reviewable,NotReviewed,1 cond,4800,60000,Sun Mar 13 11:08:19 PDT 2016,https://requester.mturk.com/mturk/manageHIT?HITId=3TC2K6WK9F13I28WA9KZHTZ5HWL28M,3FQ5JJ512LNMO9XKVJKON67GUHDNKQ,64,Submitted,Sat Feb 13 03:25:35 PST 2016,Fri Feb 12 10:13:07 PST 2016,Fri Feb 12 10:45:35 PST 2016,,,,,,"""1897-b""",[]
65,724976,1897-b,no,no,loved,listener,yes,3TC2K6WK9F13I28WA9KZHTZ5HWL28M,3NJNX96T4K1G7FC29XZ10ZCYFVLGOG,Language study,A 20-minute experiment where you play a language game with another turker.,language experiment study communication stanford fun cognitive science,$1.75,Fri Feb 12 10:08:19 PST 2016,120,0,0,0,Reviewable,NotReviewed,1 cond,4800,60000,Sun Mar 13 11:08:19 PDT 2016,https://requester.mturk.com/mturk/manageHIT?HITId=3TC2K6WK9F13I28WA9KZHTZ5HWL28M,3TXMY6UCAENP88YOJYV73HPDUJRQC3,65,Submitted,Sat Feb 13 03:25:43 PST 2016,Fri Feb 12 10:24:56 PST 2016,Fri Feb 12 10:45:43 PST 2016,,,,,,"""1897-b""",[]
66,500061,0585-7,yes,That was very fun! Thanks!,loved,listener,yes,3TC2K6WK9F13I28WA9KZHTZ5HWL28M,3NJNX96T4K1G7FC29XZ10ZCYFVLGOG,Language study,A 20-minute experiment where you play a language game with another turker.,language experiment study communication stanford fun cognitive science,$1.75,Fri Feb 12 10:08:19 PST 2016,120,0,0,0,Reviewable,NotReviewed,1 cond,4800,60000,Sun Mar 13 11:08:19 PDT 2016,https://requester.mturk.com/mturk/manageHIT?HITId=3TC2K6WK9F13I28WA9KZHTZ5HWL28M,3Y54SXRO1LKYMI7GMTA22SM6LQWTUT,66,Submitted,Sat Feb 13 03:27:10 PST 2016,Fri Feb 12 10:33:53 PST 2016,Fri Feb 12 10:47:10 PST 2016,,,,,,"""0585-7""",[]
67,508922,0585-7,yes,This was fun,loved,speaker,yes,3TC2K6WK9F13I28WA9KZHTZ5HWL28M,3NJNX96T4K1G7FC29XZ10ZCYFVLGOG,Language study,A 20-minute experiment where you play a language game with another turker.,language experiment study communication stanford fun cognitive science,$1.75,Fri Feb 12 10:08:19 PST 2016,120,0,0,0,Reviewable,NotReviewed,1 cond,4800,60000,Sun Mar 13 11:08:19 PDT 2016,https://requester.mturk.com/mturk/manageHIT?HITId=3TC2K6WK9F13I28WA9KZHTZ5HWL28M,3O7L7BFSHEORO8UJ2HWTK3YUOLNIEL,67,Submitted,Sat Feb 13 03:27:15 PST 2016,Fri Feb 12 10:30:39 PST 2016,Fri Feb 12 10:47:15 PST 2016,,,,,,"""0585-7""",[]
68,1083610,0071-5,yes,thank you,liked,listener,yes,3TC2K6WK9F13I28WA9KZHTZ5HWL28M,3NJNX96T4K1G7FC29XZ10ZCYFVLGOG,Language study,A 20-minute experiment where you play a language game with another turker.,language experiment study communication stanford fun cognitive science,$1.75,Fri Feb 12 10:08:19 PST 2016,120,0,0,0,Reviewable,NotReviewed,1 cond,4800,60000,Sun Mar 13 11:08:19 PDT 2016,https://requester.mturk.com/mturk/manageHIT?HITId=3TC2K6WK9F13I28WA9KZHTZ5HWL28M,3K5TEWLKGVA8QJG5X7L3K7MGOGQIVR,68,Submitted,Sat Feb 13 03:27:53 PST 2016,Fri Feb 12 10:20:25 PST 2016,Fri Feb 12 10:47:53 PST 2016,,,,,,"""0071-5""",[]
69,1129954,0071-5,no,Fun and fast. Smooth interface.,loved,speaker,yes,3TC2K6WK9F13I28WA9KZHTZ5HWL28M,3NJNX96T4K1G7FC29XZ10ZCYFVLGOG,Language study,A 20-minute experiment where you play a language game with another turker.,language experiment study communication stanford fun cognitive science,$1.75,Fri Feb 12 10:08:19 PST 2016,120,0,0,0,Reviewable,NotReviewed,1 cond,4800,60000,Sun Mar 13 11:08:19 PDT 2016,https://requester.mturk.com/mturk/manageHIT?HITId=3TC2K6WK9F13I28WA9KZHTZ5HWL28M,3QY7M81QH7LXLO5XFC3ZR9LQU287KZ,69,Submitted,Sat Feb 13 03:28:15 PST 2016,Fri Feb 12 10:12:40 PST 2016,Fri Feb 12 10:48:15 PST 2016,,,,,,"""0071-5""",[]
70,555240,3747-d,yes,thanks,liked,listener,yes,3TC2K6WK9F13I28WA9KZHTZ5HWL28M,3NJNX96T4K1G7FC29XZ10ZCYFVLGOG,Language study,A 20-minute experiment where you play a language game with another turker.,language experiment study communication stanford fun cognitive science,$1.75,Fri Feb 12 10:08:19 PST 2016,120,0,0,0,Reviewable,NotReviewed,1 cond,4800,60000,Sun Mar 13 11:08:19 PDT 2016,https://requester.mturk.com/mturk/manageHIT?HITId=3TC2K6WK9F13I28WA9KZHTZ5HWL28M,34S6N1K2ZVI5YJTRDL1CXMNZX59LHI,70,Submitted,Sat Feb 13 03:28:31 PST 2016,Fri Feb 12 10:13:34 PST 2016,Fri Feb 12 10:48:31 PST 2016,,,,,,"""3747-d""",[]
71,578492,3747-d,yes,,liked,speaker,yes,3TC2K6WK9F13I28WA9KZHTZ5HWL28M,3NJNX96T4K1G7FC29XZ10ZCYFVLGOG,Language study,A 20-minute experiment where you play a language game with another turker.,language experiment study communication stanford fun cognitive science,$1.75,Fri Feb 12 10:08:19 PST 2016,120,0,0,0,Reviewable,NotReviewed,1 cond,4800,60000,Sun Mar 13 11:08:19 PDT 2016,https://requester.mturk.com/mturk/manageHIT?HITId=3TC2K6WK9F13I28WA9KZHTZ5HWL28M,31IBVUNM9SYOGSEFWZFIHA9O8OYFVX,71,Submitted,Sat Feb 13 03:28:36 PST 2016,Fri Feb 12 10:16:04 PST 2016,Fri Feb 12 10:48:36 PST 2016,,,,,,"""3747-d""",[]
72,573300,2785-6,yes,Fun!,loved,listener,yes,3TC2K6WK9F13I28WA9KZHTZ5HWL28M,3NJNX96T4K1G7FC29XZ10ZCYFVLGOG,Language study,A 20-minute experiment where you play a language game with another turker.,language experiment study communication stanford fun cognitive science,$1.75,Fri Feb 12 10:08:19 PST 2016,120,0,0,0,Reviewable,NotReviewed,1 cond,4800,60000,Sun Mar 13 11:08:19 PDT 2016,https://requester.mturk.com/mturk/manageHIT?HITId=3TC2K6WK9F13I28WA9KZHTZ5HWL28M,3P4MQ7TPPXBJUX4TMG2MX8OWQYRBB6,72,Submitted,Sat Feb 13 03:31:07 PST 2016,Fri Feb 12 10:21:08 PST 2016,Fri Feb 12 10:51:07 PST 2016,,,,,,"""2785-6""",[]
73,459056,2719-8,yes,,liked,listener,yes,3TC2K6WK9F13I28WA9KZHTZ5HWL28M,3NJNX96T4K1G7FC29XZ10ZCYFVLGOG,Language study,A 20-minute experiment where you play a language game with another turker.,language experiment study communication stanford fun cognitive science,$1.75,Fri Feb 12 10:08:19 PST 2016,120,0,0,0,Reviewable,NotReviewed,1 cond,4800,60000,Sun Mar 13 11:08:19 PDT 2016,https://requester.mturk.com/mturk/manageHIT?HITId=3TC2K6WK9F13I28WA9KZHTZ5HWL28M,3X73LLYYQ1DVMJWCPYHRAERO209NHM,73,Submitted,Sat Feb 13 03:31:52 PST 2016,Fri Feb 12 10:12:52 PST 2016,Fri Feb 12 10:51:52 PST 2016,,,,,,"""2719-8""",[]
74,670342,2785-6,yes,That was fun,liked,speaker,yes,3TC2K6WK9F13I28WA9KZHTZ5HWL28M,3NJNX96T4K1G7FC29XZ10ZCYFVLGOG,Language study,A 20-minute experiment where you play a language game with another turker.,language experiment study communication stanford fun cognitive science,$1.75,Fri Feb 12 10:08:19 PST 2016,120,0,0,0,Reviewable,NotReviewed,1 cond,4800,60000,Sun Mar 13 11:08:19 PDT 2016,https://requester.mturk.com/mturk/manageHIT?HITId=3TC2K6WK9F13I28WA9KZHTZ5HWL28M,37M28K1J0QCKT6XD4UF70LN3GLEAJU,74,Submitted,Sat Feb 13 03:32:04 PST 2016,Fri Feb 12 10:12:50 PST 2016,Fri Feb 12 10:52:04 PST 2016,,,,,,"""2785-6""",[]
75,531315,1448-1,yes,No additional comments,loved,speaker,yes,3TC2K6WK9F13I28WA9KZHTZ5HWL28M,3NJNX96T4K1G7FC29XZ10ZCYFVLGOG,Language study,A 20-minute experiment where you play a language game with another turker.,language experiment study communication stanford fun cognitive science,$1.75,Fri Feb 12 10:08:19 PST 2016,120,0,0,0,Reviewable,NotReviewed,1 cond,4800,60000,Sun Mar 13 11:08:19 PDT 2016,https://requester.mturk.com/mturk/manageHIT?HITId=3TC2K6WK9F13I28WA9KZHTZ5HWL28M,3I0BTBYZAXKENIUUYSJHL2QEK3C0YO,75,Submitted,Sat Feb 13 03:32:12 PST 2016,Fri Feb 12 10:37:56 PST 2016,Fri Feb 12 10:52:12 PST 2016,,,,,,"""1448-1""",[]
76,539705,1448-1,yes,"fun hit -- thanks! ",liked,listener,yes,3TC2K6WK9F13I28WA9KZHTZ5HWL28M,3NJNX96T4K1G7FC29XZ10ZCYFVLGOG,Language study,A 20-minute experiment where you play a language game with another turker.,language experiment study communication stanford fun cognitive science,$1.75,Fri Feb 12 10:08:19 PST 2016,120,0,0,0,Reviewable,NotReviewed,1 cond,4800,60000,Sun Mar 13 11:08:19 PDT 2016,https://requester.mturk.com/mturk/manageHIT?HITId=3TC2K6WK9F13I28WA9KZHTZ5HWL28M,33FOTY3KEMK1R4E7YJ5S2GH5M701CK,76,Submitted,Sat Feb 13 03:32:24 PST 2016,Fri Feb 12 10:31:47 PST 2016,Fri Feb 12 10:52:24 PST 2016,,,,,,"""1448-1""",[]
77,524328,2719-8,yes,this was fun,liked,speaker,yes,3TC2K6WK9F13I28WA9KZHTZ5HWL28M,3NJNX96T4K1G7FC29XZ10ZCYFVLGOG,Language study,A 20-minute experiment where you play a language game with another turker.,language experiment study communication stanford fun cognitive science,$1.75,Fri Feb 12 10:08:19 PST 2016,120,0,0,0,Reviewable,NotReviewed,1 cond,4800,60000,Sun Mar 13 11:08:19 PDT 2016,https://requester.mturk.com/mturk/manageHIT?HITId=3TC2K6WK9F13I28WA9KZHTZ5HWL28M,3M81GAB8A0I6Y36I5YZCSXJVCYRQBW,77,Submitted,Sat Feb 13 03:32:24 PST 2016,Fri Feb 12 10:12:45 PST 2016,Fri Feb 12 10:52:24 PST 2016,,,,,,"""2719-8""",[]
78,974536,6588-d,yes,,loved,listener,yes,3TC2K6WK9F13I28WA9KZHTZ5HWL28M,3NJNX96T4K1G7FC29XZ10ZCYFVLGOG,Language study,A 20-minute experiment where you play a language game with another turker.,language experiment study communication stanford fun cognitive science,$1.75,Fri Feb 12 10:08:19 PST 2016,120,0,0,0,Reviewable,NotReviewed,1 cond,4800,60000,Sun Mar 13 11:08:19 PDT 2016,https://requester.mturk.com/mturk/manageHIT?HITId=3TC2K6WK9F13I28WA9KZHTZ5HWL28M,3OCHAWUVGOJR03BOXP7XL8YEWVNKX7,78,Submitted,Sat Feb 13 03:33:50 PST 2016,Fri Feb 12 10:12:34 PST 2016,Fri Feb 12 10:53:50 PST 2016,,,,,,"""6588-d""",[]
79,979036,6588-d,no,no,okay,speaker,yes,3TC2K6WK9F13I28WA9KZHTZ5HWL28M,3NJNX96T4K1G7FC29XZ10ZCYFVLGOG,Language study,A 20-minute experiment where you play a language game with another turker.,language experiment study communication stanford fun cognitive science,$1.75,Fri Feb 12 10:08:19 PST 2016,120,0,0,0,Reviewable,NotReviewed,1 cond,4800,60000,Sun Mar 13 11:08:19 PDT 2016,https://requester.mturk.com/mturk/manageHIT?HITId=3TC2K6WK9F13I28WA9KZHTZ5HWL28M,3LWJHTCVCCLWBKIYA0L8BNAGRWJQFE,79,Submitted,Sat Feb 13 03:33:52 PST 2016,Fri Feb 12 10:12:49 PST 2016,Fri Feb 12 10:53:52 PST 2016,,,,,,"""6588-d""",[]
80,279241,8837-a,yes,,loved,speaker,yes,3TC2K6WK9F13I28WA9KZHTZ5HWL28M,3NJNX96T4K1G7FC29XZ10ZCYFVLGOG,Language study,A 20-minute experiment where you play a language game with another turker.,language experiment study communication stanford fun cognitive science,$1.75,Fri Feb 12 10:08:19 PST 2016,120,0,0,0,Reviewable,NotReviewed,1 cond,4800,60000,Sun Mar 13 11:08:19 PDT 2016,https://requester.mturk.com/mturk/manageHIT?HITId=3TC2K6WK9F13I28WA9KZHTZ5HWL28M,3WQ3B2KGE8FIHZM1KJ9XRWBN4M01BD,80,Submitted,Sat Feb 13 03:36:06 PST 2016,Fri Feb 12 10:13:17 PST 2016,Fri Feb 12 10:56:06 PST 2016,,,,,,"""8837-a""",[]
81,264837,8837-a,yes,no,okay,listener,yes,3TC2K6WK9F13I28WA9KZHTZ5HWL28M,3NJNX96T4K1G7FC29XZ10ZCYFVLGOG,Language study,A 20-minute experiment where you play a language game with another turker.,language experiment study communication stanford fun cognitive science,$1.75,Fri Feb 12 10:08:19 PST 2016,120,0,0,0,Reviewable,NotReviewed,1 cond,4800,60000,Sun Mar 13 11:08:19 PDT 2016,https://requester.mturk.com/mturk/manageHIT?HITId=3TC2K6WK9F13I28WA9KZHTZ5HWL28M,3C8HJ7UOP7TBVMB6JJ8YX66TT0FZMN,81,Submitted,Sat Feb 13 03:36:43 PST 2016,Fri Feb 12 10:12:57 PST 2016,Fri Feb 12 10:56:43 PST 2016,,,,,,"""8837-a""",[]
82,1836947,6426-3,no,I still don&quotechart believe it was another human!,not much,listener,yes,3TC2K6WK9F13I28WA9KZHTZ5HWL28M,3NJNX96T4K1G7FC29XZ10ZCYFVLGOG,Language study,A 20-minute experiment where you play a language game with another turker.,language experiment study communication stanford fun cognitive science,$1.75,Fri Feb 12 10:08:19 PST 2016,120,0,0,0,Reviewable,NotReviewed,1 cond,4800,60000,Sun Mar 13 11:08:19 PDT 2016,https://requester.mturk.com/mturk/manageHIT?HITId=3TC2K6WK9F13I28WA9KZHTZ5HWL28M,3ATTHHXXWAN0U8L0XMML8SJ14RYIXU,82,Submitted,Sat Feb 13 03:41:58 PST 2016,Fri Feb 12 10:13:59 PST 2016,Fri Feb 12 11:01:58 PST 2016,,,,,,"""6426-3""",[]
83,1883169,6426-3,yes,"It seemed like the person I was working with was working on other tasks at the same time. it took them a long time to answer. Made it take too long. I had fun with it though -- thanks!",not much,speaker,yes,3TC2K6WK9F13I28WA9KZHTZ5HWL28M,3NJNX96T4K1G7FC29XZ10ZCYFVLGOG,Language study,A 20-minute experiment where you play a language game with another turker.,language experiment study communication stanford fun cognitive science,$1.75,Fri Feb 12 10:08:19 PST 2016,120,0,0,0,Reviewable,NotReviewed,1 cond,4800,60000,Sun Mar 13 11:08:19 PDT 2016,https://requester.mturk.com/mturk/manageHIT?HITId=3TC2K6WK9F13I28WA9KZHTZ5HWL28M,3TYCR1GOTCIRP4TLJ77JXTR4TVPZLL,83,Submitted,Sat Feb 13 03:42:34 PST 2016,Fri Feb 12 10:13:25 PST 2016,Fri Feb 12 11:02:34 PST 2016,,,,,,"""6426-3""",[]
84,786282,0422-5,yes,No.,liked,speaker,yes,3TC2K6WK9F13I28WA9KZHTZ5HWL28M,3NJNX96T4K1G7FC29XZ10ZCYFVLGOG,Language study,A 20-minute experiment where you play a language game with another turker.,language experiment study communication stanford fun cognitive science,$1.75,Fri Feb 12 10:08:19 PST 2016,120,0,0,0,Reviewable,NotReviewed,1 cond,4800,60000,Sun Mar 13 11:08:19 PDT 2016,https://requester.mturk.com/mturk/manageHIT?HITId=3TC2K6WK9F13I28WA9KZHTZ5HWL28M,3JPSL1DZ5SYGCWOYJS7ZTS4KP5JANY,84,Submitted,Sat Feb 13 03:43:05 PST 2016,Fri Feb 12 10:16:14 PST 2016,Fri Feb 12 11:03:05 PST 2016,,,,,,"""0422-5""",[]
85,786226,0422-5,yes,"Good survey -- thanks!",liked,listener,yes,3TC2K6WK9F13I28WA9KZHTZ5HWL28M,3NJNX96T4K1G7FC29XZ10ZCYFVLGOG,Language study,A 20-minute experiment where you play a language game with another turker.,language experiment study communication stanford fun cognitive science,$1.75,Fri Feb 12 10:08:19 PST 2016,120,0,0,0,Reviewable,NotReviewed,1 cond,4800,60000,Sun Mar 13 11:08:19 PDT 2016,https://requester.mturk.com/mturk/manageHIT?HITId=3TC2K6WK9F13I28WA9KZHTZ5HWL28M,39PAAFCODMZYZXWGRJK7YEOPZX5TVI,85,Submitted,Sat Feb 13 03:43:37 PST 2016,Fri Feb 12 10:40:40 PST 2016,Fri Feb 12 11:03:37 PST 2016,,,,,,"""0422-5""",[]
86,729004,7960-f,yes,,loved,speaker,yes,3TC2K6WK9F13I28WA9KZHTZ5HWL28M,3NJNX96T4K1G7FC29XZ10ZCYFVLGOG,Language study,A 20-minute experiment where you play a language game with another turker.,language experiment study communication stanford fun cognitive science,$1.75,Fri Feb 12 10:08:19 PST 2016,120,0,0,0,Reviewable,NotReviewed,1 cond,4800,60000,Sun Mar 13 11:08:19 PDT 2016,https://requester.mturk.com/mturk/manageHIT?HITId=3TC2K6WK9F13I28WA9KZHTZ5HWL28M,3YW4XOSQKQKXDYV7KAQSWM3BT761UT,86,Submitted,Sat Feb 13 03:53:04 PST 2016,Fri Feb 12 10:12:41 PST 2016,Fri Feb 12 11:13:04 PST 2016,,,,,,"""7960-f""",[]
87,1464638,7734-1,yes,none,liked,listener,yes,3TC2K6WK9F13I28WA9KZHTZ5HWL28M,3NJNX96T4K1G7FC29XZ10ZCYFVLGOG,Language study,A 20-minute experiment where you play a language game with another turker.,language experiment study communication stanford fun cognitive science,$1.75,Fri Feb 12 10:08:19 PST 2016,120,0,0,0,Reviewable,NotReviewed,1 cond,4800,60000,Sun Mar 13 11:08:19 PDT 2016,https://requester.mturk.com/mturk/manageHIT?HITId=3TC2K6WK9F13I28WA9KZHTZ5HWL28M,3WMINLGALB2XLSR7U2YLDHA8Q15ACG,87,Submitted,Sat Feb 13 03:53:35 PST 2016,Fri Feb 12 10:32:33 PST 2016,Fri Feb 12 11:13:35 PST 2016,,,,,,"""7734-1""",[]
88,640012,7960-f,yes,,loved,listener,yes,3TC2K6WK9F13I28WA9KZHTZ5HWL28M,3NJNX96T4K1G7FC29XZ10ZCYFVLGOG,Language study,A 20-minute experiment where you play a language game with another turker.,language experiment study communication stanford fun cognitive science,$1.75,Fri Feb 12 10:08:19 PST 2016,120,0,0,0,Reviewable,NotReviewed,1 cond,4800,60000,Sun Mar 13 11:08:19 PDT 2016,https://requester.mturk.com/mturk/manageHIT?HITId=3TC2K6WK9F13I28WA9KZHTZ5HWL28M,3QL2OFSM96H45BLW363QZNU8P84NCD,88,Submitted,Sat Feb 13 03:53:44 PST 2016,Fri Feb 12 10:12:41 PST 2016,Fri Feb 12 11:13:44 PST 2016,,,,,,"""7960-f""",[]
89,1479183,7734-1,yes,No Comments Thanks For Asking Though ;),loved,speaker,yes,3TC2K6WK9F13I28WA9KZHTZ5HWL28M,3NJNX96T4K1G7FC29XZ10ZCYFVLGOG,Language study,A 20-minute experiment where you play a language game with another turker.,language experiment study communication stanford fun cognitive science,$1.75,Fri Feb 12 10:08:19 PST 2016,120,0,0,0,Reviewable,NotReviewed,1 cond,4800,60000,Sun Mar 13 11:08:19 PDT 2016,https://requester.mturk.com/mturk/manageHIT?HITId=3TC2K6WK9F13I28WA9KZHTZ5HWL28M,3PPTZCWALQJ2G19YBCFFEFQY31DQZ2,89,Submitted,Sat Feb 13 03:53:47 PST 2016,Fri Feb 12 10:14:11 PST 2016,Fri Feb 12 11:13:47 PST 2016,,,,,,"""7734-1""",[]
90,587316,3188-4,yes,Thank you- it was fun. My partner was very efficient and responsive,loved,speaker,yes,3TC2K6WK9F13I28WA9KZHTZ5HWL28M,3NJNX96T4K1G7FC29XZ10ZCYFVLGOG,Language study,A 20-minute experiment where you play a language game with another turker.,language experiment study communication stanford fun cognitive science,$1.75,Fri Feb 12 10:08:19 PST 2016,120,0,0,0,Reviewable,NotReviewed,1 cond,4800,60000,Sun Mar 13 11:08:19 PDT 2016,https://requester.mturk.com/mturk/manageHIT?HITId=3TC2K6WK9F13I28WA9KZHTZ5HWL28M,3CFJTT4SXTP6FTF9F9INET6D2YJ7IO,90,Submitted,Sat Feb 13 03:55:50 PST 2016,Fri Feb 12 10:12:39 PST 2016,Fri Feb 12 11:15:50 PST 2016,,,,,,"""3188-4""",[]
91,547004,3188-4,no,"No -- thanks",liked,listener,yes,3TC2K6WK9F13I28WA9KZHTZ5HWL28M,3NJNX96T4K1G7FC29XZ10ZCYFVLGOG,Language study,A 20-minute experiment where you play a language game with another turker.,language experiment study communication stanford fun cognitive science,$1.75,Fri Feb 12 10:08:19 PST 2016,120,0,0,0,Reviewable,NotReviewed,1 cond,4800,60000,Sun Mar 13 11:08:19 PDT 2016,https://requester.mturk.com/mturk/manageHIT?HITId=3TC2K6WK9F13I28WA9KZHTZ5HWL28M,39LOEL67OS4VP4294B36ON0JU0W83G,91,Submitted,Sat Feb 13 03:55:54 PST 2016,Fri Feb 12 10:32:45 PST 2016,Fri Feb 12 11:15:54 PST 2016,,,,,,"""3188-4""",[]
92,1360050,9867-6,yes,,okay,listener,yes,3TC2K6WK9F13I28WA9KZHTZ5HWL28M,3NJNX96T4K1G7FC29XZ10ZCYFVLGOG,Language study,A 20-minute experiment where you play a language game with another turker.,language experiment study communication stanford fun cognitive science,$1.75,Fri Feb 12 10:08:19 PST 2016,120,0,0,0,Reviewable,NotReviewed,1 cond,4800,60000,Sun Mar 13 11:08:19 PDT 2016,https://requester.mturk.com/mturk/manageHIT?HITId=3TC2K6WK9F13I28WA9KZHTZ5HWL28M,308Q0PEVB8CATC32U6G7SPXJXO7I9B,92,Submitted,Sat Feb 13 03:57:17 PST 2016,Fri Feb 12 10:37:26 PST 2016,Fri Feb 12 11:17:17 PST 2016,,,,,,"""9867-6""",[]
93,1475990,9867-6,yes,,okay,speaker,yes,3TC2K6WK9F13I28WA9KZHTZ5HWL28M,3NJNX96T4K1G7FC29XZ10ZCYFVLGOG,Language study,A 20-minute experiment where you play a language game with another turker.,language experiment study communication stanford fun cognitive science,$1.75,Fri Feb 12 10:08:19 PST 2016,120,0,0,0,Reviewable,NotReviewed,1 cond,4800,60000,Sun Mar 13 11:08:19 PDT 2016,https://requester.mturk.com/mturk/manageHIT?HITId=3TC2K6WK9F13I28WA9KZHTZ5HWL28M,3CP1TO84PT0NH4NO2DIYTTL0MWR25T,93,Submitted,Sat Feb 13 03:58:21 PST 2016,Fri Feb 12 10:13:29 PST 2016,Fri Feb 12 11:18:21 PST 2016,,,,,,"""9867-6""",[]
94,1108450,0244-4,no,,loved,listener,yes,3TC2K6WK9F13I28WA9KZHTZ5HWL28M,3NJNX96T4K1G7FC29XZ10ZCYFVLGOG,Language study,A 20-minute experiment where you play a language game with another turker.,language experiment study communication stanford fun cognitive science,$1.75,Fri Feb 12 10:08:19 PST 2016,120,0,0,0,Reviewable,NotReviewed,1 cond,4800,60000,Sun Mar 13 11:08:19 PDT 2016,https://requester.mturk.com/mturk/manageHIT?HITId=3TC2K6WK9F13I28WA9KZHTZ5HWL28M,3MX2NQ3YC9TOIKQLQ23RJJFWZ5RX5Y,94,Submitted,Sat Feb 13 03:58:26 PST 2016,Fri Feb 12 10:13:12 PST 2016,Fri Feb 12 11:18:26 PST 2016,,,,,,"""0244-4""",[]
95,1284731,0244-4,yes,no,loved,speaker,yes,3TC2K6WK9F13I28WA9KZHTZ5HWL28M,3NJNX96T4K1G7FC29XZ10ZCYFVLGOG,Language study,A 20-minute experiment where you play a language game with another turker.,language experiment study communication stanford fun cognitive science,$1.75,Fri Feb 12 10:08:19 PST 2016,120,0,0,0,Reviewable,NotReviewed,1 cond,4800,60000,Sun Mar 13 11:08:19 PDT 2016,https://requester.mturk.com/mturk/manageHIT?HITId=3TC2K6WK9F13I28WA9KZHTZ5HWL28M,3SEPORI8WNYATL2HMGITOFBTZJQZA3,95,Submitted,Sat Feb 13 03:58:38 PST 2016,Fri Feb 12 10:12:35 PST 2016,Fri Feb 12 11:18:38 PST 2016,,,,,,"""0244-4""",[]
96,1497038,1625-9,yes,No comments,okay,speaker,yes,3TC2K6WK9F13I28WA9KZHTZ5HWL28M,3NJNX96T4K1G7FC29XZ10ZCYFVLGOG,Language study,A 20-minute experiment where you play a language game with another turker.,language experiment study communication stanford fun cognitive science,$1.75,Fri Feb 12 10:08:19 PST 2016,120,0,0,0,Reviewable,NotReviewed,1 cond,4800,60000,Sun Mar 13 11:08:19 PDT 2016,https://requester.mturk.com/mturk/manageHIT?HITId=3TC2K6WK9F13I28WA9KZHTZ5HWL28M,36AHBNMV1RB8M2VOA47C09AXESKYDE,96,Submitted,Sat Feb 13 04:00:47 PST 2016,Fri Feb 12 10:12:55 PST 2016,Fri Feb 12 11:20:47 PST 2016,,,,,,"""1625-9""",[]
97,1492987,1625-9,no,Took way too long for the pay. Sometimes the other person took so long to send a message. ,not much,listener,yes,3TC2K6WK9F13I28WA9KZHTZ5HWL28M,3NJNX96T4K1G7FC29XZ10ZCYFVLGOG,Language study,A 20-minute experiment where you play a language game with another turker.,language experiment study communication stanford fun cognitive science,$1.75,Fri Feb 12 10:08:19 PST 2016,120,0,0,0,Reviewable,NotReviewed,1 cond,4800,60000,Sun Mar 13 11:08:19 PDT 2016,https://requester.mturk.com/mturk/manageHIT?HITId=3TC2K6WK9F13I28WA9KZHTZ5HWL28M,37FMASSAYCQTH5IZSQU3JVS9LOAIBL,97,Submitted,Sat Feb 13 04:00:54 PST 2016,Fri Feb 12 10:12:54 PST 2016,Fri Feb 12 11:20:54 PST 2016,,,,,,"""1625-9""",[]
98,655828,4509-7,yes,no additional comments,liked,speaker,yes,3TC2K6WK9F13I28WA9KZHTZ5HWL28M,3NJNX96T4K1G7FC29XZ10ZCYFVLGOG,Language study,A 20-minute experiment where you play a language game with another turker.,language experiment study communication stanford fun cognitive science,$1.75,Fri Feb 12 10:08:19 PST 2016,120,0,0,0,Reviewable,NotReviewed,1 cond,4800,60000,Sun Mar 13 11:08:19 PDT 2016,https://requester.mturk.com/mturk/manageHIT?HITId=3TC2K6WK9F13I28WA9KZHTZ5HWL28M,3QAPZX2QN4COMX1N57CMCYP95OG026,98,Submitted,Sat Feb 13 04:04:23 PST 2016,Fri Feb 12 10:13:46 PST 2016,Fri Feb 12 11:24:23 PST 2016,,,,,,"""4509-7""",[]
99,656273,4509-7,yes,no comments,liked,listener,yes,3TC2K6WK9F13I28WA9KZHTZ5HWL28M,3NJNX96T4K1G7FC29XZ10ZCYFVLGOG,Language study,A 20-minute experiment where you play a language game with another turker.,language experiment study communication stanford fun cognitive science,$1.75,Fri Feb 12 10:08:19 PST 2016,120,0,0,0,Reviewable,NotReviewed,1 cond,4800,60000,Sun Mar 13 11:08:19 PDT 2016,https://requester.mturk.com/mturk/manageHIT?HITId=3TC2K6WK9F13I28WA9KZHTZ5HWL28M,3Y9N9SS8LYA76ZY0LJEMAFEK5RW3DK,99,Submitted,Sat Feb 13 04:04:30 PST 2016,Fri Feb 12 10:51:58 PST 2016,Fri Feb 12 11:24:30 PST 2016,,,,,,"""4509-7""",[]
100,1182390,7569-e,yes,,okay,speaker,yes,3TC2K6WK9F13I28WA9KZHTZ5HWL28M,3NJNX96T4K1G7FC29XZ10ZCYFVLGOG,Language study,A 20-minute experiment where you play a language game with another turker.,language experiment study communication stanford fun cognitive science,$1.75,Fri Feb 12 10:08:19 PST 2016,120,0,0,0,Reviewable,NotReviewed,1 cond,4800,60000,Sun Mar 13 11:08:19 PDT 2016,https://requester.mturk.com/mturk/manageHIT?HITId=3TC2K6WK9F13I28WA9KZHTZ5HWL28M,32ZKVD547FMER20G7NNGFPQK26DB3E,100,Submitted,Sat Feb 13 04:10:19 PST 2016,Fri Feb 12 10:31:52 PST 2016,Fri Feb 12 11:30:19 PST 2016,,,,,,"""7569-e""",[]
101,1099033,7569-e,yes,,loved,listener,yes,3TC2K6WK9F13I28WA9KZHTZ5HWL28M,3NJNX96T4K1G7FC29XZ10ZCYFVLGOG,Language study,A 20-minute experiment where you play a language game with another turker.,language experiment study communication stanford fun cognitive science,$1.75,Fri Feb 12 10:08:19 PST 2016,120,0,0,0,Reviewable,NotReviewed,1 cond,4800,60000,Sun Mar 13 11:08:19 PDT 2016,https://requester.mturk.com/mturk/manageHIT?HITId=3TC2K6WK9F13I28WA9KZHTZ5HWL28M,3570Y55XZPIBYM5FCU8K6UDURK0YGO,101,Submitted,Sat Feb 13 04:10:21 PST 2016,Fri Feb 12 10:12:48 PST 2016,Fri Feb 12 11:30:21 PST 2016,,,,,,"""7569-e""",[]
102,399153,7082-7,yes,,loved,listener,yes,3TC2K6WK9F13I28WA9KZHTZ5HWL28M,3NJNX96T4K1G7FC29XZ10ZCYFVLGOG,Language study,A 20-minute experiment where you play a language game with another turker.,language experiment study communication stanford fun cognitive science,$1.75,Fri Feb 12 10:08:19 PST 2016,120,0,0,0,Reviewable,NotReviewed,1 cond,4800,60000,Sun Mar 13 11:08:19 PDT 2016,https://requester.mturk.com/mturk/manageHIT?HITId=3TC2K6WK9F13I28WA9KZHTZ5HWL28M,3X0H8UUIT1NAZMJ6STKDABBH4NUSW3,102,Submitted,Sat Feb 13 04:20:45 PST 2016,Fri Feb 12 10:44:51 PST 2016,Fri Feb 12 11:40:45 PST 2016,,,,,,"""7082-7""",[]
103,540966,7082-7,yes,none,loved,speaker,yes,3TC2K6WK9F13I28WA9KZHTZ5HWL28M,3NJNX96T4K1G7FC29XZ10ZCYFVLGOG,Language study,A 20-minute experiment where you play a language game with another turker.,language experiment study communication stanford fun cognitive science,$1.75,Fri Feb 12 10:08:19 PST 2016,120,0,0,0,Reviewable,NotReviewed,1 cond,4800,60000,Sun Mar 13 11:08:19 PDT 2016,https://requester.mturk.com/mturk/manageHIT?HITId=3TC2K6WK9F13I28WA9KZHTZ5HWL28M,324G5B4FB37V8YYTBJTH8P6HG4607Q,103,Submitted,Sat Feb 13 04:20:55 PST 2016,Fri Feb 12 10:33:29 PST 2016,Fri Feb 12 11:40:55 PST 2016,,,,,,"""7082-7""",[]
104,484399,8903-f,yes,,not much,speaker,yes,3TC2K6WK9F13I28WA9KZHTZ5HWL28M,3NJNX96T4K1G7FC29XZ10ZCYFVLGOG,Language study,A 20-minute experiment where you play a language game with another turker.,language experiment study communication stanford fun cognitive science,$1.75,Fri Feb 12 10:08:19 PST 2016,120,0,0,0,Reviewable,NotReviewed,1 cond,4800,60000,Sun Mar 13 11:08:19 PDT 2016,https://requester.mturk.com/mturk/manageHIT?HITId=3TC2K6WK9F13I28WA9KZHTZ5HWL28M,3PQMUDRV7R534DW5Y0MK5IWMGEUIIU,104,Submitted,Sat Feb 13 04:24:07 PST 2016,Fri Feb 12 11:33:24 PST 2016,Fri Feb 12 11:44:07 PST 2016,,,,,,"""8903-f""",[]
105,973532,5699-7,yes,None thanks,loved,listener,yes,3TC2K6WK9F13I28WA9KZHTZ5HWL28M,3NJNX96T4K1G7FC29XZ10ZCYFVLGOG,Language study,A 20-minute experiment where you play a language game with another turker.,language experiment study communication stanford fun cognitive science,$1.75,Fri Feb 12 10:08:19 PST 2016,120,0,0,0,Reviewable,NotReviewed,1 cond,4800,60000,Sun Mar 13 11:08:19 PDT 2016,https://requester.mturk.com/mturk/manageHIT?HITId=3TC2K6WK9F13I28WA9KZHTZ5HWL28M,3RRCEFRB7MBZ9YJK71SZPUIQG694BS,105,Submitted,Sat Feb 13 04:24:43 PST 2016,Fri Feb 12 10:59:59 PST 2016,Fri Feb 12 11:44:43 PST 2016,,,,,,"""5699-7""",[]
106,633481,6625-1,yes,NO,okay,listener,yes,3TC2K6WK9F13I28WA9KZHTZ5HWL28M,3NJNX96T4K1G7FC29XZ10ZCYFVLGOG,Language study,A 20-minute experiment where you play a language game with another turker.,language experiment study communication stanford fun cognitive science,$1.75,Fri Feb 12 10:08:19 PST 2016,120,0,0,0,Reviewable,NotReviewed,1 cond,4800,60000,Sun Mar 13 11:08:19 PDT 2016,https://requester.mturk.com/mturk/manageHIT?HITId=3TC2K6WK9F13I28WA9KZHTZ5HWL28M,3TEM0PF1Q5WBP7Z32WW38HGD2F5D0S,106,Submitted,Sat Feb 13 04:25:30 PST 2016,Fri Feb 12 11:25:46 PST 2016,Fri Feb 12 11:45:30 PST 2016,,,,,,"""6625-1""",[]
107,649288,6625-1,no,no,liked,speaker,yes,3TC2K6WK9F13I28WA9KZHTZ5HWL28M,3NJNX96T4K1G7FC29XZ10ZCYFVLGOG,Language study,A 20-minute experiment where you play a language game with another turker.,language experiment study communication stanford fun cognitive science,$1.75,Fri Feb 12 10:08:19 PST 2016,120,0,0,0,Reviewable,NotReviewed,1 cond,4800,60000,Sun Mar 13 11:08:19 PDT 2016,https://requester.mturk.com/mturk/manageHIT?HITId=3TC2K6WK9F13I28WA9KZHTZ5HWL28M,3R6BYFZZP7BGKHJAWEG05V69OZ9XFL,107,Submitted,Sat Feb 13 04:25:39 PST 2016,Fri Feb 12 10:32:45 PST 2016,Fri Feb 12 11:45:39 PST 2016,,,,,,"""6625-1""",[]
108,577067,4123-8,yes,No,loved,speaker,yes,3TC2K6WK9F13I28WA9KZHTZ5HWL28M,3NJNX96T4K1G7FC29XZ10ZCYFVLGOG,Language study,A 20-minute experiment where you play a language game with another turker.,language experiment study communication stanford fun cognitive science,$1.75,Fri Feb 12 10:08:19 PST 2016,120,0,0,0,Reviewable,NotReviewed,1 cond,4800,60000,Sun Mar 13 11:08:19 PDT 2016,https://requester.mturk.com/mturk/manageHIT?HITId=3TC2K6WK9F13I28WA9KZHTZ5HWL28M,30H4UDGLT2HHHI90WAAW684FJ18PMS,108,Submitted,Sat Feb 13 04:31:47 PST 2016,Fri Feb 12 11:38:12 PST 2016,Fri Feb 12 11:51:47 PST 2016,,,,,,"""4123-8""",[]
109,645588,5584-c,yes,none - thank you!,okay,listener,yes,3TC2K6WK9F13I28WA9KZHTZ5HWL28M,3NJNX96T4K1G7FC29XZ10ZCYFVLGOG,Language study,A 20-minute experiment where you play a language game with another turker.,language experiment study communication stanford fun cognitive science,$1.75,Fri Feb 12 10:08:19 PST 2016,120,0,0,0,Reviewable,NotReviewed,1 cond,4800,60000,Sun Mar 13 11:08:19 PDT 2016,https://requester.mturk.com/mturk/manageHIT?HITId=3TC2K6WK9F13I28WA9KZHTZ5HWL28M,3LS2AMNW5FPQHXVR934YYHJUJXAQO0,109,Submitted,Sat Feb 13 04:39:15 PST 2016,Fri Feb 12 11:10:55 PST 2016,Fri Feb 12 11:59:15 PST 2016,,,,,,"""5584-c""",[]
110,698394,5584-c,yes,,loved,speaker,yes,3TC2K6WK9F13I28WA9KZHTZ5HWL28M,3NJNX96T4K1G7FC29XZ10ZCYFVLGOG,Language study,A 20-minute experiment where you play a language game with another turker.,language experiment study communication stanford fun cognitive science,$1.75,Fri Feb 12 10:08:19 PST 2016,120,0,0,0,Reviewable,NotReviewed,1 cond,4800,60000,Sun Mar 13 11:08:19 PDT 2016,https://requester.mturk.com/mturk/manageHIT?HITId=3TC2K6WK9F13I28WA9KZHTZ5HWL28M,3M0BCWMB8VVBI024H7YIKM1H00NBW2,110,Submitted,Sat Feb 13 04:39:28 PST 2016,Fri Feb 12 11:29:54 PST 2016,Fri Feb 12 11:59:28 PST 2016,,,,,,"""5584-c""",[]
111,492456,6517-b,yes,,liked,speaker,yes,3TC2K6WK9F13I28WA9KZHTZ5HWL28M,3NJNX96T4K1G7FC29XZ10ZCYFVLGOG,Language study,A 20-minute experiment where you play a language game with another turker.,language experiment study communication stanford fun cognitive science,$1.75,Fri Feb 12 10:08:19 PST 2016,120,0,0,0,Reviewable,NotReviewed,1 cond,4800,60000,Sun Mar 13 11:08:19 PDT 2016,https://requester.mturk.com/mturk/manageHIT?HITId=3TC2K6WK9F13I28WA9KZHTZ5HWL28M,3NPI0JQDAO4LUDZK57B8SMZ7DAOTPJ,111,Submitted,Sat Feb 13 04:43:05 PST 2016,Fri Feb 12 11:52:10 PST 2016,Fri Feb 12 12:03:05 PST 2016,,,,,,"""6517-b""",[]
112,409432,6517-b,yes,,liked,listener,yes,3TC2K6WK9F13I28WA9KZHTZ5HWL28M,3NJNX96T4K1G7FC29XZ10ZCYFVLGOG,Language study,A 20-minute experiment where you play a language game with another turker.,language experiment study communication stanford fun cognitive science,$1.75,Fri Feb 12 10:08:19 PST 2016,120,0,0,0,Reviewable,NotReviewed,1 cond,4800,60000,Sun Mar 13 11:08:19 PDT 2016,https://requester.mturk.com/mturk/manageHIT?HITId=3TC2K6WK9F13I28WA9KZHTZ5HWL28M,3EWIJTFFVO6GHDD3YR7NEZYY2SO0ES,112,Submitted,Sat Feb 13 04:43:12 PST 2016,Fri Feb 12 11:41:17 PST 2016,Fri Feb 12 12:03:12 PST 2016,,,,,,"""6517-b""",[]
113,940649,8800-a,yes,Fun!,liked,speaker,yes,3TC2K6WK9F13I28WA9KZHTZ5HWL28M,3NJNX96T4K1G7FC29XZ10ZCYFVLGOG,Language study,A 20-minute experiment where you play a language game with another turker.,language experiment study communication stanford fun cognitive science,$1.75,Fri Feb 12 10:08:19 PST 2016,120,0,0,0,Reviewable,NotReviewed,1 cond,4800,60000,Sun Mar 13 11:08:19 PDT 2016,https://requester.mturk.com/mturk/manageHIT?HITId=3TC2K6WK9F13I28WA9KZHTZ5HWL28M,3OVHNO1VE608RS5T6Q9VEGJZKMNZD5,113,Submitted,Sat Feb 13 04:44:48 PST 2016,Fri Feb 12 11:24:00 PST 2016,Fri Feb 12 12:04:48 PST 2016,,,,,,"""8800-a""",[]
114,927112,8800-a,yes,Fun!,okay,listener,yes,3TC2K6WK9F13I28WA9KZHTZ5HWL28M,3NJNX96T4K1G7FC29XZ10ZCYFVLGOG,Language study,A 20-minute experiment where you play a language game with another turker.,language experiment study communication stanford fun cognitive science,$1.75,Fri Feb 12 10:08:19 PST 2016,120,0,0,0,Reviewable,NotReviewed,1 cond,4800,60000,Sun Mar 13 11:08:19 PDT 2016,https://requester.mturk.com/mturk/manageHIT?HITId=3TC2K6WK9F13I28WA9KZHTZ5HWL28M,3RKNTXVS3MXUQOES1NS3UJYKYOO4AX,114,Submitted,Sat Feb 13 04:45:08 PST 2016,Fri Feb 12 11:03:26 PST 2016,Fri Feb 12 12:05:08 PST 2016,,,,,,"""8800-a""",[]
115,747593,8883-2,yes,None,okay,listener,yes,3TC2K6WK9F13I28WA9KZHTZ5HWL28M,3NJNX96T4K1G7FC29XZ10ZCYFVLGOG,Language study,A 20-minute experiment where you play a language game with another turker.,language experiment study communication stanford fun cognitive science,$1.75,Fri Feb 12 10:08:19 PST 2016,120,0,0,0,Reviewable,NotReviewed,1 cond,4800,60000,Sun Mar 13 11:08:19 PDT 2016,https://requester.mturk.com/mturk/manageHIT?HITId=3TC2K6WK9F13I28WA9KZHTZ5HWL28M,3DYGAII7PL782X7SO3HDNHOKT3LPQX,115,Submitted,Sat Feb 13 05:14:49 PST 2016,Fri Feb 12 11:30:48 PST 2016,Fri Feb 12 12:34:49 PST 2016,,,,,,"""8883-2""",[]
116,1224641,8883-2,yes,,okay,speaker,yes,3TC2K6WK9F13I28WA9KZHTZ5HWL28M,3NJNX96T4K1G7FC29XZ10ZCYFVLGOG,Language study,A 20-minute experiment where you play a language game with another turker.,language experiment study communication stanford fun cognitive science,$1.75,Fri Feb 12 10:08:19 PST 2016,120,0,0,0,Reviewable,NotReviewed,1 cond,4800,60000,Sun Mar 13 11:08:19 PDT 2016,https://requester.mturk.com/mturk/manageHIT?HITId=3TC2K6WK9F13I28WA9KZHTZ5HWL28M,3OJSZ2ATDSVU35KU8PZTPK28XDX57Y,116,Submitted,Sat Feb 13 05:15:11 PST 2016,Fri Feb 12 11:55:12 PST 2016,Fri Feb 12 12:35:11 PST 2016,,,,,,"""8883-2""",[]
117,1048007,6344-9,yes,A small hint as to the color would help. I&quotecharm somewhat colorblind so it was difficult deciding the color.,loved,speaker,yes,3TC2K6WK9F13I28WA9KZHTZ5HWL28M,3NJNX96T4K1G7FC29XZ10ZCYFVLGOG,Language study,A 20-minute experiment where you play a language game with another turker.,language experiment study communication stanford fun cognitive science,$1.75,Fri Feb 12 10:08:19 PST 2016,120,0,0,0,Reviewable,NotReviewed,1 cond,4800,60000,Sun Mar 13 11:08:19 PDT 2016,https://requester.mturk.com/mturk/manageHIT?HITId=3TC2K6WK9F13I28WA9KZHTZ5HWL28M,3YOH7BII096ZWE6TXA6FXN1TGL6VK8,117,Submitted,Sat Feb 13 06:04:02 PST 2016,Fri Feb 12 12:30:44 PST 2016,Fri Feb 12 13:24:02 PST 2016,,,,,,"""6344-9""",[]
118,1583819,9173-f,yes,,loved,speaker,yes,3TC2K6WK9F13I28WA9KZHTZ5HWL28M,3NJNX96T4K1G7FC29XZ10ZCYFVLGOG,Language study,A 20-minute experiment where you play a language game with another turker.,language experiment study communication stanford fun cognitive science,$1.75,Fri Feb 12 10:08:19 PST 2016,120,0,0,0,Reviewable,NotReviewed,1 cond,4800,60000,Sun Mar 13 11:08:19 PDT 2016,https://requester.mturk.com/mturk/manageHIT?HITId=3TC2K6WK9F13I28WA9KZHTZ5HWL28M,34FNN24DCM8DIPGVVYPT2XM51CKY56,118,Submitted,Sat Feb 13 06:59:00 PST 2016,Fri Feb 12 13:05:55 PST 2016,Fri Feb 12 14:19:00 PST 2016,,,,,,"""9173-f""",[]
119,937057,0189-3,yes,I had to wait a while to finally be paired with someone. ,liked,speaker,yes,3TC2K6WK9F13I28WA9KZHTZ5HWL28M,3NJNX96T4K1G7FC29XZ10ZCYFVLGOG,Language study,A 20-minute experiment where you play a language game with another turker.,language experiment study communication stanford fun cognitive science,$1.75,Fri Feb 12 10:08:19 PST 2016,120,0,0,0,Reviewable,NotReviewed,1 cond,4800,60000,Sun Mar 13 11:08:19 PDT 2016,https://requester.mturk.com/mturk/manageHIT?HITId=3TC2K6WK9F13I28WA9KZHTZ5HWL28M,34S9DKFK73OH8EM1ZYLFWEMRSYYYNC,119,Submitted,Sat Feb 13 07:08:39 PST 2016,Fri Feb 12 14:07:09 PST 2016,Fri Feb 12 14:28:39 PST 2016,,,,,,"""0189-3""",[]
