gameid,roundNum,condition,targetName,alt1Name,alt2Name,response
2298-c,2,basic23,suv,ambulance,pottedplant,sub
2298-c,9,basic22,dressshirt,dress,socks,basic
2298-c,14,basic12,picnictable,sidetable,bed,sub
2298-c,15,basic12,grizzlybear,koalabear,cow,basic
2298-c,16,basic12,husky,greyhound,hamster,sub
2298-c,17,basic33,parrot,train,bookcase,sub
2298-c,18,basic22,goldfish,lobster,rhino,basic
2298-c,20,basic33,minivan,lamp,grasses,basic
2298-c,21,basic33,gummybears,grasses,dress,basic
2298-c,25,basic23,eagle,lobster,rosemary,basic
2298-c,27,basic23,jellybeans,chips,socks,basic
2298-c,28,basic33,tulip,horse,socks,basic
2298-c,29,basic22,convertible,motorcycle,firetruck,sub
2298-c,30,basic12,diningtable,sidetable,wardrobe,basic
2298-c,31,basic12,blackbear,lion,koalabear,basic
2298-c,36,basic23,poloshirt,rhino,bathrobe,basic
2298-c,39,basic23,mnms,popcorn,gloves,basic
2298-c,40,basic23,rose,elephant,pottedplant,sub
2298-c,42,basic33,hawaiishirt,grasses,lion,basic
2298-c,43,basic22,pigeon,lion,rhino,basic
2298-c,44,basic23,coffeetable,grasses,bookcase,basic
2298-c,47,basic22,polarbear,crocodile,hamster,basic
2298-c,51,basic22,pug,iguana,horse,sub
2298-c,52,basic22,germanshepherd,iguana,squirrel,basic
2298-c,53,basic33,daisy,cow,gloves,basic
2298-c,54,basic12,swordfish,squirrel,discusfish,basic
2298-c,55,basic12,pandabear,bison,koalabear,sub
2298-c,56,basic33,dalmatian,bookcase,cookies,sub
2298-c,57,basic22,catfish,iguana,horse,basic
2298-c,63,basic33,bedsidetable,motorcycle,cow,super
2298-c,68,basic23,sportscar,ambulance,sheep,basic
2298-c,70,basic23,hummingbird,rhino,gloves,basic
2298-c,72,basic12,skittles,candycorn,popcorn,sub
2662-0,2,basic23,swordfish,lobster,train,basic
2662-0,10,basic33,sunflower,wardrobe,rabbit,basic
2662-0,12,basic22,pigeon,rhino,snake,basic
2662-0,18,basic22,husky,rabbit,sheep,basic
2662-0,20,basic12,picnictable,sidetable,bookcase,sub
2662-0,23,basic33,parrot,ambulance,rosemary,basic
2662-0,26,basic33,bedsidetable,cookies,pig,super
2662-0,30,basic22,catfish,lobster,kitten,basic
2662-0,32,basic23,mnms,ambulance,popcorn,basic
2662-0,33,basic12,diningtable,bookcase,sidetable,basic
2662-0,34,basic23,daisy,crocodile,ivy,basic
2662-0,40,basic12,polarbear,koalabear,pig,sub
2662-0,42,basic33,coffeetable,popcorn,sheep,basic
2662-0,43,basic33,tshirt,pottedplant,sheep,basic
2662-0,47,basic33,pandabear,bookcase,bathrobe,basic
2662-0,48,basic33,minivan,wardrobe,grasses,super
2662-0,53,basic22,goldfish,hamster,snake,basic
2662-0,55,basic22,sportscar,firetruck,ambulance,basic
2662-0,56,basic23,eagle,pottedplant,iguana,basic
2662-0,57,basic23,hawaiishirt,gloves,bookcase,basic
2662-0,58,basic22,gummybears,cookies,popcorn,sub
2662-0,60,basic22,blackbear,iguana,rhino,basic
2662-0,61,basic33,poloshirt,wardrobe,crocodile,basic
2662-0,63,basic23,dalmatian,train,sheep,basic
2662-0,64,basic23,grizzlybear,train,hamster,basic
2662-0,66,basic22,pug,horse,lion,basic
2662-0,69,basic23,skittles,chips,socks,basic
2662-0,71,basic33,germanshepherd,train,pottedplant,basic
2662-0,72,basic22,jellybeans,chips,pretzels,basic
4633-0,2,basic22,diningtable,bookcase,lamp,basic
4633-0,4,basic22,pug,elephant,pig,sub
4633-0,7,basic22,goldfish,cow,rhino,basic
4633-0,8,basic33,clownfish,gloves,cookies,basic
4633-0,9,basic23,jellybeans,popcorn,bookcase,sub
4633-0,17,basic12,husky,rhino,greyhound,basic
4633-0,18,basic12,daisy,rosemary,lily,sub
4633-0,19,basic22,dalmatian,squirrel,snake,basic
4633-0,25,basic22,polarbear,crocodile,cow,basic
4633-0,28,basic33,blackbear,lamp,rosemary,basic
4633-0,30,basic12,germanshepherd,greyhound,pig,basic
4633-0,31,basic23,poloshirt,dress,bookcase,basic
4633-0,32,basic22,bedsidetable,bookcase,bed,sub
4633-0,33,basic12,catfish,discusfish,horse,sub
4633-0,35,basic12,hummingbird,crocodile,sparrow,sub
4633-0,36,basic33,pandabear,train,gloves,sub
4633-0,37,basic23,dressshirt,gloves,chips,basic
4633-0,38,basic33,convertible,rabbit,gloves,basic
4633-0,39,basic23,picnictable,bookcase,kitten,sub
4633-0,41,basic23,minivan,pig,train,sub
4633-0,45,basic33,pigeon,bed,chips,basic
4633-0,46,basic12,hawaiishirt,gloves,campshirt,basic
4633-0,47,basic22,tshirt,gloves,bathrobe,basic
4633-0,49,basic33,parrot,dress,motorcycle,basic
4633-0,51,basic23,sportscar,bathrobe,train,basic
1997-d,3,basic22,hawaiishirt,dress,socks,basic
1997-d,4,basic23,skittles,chips,lobster,basic
1997-d,8,basic12,catfish,discusfish,sheep,basic
1997-d,9,basic33,poloshirt,motorcycle,grasses,basic
1997-d,11,basic23,tulip,popcorn,pottedplant,basic
1997-d,12,basic12,dressshirt,bathrobe,campshirt,basic
1997-d,13,basic23,dalmatian,popcorn,elephant,sub
1997-d,14,basic23,sportscar,pretzels,train,basic
1997-d,18,basic23,coffeetable,bed,popcorn,basic
1997-d,19,basic23,parrot,rhino,firetruck,basic
1997-d,22,basic23,gummybears,chips,pig,basic
1997-d,23,basic22,hummingbird,crocodile,lion,basic
1997-d,27,basic22,blackbear,crocodile,horse,basic
1997-d,29,basic12,diningtable,wardrobe,sidetable,basic
1997-d,31,basic33,sunflower,snake,pretzels,basic
1997-d,34,basic33,goldfish,chips,gloves,basic
1997-d,35,basic12,grizzlybear,koalabear,rhino,basic
1997-d,37,basic23,rose,snake,ivy,basic
1997-d,39,basic33,pigeon,firetruck,pottedplant,basic
1997-d,40,basic12,bedsidetable,sidetable,lamp,sub
1997-d,41,basic33,minivan,pretzels,snake,basic
1997-d,43,basic22,jellybeans,pretzels,chips,basic
1997-d,44,basic22,polarbear,snake,lobster,basic
1997-d,45,basic23,pandabear,hamster,firetruck,sub
1997-d,46,basic33,picnictable,firetruck,horse,basic
1997-d,47,basic33,pug,pretzels,socks,basic
1997-d,48,basic33,eagle,firetruck,pottedplant,basic
1997-d,49,basic12,mnms,candycorn,pretzels,sub
1997-d,52,basic22,daisy,pottedplant,rosemary,basic
1997-d,53,basic22,convertible,ambulance,train,basic
1997-d,55,basic22,tshirt,gloves,dress,basic
1997-d,56,basic22,clownfish,rabbit,hamster,basic
1997-d,67,basic12,suv,motorcycle,sedan,basic
1997-d,68,basic12,husky,elephant,greyhound,sub
1997-d,70,basic33,swordfish,socks,popcorn,basic
1997-d,71,basic12,germanshepherd,elephant,greyhound,sub
8691-5,3,basic33,coffeetable,popcorn,cow,basic
8691-5,4,basic23,rose,pretzels,grasses,sub
8691-5,5,basic33,convertible,pig,bed,basic
8691-5,8,basic22,gummybears,chips,pretzels,sub
8691-5,9,basic12,sunflower,grasses,lily,basic
8691-5,11,basic12,jellybeans,popcorn,candycorn,sub
8691-5,12,basic12,hawaiishirt,campshirt,bathrobe,basic
8691-5,13,basic33,mnms,ambulance,hamster,sub
8691-5,14,basic23,tshirt,wardrobe,dress,basic
8691-5,16,basic12,dressshirt,campshirt,socks,basic
8691-5,18,basic23,picnictable,lobster,lamp,sub
8691-5,19,basic22,grizzlybear,snake,lion,basic
8691-5,28,basic33,poloshirt,pretzels,firetruck,basic
8691-5,30,basic22,dalmatian,bison,rabbit,basic
8691-5,31,basic33,suv,wardrobe,ivy,basic
8691-5,33,basic23,blackbear,bed,sheep,basic
8691-5,34,basic12,sportscar,sedan,train,basic
8691-5,37,basic22,pigeon,crocodile,cow,sub
8691-5,42,basic22,husky,iguana,crocodile,basic
8691-5,44,basic22,polarbear,lion,squirrel,basic
8691-5,45,basic22,eagle,squirrel,horse,sub
8691-5,46,basic12,daisy,lily,grasses,sub
8691-5,48,basic12,pandabear,lion,koalabear,basic
8691-5,51,basic23,bedsidetable,elephant,lamp,basic
8691-5,52,basic33,clownfish,rosemary,popcorn,basic
8691-5,53,basic33,germanshepherd,dress,ivy,basic
8691-5,54,basic22,swordfish,snake,lobster,basic
8691-5,55,basic23,hummingbird,pottedplant,cow,basic
8691-5,58,basic23,minivan,ambulance,rabbit,basic
8691-5,62,basic23,tulip,ivy,lamp,sub
8691-5,63,basic33,goldfish,train,chips,basic
8691-5,64,basic23,catfish,bathrobe,lobster,basic
8691-5,66,basic22,pug,horse,crocodile,basic
8691-5,68,basic12,diningtable,wardrobe,sidetable,basic
8691-5,69,basic33,skittles,pottedplant,gloves,sub
8691-5,72,basic12,parrot,lobster,sparrow,sub
3791-8,1,basic33,parrot,popcorn,lamp,basic
3791-8,2,basic12,tshirt,gloves,campshirt,sub
3791-8,3,basic12,swordfish,rabbit,discusfish,sub
3791-8,6,basic12,eagle,squirrel,sparrow,sub
3791-8,10,basic22,bedsidetable,lamp,wardrobe,sub
3791-8,12,basic23,picnictable,rosemary,bookcase,sub
3791-8,15,basic23,poloshirt,socks,firetruck,sub
3791-8,17,basic33,rose,crocodile,dress,sub
3791-8,26,basic12,polarbear,bison,koalabear,sub
3791-8,27,basic33,tulip,lion,bookcase,basic
3791-8,28,basic22,grizzlybear,squirrel,iguana,basic
3791-8,29,basic12,dalmatian,greyhound,kitten,sub
3791-8,33,basic23,germanshepherd,bison,chips,basic
3791-8,35,basic33,diningtable,lion,pottedplant,basic
3791-8,37,basic22,hummingbird,rabbit,sheep,basic
3791-8,38,basic12,husky,horse,greyhound,sub
3791-8,40,basic23,pug,ambulance,squirrel,basic
3791-8,42,basic33,goldfish,gloves,grasses,sub
3791-8,44,basic33,dressshirt,bookcase,crocodile,basic
3791-8,48,basic23,sunflower,chips,ivy,basic
3791-8,49,basic22,convertible,motorcycle,ambulance,basic
3791-8,50,basic23,minivan,socks,ambulance,sub
3791-8,54,basic23,pigeon,rabbit,motorcycle,basic
3791-8,55,basic22,pandabear,iguana,lobster,basic
3791-8,56,basic23,coffeetable,bookcase,rhino,basic
3791-8,57,basic22,mnms,cookies,popcorn,sub
3791-8,58,basic22,suv,motorcycle,ambulance,sub
3791-8,60,basic23,sportscar,kitten,train,basic
3791-8,61,basic22,catfish,squirrel,iguana,basic
3791-8,62,basic12,gummybears,candycorn,pretzels,sub
3791-8,65,basic33,skittles,ivy,squirrel,sub
3791-8,68,basic12,blackbear,koalabear,rabbit,sub
3791-8,69,basic22,daisy,pottedplant,rosemary,basic
3791-8,71,basic33,clownfish,socks,pretzels,basic
3791-8,72,basic33,jellybeans,bed,bison,sub
5664-b,5,basic23,clownfish,gloves,crocodile,basic
5664-b,6,basic22,tshirt,socks,bathrobe,basic
5664-b,7,basic12,blackbear,koalabear,lobster,sub
5664-b,8,basic22,diningtable,lamp,bookcase,basic
5664-b,9,basic12,suv,sedan,train,basic
5664-b,10,basic33,hawaiishirt,bed,chips,basic
5664-b,11,basic22,grizzlybear,elephant,kitten,basic
5664-b,15,basic22,germanshepherd,sheep,iguana,basic
5664-b,18,basic23,convertible,train,bison,basic
5664-b,20,basic22,skittles,cookies,pretzels,sub
5664-b,22,basic23,rose,rosemary,bison,sub
5664-b,23,basic12,mnms,candycorn,pretzels,sub
5664-b,24,basic12,pug,greyhound,kitten,basic
5664-b,31,basic12,swordfish,pig,discusfish,sub
5664-b,32,basic33,gummybears,motorcycle,squirrel,basic
5664-b,35,basic33,sportscar,lobster,rosemary,basic
5664-b,38,basic23,sunflower,pottedplant,iguana,basic
5664-b,39,basic22,parrot,lion,horse,basic
5664-b,40,basic12,poloshirt,campshirt,dress,basic
5664-b,41,basic33,dressshirt,chips,crocodile,basic
5664-b,42,basic23,coffeetable,gloves,wardrobe,basic
5664-b,44,basic12,polarbear,elephant,koalabear,sub
5664-b,45,basic23,pigeon,horse,dress,sub
5664-b,47,basic33,minivan,squirrel,pretzels,sub
5664-b,48,basic33,goldfish,pretzels,lamp,basic
5664-b,51,basic22,tulip,pottedplant,grasses,sub
5664-b,52,basic12,picnictable,sidetable,bookcase,sub
5664-b,53,basic33,jellybeans,crocodile,wardrobe,sub
5664-b,54,basic23,hummingbird,pretzels,squirrel,basic
5664-b,56,basic33,daisy,hamster,firetruck,basic
5664-b,61,basic23,dalmatian,ivy,lobster,basic
5664-b,62,basic22,eagle,horse,rhino,sub
5664-b,70,basic22,pandabear,squirrel,sheep,sub
5664-b,71,basic23,husky,lobster,cookies,basic
0082-3,1,basic12,husky,sheep,greyhound,super
0082-3,3,basic33,dalmatian,gloves,rosemary,super
0082-3,13,basic33,pandabear,popcorn,bed,super
0082-3,14,basic23,rose,popcorn,pottedplant,basic
0082-3,18,basic23,tulip,rosemary,cow,basic
0082-3,22,basic23,pigeon,elephant,bathrobe,super
0082-3,23,basic22,blackbear,squirrel,kitten,super
0082-3,31,basic22,eagle,horse,kitten,super
0082-3,37,basic22,daisy,pottedplant,rosemary,basic
0082-3,49,basic23,sunflower,ivy,pig,basic
0082-3,52,basic12,polarbear,koalabear,snake,super
0082-3,53,basic22,skittles,cookies,chips,basic
0082-3,67,basic22,minivan,ambulance,train,super
9165-a,1,basic22,sunflower,ivy,pottedplant,basic
9165-a,2,basic23,daisy,iguana,rosemary,sub
9165-a,6,basic33,pigeon,rosemary,train,sub
9165-a,8,basic22,suv,train,ambulance,sub
9165-a,10,basic22,pandabear,horse,crocodile,sub
9165-a,11,basic12,hummingbird,sparrow,iguana,sub
9165-a,13,basic33,convertible,lamp,pretzels,basic
9165-a,16,basic12,germanshepherd,greyhound,horse,sub
9165-a,17,basic33,skittles,motorcycle,bathrobe,basic
9165-a,18,basic12,goldfish,discusfish,kitten,sub
9165-a,19,basic12,blackbear,rhino,koalabear,sub
9165-a,20,basic12,rose,ivy,lily,sub
9165-a,21,basic23,dalmatian,lobster,bookcase,sub
9165-a,23,basic22,eagle,rabbit,lobster,sub
9165-a,24,basic22,polarbear,squirrel,iguana,sub
9165-a,26,basic23,minivan,wardrobe,ambulance,sub
9165-a,30,basic23,picnictable,crocodile,wardrobe,basic
9165-a,35,basic23,tshirt,bed,socks,basic
9165-a,38,basic33,hawaiishirt,ambulance,wardrobe,basic
9165-a,39,basic23,catfish,lobster,pretzels,sub
9165-a,40,basic12,poloshirt,campshirt,gloves,basic
9165-a,46,basic33,diningtable,grasses,sheep,basic
9165-a,49,basic23,coffeetable,rosemary,lamp,basic
9165-a,51,basic33,husky,wardrobe,pottedplant,basic
9165-a,53,basic22,parrot,hamster,lobster,sub
9165-a,55,basic23,dressshirt,rosemary,gloves,basic
9165-a,57,basic33,sportscar,dress,bison,basic
9165-a,58,basic23,mnms,rabbit,pretzels,basic
9165-a,59,basic22,jellybeans,chips,pretzels,sub
9165-a,64,basic12,swordfish,discusfish,squirrel,sub
9165-a,66,basic22,pug,snake,squirrel,basic
9165-a,69,basic33,gummybears,rabbit,gloves,sub
9165-a,70,basic12,clownfish,bison,discusfish,sub
9165-a,71,basic33,grizzlybear,popcorn,train,basic
9165-a,72,basic22,bedsidetable,wardrobe,lamp,sub
1749-c,1,basic22,goldfish,rabbit,cow,sub
1749-c,3,basic33,sportscar,popcorn,bathrobe,basic
1749-c,4,basic12,husky,greyhound,crocodile,sub
1749-c,9,basic12,convertible,motorcycle,sedan,basic
1749-c,10,basic22,diningtable,wardrobe,lamp,basic
1749-c,12,basic33,suv,wardrobe,chips,basic
1749-c,13,basic23,swordfish,elephant,lamp,sub
1749-c,16,basic12,tulip,pottedplant,lily,sub
1749-c,19,basic33,pug,ambulance,cookies,basic
1749-c,20,basic33,sunflower,pig,train,basic
1749-c,21,basic33,blackbear,dress,bookcase,basic
1749-c,22,basic12,grizzlybear,iguana,koalabear,basic
1749-c,23,basic33,dressshirt,pottedplant,hamster,basic
1749-c,25,basic22,clownfish,lobster,rabbit,basic
1749-c,29,basic33,hummingbird,chips,motorcycle,basic
1749-c,30,basic23,daisy,rosemary,firetruck,basic
1749-c,33,basic23,mnms,lion,popcorn,basic
1749-c,35,basic23,tshirt,socks,horse,basic
1749-c,40,basic22,pandabear,lobster,pig,sub
1749-c,41,basic23,coffeetable,kitten,bookcase,basic
1749-c,43,basic33,jellybeans,wardrobe,lobster,basic
1749-c,44,basic12,pigeon,sheep,sparrow,sub
1749-c,45,basic22,polarbear,squirrel,horse,sub
1749-c,46,basic12,catfish,elephant,discusfish,sub
1749-c,51,basic22,hawaiishirt,socks,gloves,basic
1749-c,52,basic22,poloshirt,bathrobe,gloves,basic
1749-c,53,basic23,germanshepherd,hamster,train,basic
1749-c,57,basic22,picnictable,wardrobe,bookcase,sub
1749-c,58,basic23,rose,rosemary,socks,sub
1749-c,59,basic12,bedsidetable,wardrobe,sidetable,sub
1749-c,61,basic22,eagle,elephant,pig,sub
1749-c,63,basic33,minivan,cow,grasses,sub
1749-c,67,basic12,skittles,chips,candycorn,sub
1749-c,68,basic12,parrot,sparrow,snake,sub
1749-c,70,basic23,dalmatian,dress,bison,basic
1749-c,71,basic23,gummybears,lobster,chips,sub
4242-5,3,basic33,parrot,firetruck,pottedplant,basic
4242-5,4,basic22,convertible,train,motorcycle,basic
4242-5,5,basic23,skittles,crocodile,popcorn,basic
4242-5,7,basic12,dressshirt,campshirt,socks,basic
4242-5,8,basic12,daisy,grasses,lily,sub
4242-5,11,basic33,swordfish,grasses,dress,sub
4242-5,13,basic23,tshirt,dress,horse,basic
4242-5,14,basic23,tulip,rosemary,rhino,basic
4242-5,16,basic23,pandabear,squirrel,ambulance,sub
4242-5,20,basic23,polarbear,socks,rabbit,basic
4242-5,21,basic12,sportscar,firetruck,sedan,basic
4242-5,24,basic23,coffeetable,wardrobe,sheep,basic
4242-5,26,basic22,germanshepherd,crocodile,pig,basic
4242-5,30,basic33,hummingbird,wardrobe,cookies,basic
4242-5,34,basic12,goldfish,discusfish,squirrel,sub
4242-5,36,basic22,catfish,rhino,crocodile,sub
4242-5,37,basic22,diningtable,lamp,bed,basic
4242-5,39,basic22,husky,squirrel,cow,basic
4242-5,40,basic22,clownfish,iguana,crocodile,basic
4242-5,42,basic33,minivan,elephant,pretzels,basic
4242-5,44,basic22,hawaiishirt,bathrobe,socks,basic
4242-5,47,basic12,grizzlybear,pig,koalabear,basic
4242-5,49,basic22,pigeon,pig,elephant,basic
4242-5,51,basic33,jellybeans,pottedplant,snake,basic
4242-5,53,basic33,blackbear,bookcase,train,basic
4242-5,57,basic12,rose,lily,pottedplant,sub
4242-5,58,basic33,bedsidetable,ivy,bison,sub
4242-5,59,basic33,mnms,grasses,horse,basic
4242-5,60,basic23,pug,socks,hamster,basic
4242-5,62,basic12,eagle,lion,sparrow,sub
4242-5,65,basic33,picnictable,ivy,squirrel,basic
4242-5,66,basic22,dalmatian,kitten,snake,basic
4242-5,67,basic12,sunflower,lily,rosemary,basic
4242-5,68,basic23,gummybears,grasses,cookies,basic
4242-5,70,basic12,suv,sedan,train,basic
4242-5,71,basic23,poloshirt,bathrobe,chips,basic
9973-0,3,basic23,rose,horse,grasses,basic
9973-0,4,basic22,diningtable,bed,wardrobe,basic
9973-0,6,basic23,suv,firetruck,gloves,sub
9973-0,12,basic33,polarbear,ambulance,cookies,basic
9973-0,14,basic23,grizzlybear,horse,popcorn,basic
9973-0,15,basic22,blackbear,pig,hamster,basic
9973-0,19,basic33,swordfish,bookcase,pretzels,basic
9973-0,21,basic33,tulip,cow,socks,basic
9973-0,24,basic12,skittles,candycorn,chips,sub
9973-0,28,basic22,pug,horse,rhino,sub
9973-0,30,basic22,dalmatian,lion,bison,basic
9973-0,35,basic12,pigeon,sparrow,horse,sub
9973-0,36,basic12,jellybeans,candycorn,pretzels,sub
9973-0,37,basic22,coffeetable,bed,wardrobe,basic
9973-0,40,basic12,minivan,motorcycle,sedan,sub
9973-0,41,basic33,mnms,pig,grasses,sub
9973-0,42,basic12,goldfish,horse,discusfish,sub
9973-0,46,basic23,poloshirt,ambulance,bathrobe,basic
9973-0,47,basic23,dressshirt,lamp,socks,basic
9973-0,48,basic12,picnictable,bed,sidetable,sub
9973-0,53,basic22,clownfish,rabbit,hamster,basic
9973-0,54,basic23,parrot,hamster,dress,basic
9973-0,56,basic22,hummingbird,crocodile,squirrel,sub
9973-0,57,basic22,pandabear,horse,crocodile,basic
9973-0,58,basic33,gummybears,socks,grasses,sub
9973-0,60,basic33,sunflower,bison,cookies,basic
9973-0,61,basic23,eagle,kitten,lamp,sub
9973-0,63,basic33,daisy,ambulance,horse,basic
9973-0,66,basic23,convertible,firetruck,iguana,basic
9973-0,69,basic22,husky,squirrel,lobster,basic
9973-0,70,basic33,hawaiishirt,popcorn,ivy,basic
9973-0,72,basic12,germanshepherd,lobster,greyhound,sub
4855-c,1,basic23,pigeon,hamster,train,basic
4855-c,2,basic12,pandabear,iguana,koalabear,sub
4855-c,4,basic12,poloshirt,socks,campshirt,basic
4855-c,5,basic12,eagle,bison,sparrow,sub
4855-c,8,basic23,sportscar,bookcase,firetruck,sub
4855-c,9,basic12,tulip,pottedplant,lily,sub
4855-c,10,basic22,germanshepherd,hamster,crocodile,basic
4855-c,14,basic23,convertible,ambulance,cow,sub
4855-c,22,basic22,daisy,rosemary,ivy,basic
4855-c,24,basic12,hummingbird,sparrow,elephant,sub
4855-c,26,basic23,clownfish,cow,lamp,basic
4855-c,27,basic22,swordfish,bison,horse,basic
4855-c,30,basic23,coffeetable,pretzels,wardrobe,basic
4855-c,32,basic33,jellybeans,firetruck,ivy,sub
4855-c,33,basic22,goldfish,hamster,kitten,basic
4855-c,34,basic33,parrot,bed,gloves,basic
4855-c,38,basic22,polarbear,lion,elephant,basic
4855-c,39,basic22,picnictable,wardrobe,bed,basic
4855-c,40,basic12,skittles,candycorn,pretzels,sub
4855-c,41,basic12,grizzlybear,lobster,koalabear,basic
4855-c,42,basic33,gummybears,bathrobe,sheep,sub
4855-c,44,basic33,minivan,dress,popcorn,sub
4855-c,51,basic22,dressshirt,gloves,bathrobe,basic
4855-c,54,basic23,pug,rabbit,rosemary,basic
4855-c,56,basic12,husky,rabbit,greyhound,sub
4855-c,58,basic33,blackbear,lamp,dress,basic
4855-c,59,basic23,diningtable,wardrobe,motorcycle,basic
4855-c,61,basic23,dalmatian,rhino,popcorn,basic
4855-c,64,basic33,suv,bison,popcorn,sub
4855-c,65,basic22,tshirt,bathrobe,gloves,basic
4855-c,67,basic33,catfish,cookies,wardrobe,basic
4855-c,68,basic33,mnms,bison,lamp,sub
4855-c,69,basic12,hawaiishirt,bathrobe,campshirt,sub
4855-c,70,basic23,sunflower,kitten,ivy,basic
4855-c,72,basic33,rose,socks,pretzels,basic
4886-d,2,basic12,gummybears,candycorn,popcorn,sub
4886-d,6,basic12,germanshepherd,greyhound,sheep,sub
4886-d,13,basic33,jellybeans,motorcycle,bookcase,sub
4886-d,15,basic23,picnictable,hamster,lamp,sub
4886-d,16,basic33,mnms,bookcase,sheep,sub
4886-d,18,basic33,skittles,pig,grasses,sub
4886-d,19,basic23,sunflower,squirrel,pottedplant,sub
4886-d,22,basic12,blackbear,koalabear,sheep,basic
4886-d,23,basic23,convertible,bookcase,ambulance,basic
4886-d,25,basic23,minivan,bed,firetruck,sub
4886-d,34,basic22,clownfish,rhino,horse,basic
4886-d,37,basic22,husky,rhino,hamster,basic
4886-d,39,basic22,diningtable,wardrobe,lamp,basic
4886-d,40,basic23,polarbear,iguana,motorcycle,basic
4886-d,41,basic22,pug,snake,crocodile,basic
4886-d,42,basic23,tulip,pottedplant,kitten,sub
4886-d,47,basic33,sportscar,hamster,ivy,basic
4886-d,48,basic23,pandabear,bookcase,rhino,basic
4886-d,49,basic22,rose,pottedplant,grasses,sub
4886-d,50,basic12,hummingbird,lobster,sparrow,sub
4886-d,54,basic33,goldfish,ivy,bathrobe,basic
4886-d,62,basic23,pigeon,train,lion,basic
4886-d,64,basic22,eagle,lion,iguana,sub
4886-d,65,basic12,coffeetable,sidetable,wardrobe,basic
4886-d,71,basic33,daisy,wardrobe,pig,sub
4886-d,72,basic22,grizzlybear,cow,crocodile,basic
6879-8,2,basic12,sunflower,pottedplant,lily,basic
6879-8,3,basic22,goldfish,iguana,lobster,sub
6879-8,4,basic12,eagle,snake,sparrow,sub
6879-8,6,basic12,grizzlybear,lobster,koalabear,sub
6879-8,8,basic12,poloshirt,socks,campshirt,sub
6879-8,10,basic33,convertible,bathrobe,pig,basic
6879-8,12,basic12,polarbear,elephant,koalabear,sub
6879-8,13,basic33,parrot,train,gloves,sub
6879-8,14,basic33,suv,popcorn,snake,basic
6879-8,16,basic22,minivan,firetruck,train,sub
6879-8,18,basic23,pandabear,wardrobe,hamster,sub
6879-8,22,basic33,catfish,pottedplant,dress,basic
6879-8,24,basic22,gummybears,cookies,chips,sub
6879-8,25,basic22,germanshepherd,rhino,elephant,basic
6879-8,31,basic23,rose,lobster,pottedplant,sub
6879-8,32,basic22,husky,rabbit,crocodile,basic
6879-8,34,basic23,hawaiishirt,crocodile,socks,basic
6879-8,35,basic23,coffeetable,bed,dress,basic
6879-8,37,basic33,picnictable,popcorn,bathrobe,basic
6879-8,39,basic22,tshirt,gloves,bathrobe,basic
6879-8,40,basic33,dalmatian,pottedplant,bookcase,basic
6879-8,41,basic12,mnms,chips,candycorn,sub
6879-8,42,basic23,skittles,cookies,lion,sub
6879-8,44,basic33,daisy,chips,lamp,basic
6879-8,45,basic23,jellybeans,popcorn,rabbit,sub
6879-8,48,basic23,swordfish,gloves,lion,sub
6879-8,50,basic22,blackbear,snake,lobster,basic
6879-8,51,basic23,dressshirt,snake,dress,sub
6879-8,57,basic33,sportscar,grasses,bathrobe,basic
6879-8,58,basic23,diningtable,lion,lamp,basic
6879-8,59,basic12,pigeon,sparrow,elephant,sub
6879-8,60,basic22,bedsidetable,bed,lamp,sub
6879-8,62,basic33,pug,popcorn,bookcase,basic
6879-8,66,basic22,hummingbird,elephant,horse,basic
0842-a,1,basic23,coffeetable,socks,bookcase,basic
0842-a,2,basic12,jellybeans,popcorn,candycorn,basic
0842-a,6,basic12,goldfish,discusfish,snake,basic
0842-a,8,basic33,hawaiishirt,bison,bed,basic
0842-a,10,basic33,pigeon,pretzels,bed,sub
0842-a,14,basic12,swordfish,discusfish,elephant,sub
0842-a,15,basic12,grizzlybear,squirrel,koalabear,basic
0842-a,18,basic33,minivan,bathrobe,lobster,basic
0842-a,19,basic33,pug,bookcase,cookies,basic
0842-a,25,basic22,tshirt,socks,dress,basic
0842-a,28,basic33,rose,wardrobe,motorcycle,sub
0842-a,29,basic33,daisy,train,socks,basic
0842-a,30,basic12,polarbear,koalabear,sheep,basic
0842-a,31,basic12,catfish,discusfish,iguana,sub
0842-a,33,basic12,skittles,chips,candycorn,sub
0842-a,36,basic22,sportscar,ambulance,train,sub
0842-a,40,basic22,poloshirt,socks,dress,basic
0842-a,41,basic22,husky,rhino,kitten,sub
0842-a,42,basic22,suv,ambulance,motorcycle,basic
0842-a,47,basic23,germanshepherd,elephant,bathrobe,basic
0842-a,49,basic33,eagle,chips,ambulance,sub
0842-a,51,basic23,tulip,bathrobe,ivy,basic
0842-a,53,basic33,mnms,firetruck,rhino,sub
0842-a,54,basic23,dalmatian,firetruck,crocodile,basic
0842-a,57,basic33,clownfish,pretzels,lamp,basic
0842-a,58,basic22,sunflower,pottedplant,ivy,sub
0842-a,59,basic23,diningtable,bookcase,crocodile,basic
0842-a,60,basic23,picnictable,bed,rhino,basic
0842-a,61,basic22,hummingbird,sheep,lion,basic
0842-a,65,basic23,dressshirt,hamster,dress,basic
0842-a,66,basic22,pandabear,iguana,rabbit,sub
0842-a,67,basic22,blackbear,lion,snake,basic
0842-a,70,basic12,parrot,rabbit,sparrow,sub
5222-f,2,basic12,tshirt,campshirt,dress,basic
5222-f,4,basic22,mnms,pretzels,cookies,basic
5222-f,7,basic23,gummybears,bed,popcorn,sub
5222-f,16,basic22,germanshepherd,bison,rhino,basic
5222-f,17,basic12,jellybeans,candycorn,chips,sub
5222-f,20,basic33,sportscar,socks,lion,basic
5222-f,26,basic33,husky,pottedplant,chips,basic
5222-f,33,basic12,pug,pig,greyhound,sub
5222-f,34,basic12,dalmatian,greyhound,lion,sub
5222-f,37,basic23,poloshirt,socks,snake,basic
5222-f,38,basic23,pandabear,firetruck,squirrel,sub
5222-f,39,basic22,picnictable,bed,lamp,basic
5222-f,40,basic23,pigeon,bed,hamster,basic
5222-f,41,basic33,suv,pottedplant,rhino,basic
5222-f,42,basic12,eagle,sparrow,rabbit,sub
5222-f,44,basic22,convertible,firetruck,ambulance,basic
5222-f,45,basic22,blackbear,elephant,cow,basic
5222-f,46,basic12,diningtable,sidetable,lamp,basic
5222-f,47,basic22,skittles,popcorn,chips,basic
5222-f,48,basic33,clownfish,socks,lamp,basic
5222-f,50,basic23,tulip,lobster,pottedplant,sub
5222-f,51,basic33,sunflower,motorcycle,cookies,basic
5222-f,54,basic33,coffeetable,hamster,bathrobe,basic
5222-f,56,basic12,goldfish,bison,discusfish,basic
5222-f,57,basic33,hummingbird,chips,dress,basic
5222-f,61,basic23,polarbear,lobster,socks,basic
5222-f,62,basic33,grizzlybear,lamp,popcorn,basic
5222-f,67,basic33,swordfish,bed,bathrobe,basic
5222-f,68,basic22,daisy,pottedplant,grasses,basic
5222-f,72,basic23,parrot,gloves,rhino,basic
8691-9,1,basic12,husky,greyhound,snake,basic
8691-9,2,basic12,swordfish,pig,discusfish,sub
8691-9,3,basic12,hawaiishirt,dress,campshirt,basic
8691-9,5,basic12,catfish,discusfish,kitten,sub
8691-9,7,basic12,skittles,chips,candycorn,sub
8691-9,10,basic33,tulip,popcorn,pig,sub
8691-9,11,basic22,gummybears,pretzels,popcorn,sub
8691-9,14,basic33,minivan,wardrobe,bathrobe,basic
8691-9,16,basic23,hummingbird,gloves,pig,sub
8691-9,19,basic23,eagle,pig,grasses,sub
8691-9,23,basic22,picnictable,lamp,bookcase,sub
8691-9,24,basic33,mnms,lobster,grasses,sub
8691-9,27,basic23,sportscar,rosemary,ambulance,basic
8691-9,30,basic33,poloshirt,kitten,pretzels,basic
8691-9,32,basic33,suv,bookcase,rhino,basic
8691-9,33,basic12,rose,rosemary,lily,sub
8691-9,38,basic23,jellybeans,crocodile,cookies,sub
8691-9,43,basic23,convertible,firetruck,kitten,basic
8691-9,48,basic22,germanshepherd,iguana,lobster,basic
8691-9,49,basic23,dalmatian,socks,hamster,basic
8691-9,54,basic23,diningtable,bed,hamster,basic
8691-9,57,basic12,goldfish,discusfish,crocodile,sub
8691-9,59,basic22,blackbear,rabbit,bison,basic
8691-9,62,basic22,pandabear,iguana,kitten,basic
8691-9,64,basic22,bedsidetable,wardrobe,lamp,sub
8691-9,66,basic33,polarbear,dress,bed,basic
8691-9,69,basic23,parrot,grasses,iguana,basic
8691-9,70,basic33,pug,firetruck,pretzels,basic
8691-9,72,basic33,pigeon,cookies,grasses,sub
4810-9,4,basic12,swordfish,hamster,discusfish,sub
4810-9,6,basic23,blackbear,firetruck,elephant,basic
4810-9,14,basic33,suv,cookies,pig,sub
4810-9,15,basic33,skittles,squirrel,ivy,sub
4810-9,16,basic33,goldfish,popcorn,bookcase,sub
4810-9,19,basic23,husky,elephant,motorcycle,sub
4810-9,20,basic33,hummingbird,bookcase,dress,sub
4810-9,21,basic22,coffeetable,wardrobe,bed,basic
4810-9,25,basic12,pug,greyhound,squirrel,sub
4810-9,27,basic22,dalmatian,cow,sheep,basic
4810-9,29,basic22,polarbear,pig,lobster,basic
4810-9,30,basic23,poloshirt,lobster,bathrobe,basic
4810-9,31,basic23,minivan,firetruck,bison,sub
4810-9,32,basic33,convertible,bathrobe,rosemary,sub
5895-f,2,basic33,daisy,pig,train,sub
5895-f,3,basic12,germanshepherd,greyhound,cow,basic
5895-f,4,basic12,tulip,grasses,lily,basic
5895-f,5,basic22,catfish,cow,squirrel,basic
5895-f,6,basic33,convertible,kitten,gloves,basic
5895-f,8,basic23,mnms,firetruck,chips,sub
5895-f,9,basic23,diningtable,chips,bed,basic
5895-f,12,basic12,pandabear,koalabear,hamster,sub
5895-f,17,basic22,suv,ambulance,train,basic
5895-f,18,basic22,husky,horse,rhino,basic
5895-f,19,basic23,goldfish,socks,sheep,basic
5895-f,21,basic22,hummingbird,iguana,cow,basic
5895-f,23,basic33,parrot,cookies,bookcase,basic
5895-f,32,basic23,jellybeans,chips,kitten,basic
5895-f,33,basic33,swordfish,ambulance,cookies,basic
5895-f,35,basic33,polarbear,lamp,socks,basic
5895-f,36,basic12,skittles,candycorn,pretzels,sub
5895-f,37,basic23,tshirt,dress,horse,basic
5895-f,38,basic22,picnictable,bed,bookcase,sub
5895-f,42,basic23,eagle,lion,pottedplant,sub
5895-f,46,basic33,pigeon,motorcycle,rosemary,basic
5895-f,48,basic22,clownfish,crocodile,kitten,basic
5895-f,50,basic12,dressshirt,campshirt,bathrobe,basic
5895-f,53,basic12,grizzlybear,koalabear,lion,basic
5895-f,55,basic23,sportscar,firetruck,kitten,basic
5895-f,56,basic12,bedsidetable,sidetable,bed,sub
5895-f,57,basic12,hawaiishirt,bathrobe,campshirt,sub
5895-f,58,basic33,minivan,lion,rosemary,sub
5895-f,60,basic22,blackbear,bison,snake,sub
5895-f,62,basic33,sunflower,chips,bison,basic
5895-f,64,basic33,gummybears,rosemary,lamp,sub
5895-f,68,basic23,pug,crocodile,wardrobe,basic
5895-f,70,basic22,poloshirt,socks,gloves,basic
5895-f,72,basic23,coffeetable,bed,lion,basic
3084-5,1,basic23,sunflower,pottedplant,chips,basic
3084-5,2,basic23,tulip,grasses,train,sub
3084-5,3,basic12,coffeetable,lamp,sidetable,sub
3084-5,6,basic33,parrot,socks,cookies,sub
3084-5,9,basic22,husky,crocodile,snake,sub
3084-5,12,basic12,convertible,sedan,train,sub
3084-5,13,basic33,swordfish,cookies,gloves,sub
3084-5,14,basic22,sportscar,motorcycle,ambulance,basic
3084-5,15,basic22,dalmatian,iguana,rabbit,sub
3084-5,17,basic12,germanshepherd,hamster,greyhound,sub
3084-5,19,basic22,mnms,popcorn,pretzels,sub
3084-5,21,basic12,catfish,discusfish,rabbit,sub
3084-5,23,basic12,goldfish,discusfish,rabbit,sub
3084-5,28,basic23,tshirt,wardrobe,bathrobe,sub
3084-5,32,basic33,minivan,elephant,popcorn,basic
3084-5,36,basic22,skittles,chips,cookies,sub
3084-5,38,basic12,jellybeans,cookies,candycorn,sub
3084-5,39,basic22,picnictable,wardrobe,bed,sub
3084-5,42,basic22,hawaiishirt,bathrobe,dress,basic
3084-5,45,basic33,dressshirt,ambulance,pretzels,basic
3084-5,48,basic22,polarbear,cow,elephant,basic
3084-5,49,basic12,hummingbird,sparrow,elephant,sub
3084-5,50,basic33,pandabear,lamp,pottedplant,sub
3084-5,51,basic33,poloshirt,pig,wardrobe,basic
3084-5,52,basic33,rose,chips,squirrel,sub
3084-5,56,basic23,pigeon,rabbit,bookcase,sub
3084-5,57,basic22,diningtable,bed,lamp,basic
3084-5,58,basic23,clownfish,elephant,bookcase,sub
3084-5,59,basic23,grizzlybear,popcorn,snake,basic
3084-5,60,basic33,suv,lion,chips,basic
3084-5,63,basic23,pug,pig,wardrobe,sub
3084-5,65,basic33,eagle,gloves,bed,sub
3084-5,66,basic23,gummybears,pottedplant,chips,sub
3084-5,69,basic23,bedsidetable,chips,bed,sub
3084-5,70,basic12,daisy,lily,rosemary,sub
3084-5,72,basic12,blackbear,koalabear,kitten,sub
3197-1,2,basic22,coffeetable,bed,wardrobe,basic
3197-1,4,basic23,diningtable,wardrobe,dress,basic
3197-1,6,basic12,swordfish,pig,discusfish,sub
3197-1,8,basic22,catfish,snake,iguana,sub
3197-1,9,basic12,eagle,sparrow,horse,sub
3197-1,10,basic33,tshirt,crocodile,cookies,basic
3197-1,17,basic33,rose,chips,dress,sub
3197-1,19,basic23,dressshirt,bed,bathrobe,basic
3197-1,20,basic23,suv,ambulance,bison,sub
3197-1,21,basic33,jellybeans,ivy,rhino,sub
3197-1,23,basic12,minivan,sedan,motorcycle,sub
3197-1,24,basic33,sportscar,bed,bison,sub
3197-1,26,basic23,picnictable,rabbit,wardrobe,sub
3197-1,27,basic22,bedsidetable,bed,lamp,sub
3197-1,28,basic23,hawaiishirt,dress,ivy,basic
3197-1,30,basic12,polarbear,crocodile,koalabear,sub
3197-1,34,basic12,parrot,hamster,sparrow,sub
3197-1,36,basic23,daisy,pottedplant,elephant,basic
3197-1,43,basic33,blackbear,ambulance,dress,sub
3197-1,44,basic22,grizzlybear,bison,iguana,sub
3197-1,45,basic33,hummingbird,popcorn,gloves,sub
3197-1,47,basic22,gummybears,chips,cookies,sub
3197-1,48,basic33,poloshirt,pottedplant,motorcycle,basic
3197-1,49,basic22,pigeon,rhino,crocodile,sub
3197-1,50,basic22,husky,kitten,lion,basic
3197-1,52,basic22,skittles,chips,popcorn,sub
3197-1,54,basic12,mnms,cookies,candycorn,sub
3197-1,56,basic12,germanshepherd,sheep,greyhound,sub
3197-1,59,basic23,convertible,popcorn,train,sub
3197-1,60,basic22,pug,squirrel,crocodile,basic
3197-1,61,basic23,sunflower,lion,rosemary,basic
3197-1,64,basic12,dalmatian,crocodile,greyhound,sub
3197-1,67,basic33,tulip,ambulance,gloves,basic
3197-1,68,basic23,clownfish,bathrobe,lobster,basic
3197-1,69,basic33,pandabear,ivy,train,sub
3197-1,72,basic12,goldfish,lion,discusfish,sub
5611-0,2,basic12,blackbear,sheep,koalabear,basic
5611-0,6,basic23,germanshepherd,bed,iguana,basic
5611-0,7,basic12,jellybeans,candycorn,cookies,sub
5611-0,9,basic22,hummingbird,sheep,crocodile,basic
5611-0,10,basic33,tshirt,train,snake,basic
5611-0,11,basic33,convertible,iguana,ivy,basic
5611-0,14,basic23,gummybears,cookies,bison,sub
5611-0,15,basic22,minivan,firetruck,train,basic
5611-0,20,basic22,hawaiishirt,socks,dress,basic
5611-0,24,basic22,rose,ivy,rosemary,sub
5611-0,26,basic33,daisy,sheep,chips,basic
5611-0,27,basic23,sportscar,firetruck,iguana,basic
5611-0,28,basic23,eagle,lion,wardrobe,sub
5611-0,30,basic33,catfish,bathrobe,train,basic
5611-0,31,basic33,sunflower,lamp,gloves,basic
5611-0,32,basic22,mnms,pretzels,chips,sub
5611-0,33,basic12,grizzlybear,elephant,koalabear,basic
5611-0,34,basic33,pug,pottedplant,lamp,basic
5611-0,36,basic33,swordfish,grasses,ambulance,basic
5611-0,37,basic12,goldfish,sheep,discusfish,sub
5611-0,39,basic33,clownfish,lamp,grasses,basic
5611-0,41,basic23,suv,train,ivy,sub
5611-0,48,basic23,bedsidetable,iguana,bookcase,sub
5611-0,49,basic23,skittles,snake,popcorn,sub
5611-0,51,basic12,diningtable,sidetable,bed,basic
5611-0,55,basic12,dressshirt,campshirt,bathrobe,basic
5611-0,57,basic33,picnictable,rosemary,horse,basic
5611-0,58,basic12,pandabear,snake,koalabear,sub
5611-0,61,basic22,coffeetable,lamp,bed,basic
5611-0,62,basic22,polarbear,cow,lobster,sub
5611-0,63,basic22,husky,lobster,cow,basic
5611-0,65,basic12,parrot,kitten,sparrow,sub
5611-0,66,basic22,pigeon,bison,horse,basic
5611-0,68,basic23,dalmatian,pottedplant,snake,basic
5611-0,69,basic12,poloshirt,campshirt,socks,sub
5611-0,71,basic23,tulip,cookies,rosemary,sub
4205-4,5,basic22,mnms,chips,cookies,basic
4205-4,7,basic33,goldfish,cookies,wardrobe,sub
4205-4,11,basic23,poloshirt,hamster,bathrobe,basic
4205-4,12,basic23,tulip,grasses,motorcycle,sub
4205-4,13,basic33,swordfish,train,bookcase,basic
4205-4,15,basic33,gummybears,bed,sheep,basic
4205-4,16,basic23,germanshepherd,firetruck,squirrel,basic
4205-4,19,basic12,hawaiishirt,dress,campshirt,sub
4205-4,20,basic22,coffeetable,bed,wardrobe,sub
4205-4,23,basic33,dalmatian,wardrobe,cookies,basic
4205-4,29,basic33,sunflower,sheep,chips,sub
4205-4,30,basic23,sportscar,ambulance,grasses,sub
4205-4,33,basic22,grizzlybear,squirrel,iguana,basic
4205-4,37,basic33,skittles,squirrel,wardrobe,sub
4205-4,38,basic33,jellybeans,motorcycle,lion,sub
4205-4,41,basic22,pug,lobster,horse,basic
4205-4,44,basic12,hummingbird,rhino,sparrow,sub
4205-4,45,basic23,picnictable,bed,pottedplant,sub
4205-4,47,basic12,rose,rosemary,lily,sub
4205-4,49,basic22,suv,ambulance,train,sub
4205-4,50,basic22,tshirt,socks,bathrobe,basic
4205-4,52,basic23,eagle,dress,cow,sub
4205-4,54,basic22,daisy,pottedplant,ivy,sub
4205-4,55,basic12,minivan,sedan,train,sub
4205-4,56,basic23,parrot,pig,dress,sub
4205-4,57,basic22,clownfish,kitten,horse,basic
4205-4,58,basic12,bedsidetable,bookcase,sidetable,basic
4205-4,59,basic33,convertible,wardrobe,crocodile,basic
4205-4,60,basic23,polarbear,rosemary,bison,basic
4205-4,63,basic12,blackbear,cow,koalabear,sub
4205-4,65,basic33,diningtable,motorcycle,kitten,basic
4205-4,68,basic23,pigeon,bison,motorcycle,basic
4205-4,70,basic22,dressshirt,socks,bathrobe,basic
4205-4,72,basic12,husky,greyhound,rhino,basic
9554-c,3,basic23,daisy,rosemary,lobster,basic
9554-c,4,basic22,sportscar,ambulance,train,basic
9554-c,7,basic22,pigeon,rabbit,elephant,basic
9554-c,8,basic23,eagle,bison,ambulance,basic
9554-c,9,basic33,husky,cookies,grasses,basic
9554-c,10,basic22,goldfish,rabbit,lobster,basic
9554-c,11,basic22,rose,grasses,rosemary,basic
9554-c,16,basic12,minivan,ambulance,sedan,sub
9554-c,18,basic33,coffeetable,cow,ambulance,basic
9554-c,20,basic23,poloshirt,train,bathrobe,basic
9554-c,23,basic12,tshirt,dress,campshirt,basic
9554-c,33,basic33,sunflower,lobster,bathrobe,basic
9554-c,35,basic33,jellybeans,bathrobe,ambulance,basic
9554-c,36,basic12,germanshepherd,greyhound,lion,basic
9554-c,38,basic33,bedsidetable,bison,dress,sub
9554-c,41,basic23,convertible,bathrobe,motorcycle,basic
9554-c,45,basic12,suv,sedan,train,sub
9554-c,48,basic22,grizzlybear,bison,cow,basic
9554-c,49,basic23,hawaiishirt,bathrobe,crocodile,basic
9554-c,54,basic23,pug,pretzels,crocodile,basic
9554-c,57,basic22,pandabear,bison,elephant,sub
9554-c,58,basic33,picnictable,cow,dress,basic
9554-c,59,basic22,clownfish,rhino,lobster,basic
9554-c,62,basic33,gummybears,rhino,bathrobe,basic
9554-c,64,basic33,blackbear,bookcase,cookies,basic
9554-c,66,basic23,dalmatian,rhino,rosemary,basic
9554-c,68,basic22,swordfish,snake,pig,basic
9554-c,69,basic23,polarbear,popcorn,squirrel,basic
9554-c,70,basic33,skittles,lion,wardrobe,basic
9554-c,72,basic12,catfish,iguana,discusfish,basic
8344-c,4,basic23,rose,rabbit,ivy,sub
8344-c,5,basic22,parrot,lion,lobster,sub
8344-c,6,basic22,hawaiishirt,bathrobe,gloves,sub
8344-c,7,basic23,tulip,grasses,bed,basic
8344-c,8,basic12,polarbear,rabbit,koalabear,sub
8344-c,10,basic33,minivan,squirrel,cookies,sub
8344-c,11,basic33,daisy,pig,pretzels,basic
8344-c,16,basic23,pandabear,iguana,dress,sub
8344-c,19,basic33,sunflower,lamp,snake,sub
8344-c,21,basic12,germanshepherd,greyhound,rabbit,sub
8344-c,23,basic33,mnms,rosemary,firetruck,sub
8344-c,24,basic23,skittles,sheep,popcorn,sub
8344-c,25,basic23,picnictable,bookcase,popcorn,basic
8344-c,28,basic22,bedsidetable,wardrobe,bookcase,sub
8344-c,29,basic23,suv,rabbit,motorcycle,sub
8344-c,31,basic12,poloshirt,bathrobe,campshirt,basic
8344-c,32,basic33,dressshirt,bookcase,popcorn,basic
8344-c,38,basic12,convertible,sedan,motorcycle,sub
8344-c,40,basic22,pigeon,bison,horse,sub
8344-c,41,basic22,tshirt,socks,bathrobe,basic
8344-c,42,basic22,sportscar,motorcycle,train,basic
8344-c,44,basic23,jellybeans,pretzels,squirrel,sub
8344-c,48,basic33,gummybears,ambulance,kitten,sub
8344-c,49,basic12,diningtable,sidetable,wardrobe,basic
8344-c,51,basic22,hummingbird,rhino,bison,basic
8344-c,56,basic22,pug,lion,squirrel,basic
8344-c,57,basic23,dalmatian,kitten,popcorn,sub
8344-c,59,basic33,swordfish,wardrobe,grasses,basic
8344-c,60,basic22,catfish,lion,rhino,basic
8344-c,61,basic23,coffeetable,kitten,wardrobe,basic
8344-c,65,basic12,eagle,hamster,sparrow,sub
8344-c,69,basic12,grizzlybear,koalabear,snake,basic
8344-c,70,basic33,goldfish,cookies,rosemary,basic
8344-c,72,basic33,blackbear,firetruck,cookies,basic
3908-9,6,basic22,eagle,crocodile,sheep,basic
3908-9,7,basic23,jellybeans,chips,ivy,basic
3908-9,16,basic23,dalmatian,firetruck,rhino,super
3908-9,27,basic12,gummybears,candycorn,chips,sub
3908-9,29,basic23,suv,grasses,ambulance,super
3908-9,62,basic22,poloshirt,gloves,dress,super
3908-9,66,basic33,pigeon,popcorn,motorcycle,basic
3908-9,70,basic33,rose,kitten,bed,basic
0327-7,1,basic33,convertible,lamp,rhino,basic
0327-7,4,basic23,mnms,dress,chips,sub
0327-7,7,basic33,pigeon,gloves,popcorn,sub
0327-7,12,basic23,jellybeans,chips,socks,sub
0327-7,15,basic23,clownfish,cookies,lobster,sub
0327-7,16,basic12,tshirt,bathrobe,campshirt,sub
0327-7,17,basic23,coffeetable,kitten,wardrobe,basic
0327-7,19,basic33,hawaiishirt,lion,bookcase,basic
0327-7,20,basic12,rose,lily,rosemary,sub
0327-7,21,basic22,skittles,pretzels,chips,sub
0327-7,22,basic22,sportscar,motorcycle,ambulance,sub
0327-7,23,basic22,picnictable,wardrobe,bookcase,sub
0327-7,27,basic23,pandabear,bathrobe,pig,sub
0327-7,29,basic12,blackbear,koalabear,horse,basic
0327-7,31,basic22,eagle,bison,lobster,sub
0327-7,33,basic33,gummybears,horse,motorcycle,sub
0327-7,34,basic33,dressshirt,popcorn,lamp,basic
0327-7,36,basic12,pug,greyhound,crocodile,sub
0327-7,39,basic23,parrot,pottedplant,elephant,sub
0327-7,40,basic23,daisy,rosemary,wardrobe,sub
0327-7,41,basic23,poloshirt,gloves,ambulance,basic
0327-7,42,basic33,minivan,bathrobe,elephant,sub
0327-7,43,basic22,goldfish,pig,snake,sub
0327-7,44,basic22,catfish,bison,elephant,basic
0327-7,50,basic22,polarbear,crocodile,bison,sub
0327-7,53,basic12,hummingbird,elephant,sparrow,basic
0327-7,54,basic22,grizzlybear,cow,lobster,basic
0327-7,60,basic22,swordfish,lobster,elephant,sub
0327-7,63,basic33,tulip,bison,bed,sub
0327-7,64,basic12,husky,iguana,greyhound,sub
0327-7,66,basic12,germanshepherd,iguana,greyhound,sub
0327-7,67,basic23,diningtable,wardrobe,hamster,basic
0327-7,69,basic33,dalmatian,bed,bathrobe,sub
0327-7,70,basic12,sunflower,pottedplant,lily,sub
7949-f,4,basic23,suv,ambulance,popcorn,sub
7949-f,6,basic22,pug,pig,lobster,sub
7949-f,8,basic22,convertible,motorcycle,firetruck,basic
7949-f,9,basic23,blackbear,cow,bathrobe,basic
7949-f,11,basic22,parrot,rhino,hamster,basic
7949-f,13,basic22,polarbear,snake,horse,basic
7949-f,19,basic12,husky,cow,greyhound,sub
7949-f,20,basic22,swordfish,iguana,lion,sub
7949-f,22,basic33,sportscar,lamp,socks,basic
7949-f,23,basic12,diningtable,lamp,sidetable,basic
7949-f,24,basic33,daisy,bathrobe,lion,basic
7949-f,28,basic33,pigeon,bed,pottedplant,basic
7949-f,34,basic23,germanshepherd,horse,rosemary,basic
7949-f,35,basic23,dressshirt,dress,hamster,basic
7949-f,36,basic12,picnictable,sidetable,lamp,sub
7949-f,39,basic23,clownfish,cow,pottedplant,basic
7949-f,44,basic22,goldfish,sheep,lobster,basic
7949-f,45,basic23,bedsidetable,rhino,bookcase,sub
7949-f,48,basic33,tshirt,bison,ambulance,basic
7949-f,49,basic33,catfish,wardrobe,ambulance,basic
7949-f,51,basic22,pandabear,rhino,elephant,sub
7949-f,53,basic12,hummingbird,elephant,sparrow,sub
7949-f,54,basic12,gummybears,candycorn,popcorn,sub
7949-f,55,basic23,eagle,lobster,bookcase,sub
7949-f,60,basic33,minivan,bathrobe,rosemary,sub
7949-f,63,basic23,skittles,cookies,pottedplant,sub
7949-f,68,basic33,grizzlybear,lamp,pretzels,basic
7949-f,69,basic22,jellybeans,pretzels,chips,sub
7949-f,70,basic23,coffeetable,crocodile,lamp,basic
7949-f,71,basic12,mnms,pretzels,candycorn,sub
0071-5,10,basic23,daisy,pottedplant,squirrel,basic
0071-5,11,basic33,convertible,rhino,chips,sub
0071-5,12,basic12,pigeon,snake,sparrow,basic
0071-5,17,basic33,tulip,train,pig,basic
0071-5,28,basic33,eagle,cookies,motorcycle,basic
0071-5,30,basic22,goldfish,squirrel,lobster,basic
0071-5,33,basic22,picnictable,lamp,bed,sub
0071-5,60,basic12,suv,ambulance,sedan,sub
0071-5,69,basic33,polarbear,train,lamp,sub
3676-c,3,basic23,coffeetable,kitten,wardrobe,basic
3676-c,4,basic12,swordfish,discusfish,squirrel,sub
3676-c,5,basic12,rose,lily,grasses,sub
3676-c,7,basic33,sportscar,cow,grasses,basic
3676-c,9,basic23,tshirt,dress,pretzels,basic
3676-c,12,basic33,sunflower,bathrobe,horse,sub
3676-c,13,basic12,husky,greyhound,sheep,sub
3676-c,14,basic23,germanshepherd,bed,elephant,basic
3676-c,15,basic22,grizzlybear,hamster,kitten,basic
3676-c,20,basic33,goldfish,dress,cookies,basic
3676-c,22,basic22,catfish,snake,kitten,sub
3676-c,23,basic12,polarbear,koalabear,pig,sub
3676-c,24,basic22,minivan,firetruck,motorcycle,sub
3676-c,25,basic22,diningtable,wardrobe,bookcase,basic
3676-c,26,basic12,hawaiishirt,gloves,campshirt,sub
3676-c,28,basic23,hummingbird,pretzels,sheep,basic
3676-c,29,basic12,clownfish,discusfish,iguana,basic
3676-c,34,basic23,dalmatian,lobster,firetruck,sub
3676-c,35,basic33,convertible,cow,rosemary,basic
3676-c,36,basic23,gummybears,rosemary,chips,sub
3676-c,39,basic33,skittles,bookcase,hamster,sub
3676-c,40,basic33,suv,dress,elephant,basic
3676-c,41,basic23,jellybeans,cookies,iguana,sub
3676-c,48,basic22,pug,crocodile,pig,basic
3676-c,51,basic23,parrot,lobster,ivy,sub
3676-c,52,basic22,pandabear,bison,hamster,sub
3676-c,53,basic33,tulip,bed,dress,sub
3676-c,54,basic12,eagle,sheep,sparrow,sub
3676-c,60,basic22,blackbear,rabbit,iguana,basic
3676-c,66,basic12,daisy,lily,ivy,sub
3676-c,68,basic33,poloshirt,ivy,cow,basic
3676-c,69,basic22,pigeon,bison,sheep,basic
3676-c,70,basic22,dressshirt,bathrobe,socks,basic
3676-c,71,basic23,mnms,popcorn,motorcycle,sub
6426-3,3,basic12,pug,kitten,greyhound,sub
6426-3,4,basic23,picnictable,firetruck,bookcase,basic
6426-3,10,basic22,germanshepherd,squirrel,iguana,sub
6426-3,11,basic23,rose,ivy,elephant,sub
6426-3,12,basic22,eagle,hamster,kitten,sub
6426-3,13,basic33,hummingbird,dress,grasses,sub
6426-3,15,basic23,sunflower,train,rosemary,sub
6426-3,16,basic12,mnms,cookies,candycorn,sub
6426-3,17,basic33,gummybears,squirrel,ambulance,sub
6426-3,21,basic22,daisy,ivy,rosemary,sub
6426-3,27,basic33,tshirt,hamster,cookies,basic
6426-3,30,basic23,jellybeans,snake,pretzels,sub
6426-3,31,basic23,minivan,motorcycle,hamster,sub
6426-3,36,basic12,coffeetable,sidetable,bookcase,sub
6426-3,37,basic33,convertible,gloves,wardrobe,sub
6426-3,39,basic22,pigeon,horse,iguana,sub
6426-3,43,basic23,blackbear,pretzels,crocodile,sub
6426-3,44,basic22,dalmatian,crocodile,rabbit,sub
6426-3,49,basic23,suv,ambulance,snake,sub
6426-3,50,basic12,polarbear,koalabear,crocodile,sub
6426-3,51,basic22,grizzlybear,sheep,kitten,sub
6426-3,57,basic22,sportscar,firetruck,train,sub
6426-3,58,basic23,catfish,hamster,train,sub
6426-3,61,basic33,goldfish,gloves,lamp,sub
6426-3,62,basic22,swordfish,bison,pig,sub
6426-3,64,basic33,tulip,snake,popcorn,sub
6426-3,66,basic33,diningtable,bison,dress,sub
6426-3,69,basic33,husky,pretzels,rosemary,sub
6426-3,70,basic22,parrot,cow,lion,sub
6426-3,72,basic12,pandabear,squirrel,koalabear,sub
1984-6,1,basic33,poloshirt,cookies,lion,basic
1984-6,4,basic23,convertible,socks,motorcycle,basic
1984-6,7,basic22,grizzlybear,lobster,snake,basic
1984-6,8,basic12,germanshepherd,pig,greyhound,basic
1984-6,10,basic12,polarbear,snake,koalabear,sub
1984-6,11,basic23,bedsidetable,bed,bison,sub
1984-6,14,basic23,goldfish,hamster,dress,basic
1984-6,15,basic33,mnms,lamp,motorcycle,sub
1984-6,16,basic23,rose,ivy,lobster,sub
1984-6,17,basic23,dalmatian,crocodile,gloves,basic
1984-6,21,basic22,gummybears,pretzels,chips,sub
1984-6,23,basic33,coffeetable,lobster,popcorn,basic
1984-6,24,basic12,minivan,sedan,motorcycle,sub
1984-6,25,basic23,jellybeans,cookies,lion,sub
1984-6,29,basic22,tulip,ivy,rosemary,sub
1984-6,31,basic22,tshirt,bathrobe,socks,basic
1984-6,34,basic22,diningtable,bookcase,wardrobe,basic
1984-6,35,basic33,pandabear,grasses,bookcase,basic
1984-6,36,basic22,hawaiishirt,dress,bathrobe,sub
1984-6,43,basic33,dressshirt,bison,lamp,basic
1984-6,47,basic33,blackbear,popcorn,rosemary,basic
1984-6,52,basic22,hummingbird,bison,iguana,basic
1984-6,53,basic23,pug,hamster,firetruck,basic
1984-6,54,basic12,swordfish,discusfish,squirrel,sub
1984-6,56,basic12,husky,crocodile,greyhound,sub
1984-6,57,basic12,suv,train,sedan,sub
1984-6,59,basic23,pigeon,rhino,pretzels,sub
1984-6,62,basic33,daisy,firetruck,socks,basic
1984-6,63,basic22,sunflower,rosemary,ivy,basic
1984-6,64,basic23,picnictable,train,bookcase,basic
1984-6,65,basic33,skittles,rosemary,bookcase,sub
1984-6,66,basic33,clownfish,pottedplant,bathrobe,basic
1984-6,68,basic22,eagle,rhino,snake,sub
3909-d,1,basic22,mnms,pretzels,popcorn,sub
3909-d,2,basic12,clownfish,discusfish,crocodile,basic
3909-d,3,basic23,hawaiishirt,gloves,snake,basic
3909-d,4,basic12,bedsidetable,bookcase,sidetable,sub
3909-d,5,basic23,blackbear,cow,pretzels,basic
3909-d,6,basic33,dressshirt,hamster,train,basic
3909-d,8,basic22,gummybears,pretzels,cookies,sub
3909-d,11,basic23,goldfish,socks,bison,basic
3909-d,12,basic23,tulip,motorcycle,grasses,sub
1897-b,3,basic12,pug,greyhound,cow,sub
1897-b,4,basic22,dalmatian,iguana,snake,sub
1897-b,5,basic23,daisy,rosemary,gloves,sub
1897-b,7,basic33,husky,dress,bed,sub
1897-b,8,basic23,jellybeans,lamp,pretzels,sub
1897-b,9,basic22,mnms,pretzels,chips,sub
1897-b,12,basic12,rose,lily,ivy,sub
1897-b,13,basic23,picnictable,wardrobe,horse,sub
1897-b,16,basic12,hawaiishirt,gloves,campshirt,sub
1897-b,18,basic12,sunflower,lily,ivy,sub
1897-b,19,basic22,pigeon,pig,crocodile,sub
1897-b,21,basic33,bedsidetable,gloves,snake,sub
1897-b,22,basic23,clownfish,crocodile,bathrobe,basic
1897-b,23,basic12,grizzlybear,hamster,koalabear,sub
1897-b,26,basic22,tshirt,dress,socks,basic
1897-b,27,basic23,convertible,squirrel,ambulance,basic
1897-b,29,basic22,germanshepherd,squirrel,lion,basic
1897-b,31,basic12,pandabear,koalabear,snake,sub
1897-b,32,basic33,blackbear,gloves,popcorn,sub
1897-b,33,basic23,goldfish,chips,hamster,basic
1897-b,36,basic22,skittles,chips,popcorn,sub
1897-b,37,basic33,polarbear,wardrobe,dress,sub
1897-b,38,basic33,poloshirt,rosemary,motorcycle,basic
1897-b,40,basic33,suv,crocodile,chips,basic
1897-b,45,basic22,gummybears,chips,pretzels,sub
1897-b,47,basic33,coffeetable,pretzels,train,basic
1897-b,48,basic12,catfish,discusfish,lion,sub
1897-b,51,basic12,eagle,lobster,sparrow,sub
1897-b,52,basic22,diningtable,bookcase,bed,basic
1897-b,54,basic23,minivan,firetruck,grasses,sub
1897-b,55,basic12,parrot,sparrow,horse,sub
1897-b,57,basic23,dressshirt,pretzels,gloves,basic
1897-b,58,basic33,tulip,squirrel,pretzels,sub
1897-b,63,basic22,sportscar,firetruck,train,basic
1897-b,69,basic33,hummingbird,lamp,chips,basic
1897-b,70,basic23,swordfish,iguana,bed,basic
9617-1,2,basic12,dressshirt,campshirt,bathrobe,basic
9617-1,4,basic23,poloshirt,dress,pretzels,basic
9617-1,8,basic12,rose,lily,grasses,sub
9617-1,10,basic12,diningtable,wardrobe,sidetable,basic
9617-1,12,basic33,swordfish,popcorn,pottedplant,basic
9617-1,13,basic22,husky,elephant,rabbit,sub
9617-1,15,basic33,eagle,wardrobe,dress,sub
9617-1,16,basic12,tulip,grasses,lily,basic
9617-1,17,basic22,pandabear,squirrel,lion,sub
9617-1,18,basic23,pigeon,ambulance,pig,basic
9617-1,19,basic12,clownfish,discusfish,lobster,basic
9617-1,20,basic23,bedsidetable,snake,bed,sub
9617-1,22,basic22,dalmatian,sheep,iguana,basic
9617-1,23,basic23,suv,dress,train,sub
9617-1,24,basic12,mnms,chips,candycorn,sub
9617-1,30,basic23,gummybears,popcorn,bathrobe,sub
9617-1,31,basic23,minivan,pig,train,sub
9617-1,32,basic22,pug,kitten,sheep,sub
9617-1,35,basic12,picnictable,sidetable,bed,sub
9617-1,36,basic33,germanshepherd,socks,rosemary,basic
9617-1,38,basic23,hummingbird,bookcase,hamster,basic
9617-1,39,basic22,parrot,horse,iguana,basic
9617-1,48,basic33,convertible,pretzels,horse,sub
9617-1,51,basic12,blackbear,rabbit,koalabear,basic
9617-1,53,basic33,jellybeans,firetruck,bed,sub
9617-1,54,basic33,tshirt,ambulance,lamp,basic
9617-1,55,basic22,sunflower,rosemary,grasses,basic
9617-1,60,basic23,polarbear,pig,gloves,sub
9617-1,63,basic22,goldfish,rabbit,kitten,sub
9617-1,64,basic22,grizzlybear,sheep,crocodile,basic
9617-1,65,basic22,coffeetable,bed,lamp,sub
9617-1,66,basic33,hawaiishirt,motorcycle,grasses,basic
9617-1,67,basic33,daisy,train,gloves,basic
9617-1,68,basic23,skittles,chips,pottedplant,sub
9617-1,70,basic33,catfish,socks,popcorn,basic
1511-d,2,basic33,germanshepherd,bathrobe,popcorn,sub
1511-d,3,basic23,pigeon,crocodile,lamp,basic
1511-d,4,basic12,convertible,sedan,motorcycle,basic
1511-d,6,basic22,polarbear,cow,pig,basic
1511-d,8,basic12,blackbear,sheep,koalabear,sub
1511-d,9,basic23,tshirt,pretzels,socks,basic
1511-d,11,basic23,sportscar,iguana,train,basic
1511-d,18,basic12,gummybears,cookies,candycorn,sub
1511-d,26,basic33,jellybeans,motorcycle,bed,sub
1511-d,28,basic33,bedsidetable,lobster,pottedplant,sub
1511-d,29,basic33,coffeetable,elephant,ivy,basic
1511-d,30,basic22,parrot,rhino,bison,basic
1511-d,31,basic33,grizzlybear,popcorn,bookcase,basic
1511-d,32,basic33,tulip,elephant,pretzels,sub
1511-d,33,basic23,swordfish,bison,firetruck,basic
1511-d,36,basic12,goldfish,bison,discusfish,sub
1511-d,37,basic33,skittles,gloves,kitten,sub
1511-d,40,basic12,pandabear,rhino,koalabear,sub
1511-d,41,basic22,rose,pottedplant,grasses,sub
1511-d,46,basic12,husky,snake,greyhound,sub
1511-d,47,basic12,daisy,rosemary,lily,sub
1511-d,49,basic33,hawaiishirt,bookcase,bison,basic
1511-d,51,basic23,mnms,hamster,pretzels,sub
1511-d,53,basic22,pug,rabbit,lion,basic
1511-d,57,basic23,diningtable,wardrobe,chips,basic
1511-d,58,basic23,minivan,lobster,firetruck,basic
1511-d,59,basic22,picnictable,bookcase,lamp,basic
1511-d,60,basic22,eagle,iguana,elephant,sub
1511-d,62,basic12,hummingbird,sparrow,pig,basic
1511-d,63,basic22,catfish,cow,lobster,sub
1511-d,65,basic23,sunflower,pottedplant,train,sub
1511-d,66,basic12,dalmatian,crocodile,greyhound,sub
1511-d,71,basic23,suv,rosemary,motorcycle,basic
1511-d,72,basic22,poloshirt,bathrobe,dress,basic
6588-d,4,basic33,minivan,crocodile,rosemary,basic
6588-d,5,basic33,tulip,gloves,firetruck,sub
6588-d,7,basic33,germanshepherd,bookcase,rosemary,basic
6588-d,9,basic22,mnms,popcorn,cookies,sub
6588-d,12,basic12,daisy,lily,rosemary,sub
6588-d,14,basic33,coffeetable,popcorn,rhino,basic
6588-d,15,basic33,dalmatian,wardrobe,bathrobe,sub
6588-d,20,basic12,diningtable,lamp,sidetable,basic
6588-d,21,basic23,tshirt,bathrobe,kitten,basic
6588-d,23,basic33,picnictable,bathrobe,grasses,basic
6588-d,25,basic22,polarbear,pig,kitten,sub
6588-d,26,basic12,pandabear,snake,koalabear,sub
6588-d,28,basic12,poloshirt,bathrobe,campshirt,basic
6588-d,29,basic12,goldfish,discusfish,pig,sub
6588-d,30,basic22,parrot,snake,hamster,sub
6588-d,32,basic23,pug,firetruck,sheep,sub
6588-d,35,basic23,jellybeans,popcorn,train,sub
6588-d,37,basic22,suv,ambulance,motorcycle,basic
6588-d,38,basic22,sportscar,train,ambulance,sub
6588-d,40,basic33,dressshirt,wardrobe,motorcycle,basic
6588-d,44,basic23,skittles,chips,bookcase,sub
6588-d,48,basic22,hummingbird,rhino,hamster,basic
6588-d,49,basic33,swordfish,pretzels,wardrobe,sub
6588-d,51,basic23,catfish,bison,bed,sub
6588-d,52,basic22,rose,rosemary,grasses,sub
6588-d,53,basic22,eagle,rabbit,lobster,sub
6588-d,54,basic12,clownfish,discusfish,iguana,sub
6588-d,56,basic12,pigeon,sparrow,cow,sub
6588-d,57,basic12,hawaiishirt,bathrobe,campshirt,basic
6588-d,63,basic22,grizzlybear,rabbit,hamster,basic
6588-d,65,basic23,husky,bookcase,elephant,sub
6588-d,68,basic23,sunflower,socks,rosemary,sub
6588-d,69,basic12,blackbear,lobster,koalabear,sub
6588-d,70,basic23,gummybears,chips,bison,sub
6588-d,71,basic23,convertible,train,dress,basic
0585-7,1,basic33,grizzlybear,chips,wardrobe,basic
0585-7,2,basic33,germanshepherd,chips,dress,basic
0585-7,3,basic22,tulip,rosemary,pottedplant,sub
0585-7,5,basic33,jellybeans,elephant,wardrobe,sub
0585-7,7,basic33,tshirt,wardrobe,pottedplant,basic
0585-7,14,basic22,hawaiishirt,gloves,dress,sub
0585-7,15,basic23,pigeon,firetruck,iguana,sub
0585-7,16,basic23,bedsidetable,bed,cow,sub
0585-7,17,basic22,hummingbird,elephant,kitten,basic
0585-7,19,basic22,clownfish,bison,elephant,basic
0585-7,22,basic12,eagle,sheep,sparrow,sub
0585-7,24,basic12,daisy,ivy,lily,sub
0585-7,28,basic23,dressshirt,hamster,socks,basic
0585-7,30,basic33,pandabear,pretzels,train,sub
0585-7,31,basic12,skittles,candycorn,pretzels,sub
0585-7,34,basic22,goldfish,rhino,hamster,basic
0585-7,35,basic12,coffeetable,bed,sidetable,basic
0585-7,37,basic23,diningtable,wardrobe,pottedplant,basic
0585-7,39,basic23,dalmatian,sheep,motorcycle,basic
0585-7,42,basic33,swordfish,bed,ambulance,basic
0585-7,45,basic22,mnms,popcorn,cookies,sub
0585-7,46,basic33,sunflower,bison,ambulance,basic
0585-7,48,basic33,blackbear,cookies,socks,basic
0585-7,49,basic33,gummybears,hamster,bed,sub
0585-7,50,basic12,minivan,sedan,motorcycle,basic
0585-7,51,basic12,picnictable,sidetable,bookcase,sub
0585-7,53,basic12,poloshirt,dress,campshirt,sub
0585-7,57,basic22,polarbear,squirrel,rabbit,basic
0585-7,58,basic23,suv,ambulance,squirrel,sub
0585-7,60,basic23,husky,rhino,train,basic
0585-7,61,basic23,sportscar,firetruck,lamp,basic
0585-7,63,basic12,parrot,lion,sparrow,sub
0585-7,67,basic23,rose,rosemary,socks,sub
0585-7,70,basic12,pug,snake,greyhound,sub
0585-7,71,basic22,catfish,elephant,bison,basic
0585-7,72,basic22,convertible,motorcycle,train,basic
3747-d,1,basic23,coffeetable,chips,wardrobe,basic
3747-d,2,basic33,hummingbird,wardrobe,rosemary,basic
3747-d,4,basic12,pigeon,sheep,sparrow,sub
3747-d,6,basic33,skittles,train,bookcase,sub
3747-d,9,basic22,grizzlybear,squirrel,elephant,basic
3747-d,10,basic33,clownfish,socks,bed,sub
3747-d,12,basic12,rose,lily,grasses,sub
3747-d,16,basic23,bedsidetable,cow,lamp,sub
3747-d,18,basic22,convertible,ambulance,train,sub
3747-d,19,basic22,poloshirt,bathrobe,socks,basic
3747-d,21,basic12,jellybeans,cookies,candycorn,sub
3747-d,23,basic23,blackbear,pig,ivy,basic
3747-d,25,basic22,sportscar,ambulance,motorcycle,basic
3747-d,27,basic22,polarbear,pig,elephant,sub
3747-d,29,basic23,diningtable,lamp,dress,basic
3747-d,30,basic33,pandabear,popcorn,bed,sub
3747-d,31,basic22,picnictable,wardrobe,bed,sub
3747-d,33,basic22,catfish,iguana,squirrel,sub
3747-d,34,basic12,mnms,cookies,candycorn,sub
3747-d,36,basic33,pug,grasses,motorcycle,sub
3747-d,37,basic12,germanshepherd,squirrel,greyhound,basic
3747-d,39,basic22,dalmatian,snake,crocodile,sub
3747-d,41,basic33,daisy,pretzels,dress,sub
3747-d,46,basic23,hawaiishirt,socks,firetruck,sub
3747-d,47,basic22,gummybears,pretzels,chips,sub
3747-d,48,basic12,minivan,ambulance,sedan,sub
3747-d,49,basic12,dressshirt,socks,campshirt,basic
3747-d,50,basic33,suv,ivy,bathrobe,sub
3747-d,52,basic23,swordfish,rabbit,cookies,basic
3747-d,53,basic23,goldfish,wardrobe,horse,sub
3747-d,58,basic23,sunflower,wardrobe,grasses,sub
3747-d,59,basic12,tshirt,socks,campshirt,basic
3747-d,64,basic33,husky,train,popcorn,sub
3747-d,68,basic12,parrot,sparrow,snake,sub
3747-d,69,basic33,tulip,bed,lobster,sub
3747-d,72,basic23,eagle,pottedplant,elephant,sub
2785-6,4,basic22,tulip,ivy,grasses,sub
2785-6,5,basic33,dressshirt,sheep,pottedplant,basic
2785-6,6,basic22,goldfish,sheep,lobster,sub
2785-6,8,basic33,tshirt,bison,chips,basic
2785-6,12,basic33,diningtable,ambulance,ivy,basic
2785-6,13,basic33,jellybeans,lamp,rabbit,sub
2785-6,16,basic22,pigeon,rabbit,hamster,sub
2785-6,18,basic12,hawaiishirt,socks,campshirt,sub
2785-6,23,basic23,sunflower,pottedplant,socks,sub
2785-6,26,basic22,dalmatian,snake,rabbit,sub
2785-6,28,basic12,blackbear,iguana,koalabear,sub
2785-6,29,basic23,pandabear,ambulance,cow,sub
2785-6,30,basic12,hummingbird,sparrow,kitten,sub
2785-6,31,basic12,grizzlybear,koalabear,iguana,sub
2785-6,32,basic22,skittles,pretzels,chips,sub
2785-6,33,basic23,husky,squirrel,motorcycle,sub
2785-6,34,basic33,coffeetable,chips,train,basic
2785-6,35,basic33,mnms,ivy,train,sub
2785-6,36,basic12,rose,rosemary,lily,sub
2785-6,41,basic33,suv,rabbit,bookcase,basic
2785-6,45,basic23,picnictable,pig,bookcase,basic
2785-6,49,basic22,sportscar,ambulance,motorcycle,basic
2785-6,50,basic23,convertible,cow,train,basic
2785-6,52,basic22,poloshirt,socks,bathrobe,basic
2785-6,53,basic12,eagle,sparrow,iguana,sub
2785-6,55,basic23,germanshepherd,cookies,crocodile,basic
2785-6,56,basic33,bedsidetable,chips,pig,sub
2785-6,58,basic12,pug,greyhound,rabbit,sub
2785-6,59,basic23,catfish,firetruck,hamster,basic
2785-6,60,basic12,minivan,train,sedan,sub
2785-6,62,basic22,polarbear,pig,lobster,sub
2785-6,65,basic23,clownfish,motorcycle,sheep,sub
2785-6,66,basic22,swordfish,snake,hamster,sub
2785-6,70,basic33,gummybears,grasses,wardrobe,sub
2785-6,72,basic23,parrot,lobster,dress,sub
1448-1,2,basic22,convertible,firetruck,motorcycle,sub
1448-1,3,basic23,tshirt,bathrobe,motorcycle,sub
1448-1,4,basic12,skittles,candycorn,cookies,sub
1448-1,5,basic22,suv,ambulance,train,sub
1448-1,7,basic12,husky,cow,greyhound,sub
1448-1,9,basic23,pigeon,horse,dress,sub
1448-1,12,basic33,coffeetable,motorcycle,horse,sub
1448-1,13,basic33,gummybears,lion,grasses,sub
1448-1,14,basic12,jellybeans,candycorn,popcorn,sub
1448-1,15,basic23,bedsidetable,wardrobe,horse,sub
1448-1,17,basic12,blackbear,koalabear,lion,sub
1448-1,18,basic22,eagle,snake,kitten,sub
1448-1,22,basic33,minivan,pig,gloves,sub
1448-1,25,basic12,dalmatian,greyhound,squirrel,sub
1448-1,26,basic23,mnms,cookies,squirrel,sub
1448-1,27,basic12,poloshirt,socks,campshirt,sub
1448-1,28,basic22,diningtable,bed,wardrobe,basic
1448-1,29,basic22,hummingbird,hamster,rabbit,sub
1448-1,30,basic33,hawaiishirt,bison,pretzels,basic
1448-1,33,basic22,polarbear,crocodile,rhino,sub
1448-1,34,basic33,sportscar,rabbit,chips,basic
1448-1,35,basic23,picnictable,lamp,lobster,sub
1448-1,40,basic23,tulip,rhino,pottedplant,sub
1448-1,41,basic23,swordfish,dress,snake,sub
1448-1,42,basic22,dressshirt,socks,dress,basic
1448-1,43,basic22,pug,lobster,iguana,basic
1448-1,44,basic22,goldfish,rhino,rabbit,basic
1448-1,45,basic33,pandabear,bed,socks,sub
1448-1,47,basic33,rose,squirrel,train,sub
1448-1,49,basic12,grizzlybear,lobster,koalabear,basic
1448-1,55,basic12,catfish,crocodile,discusfish,sub
1448-1,57,basic33,sunflower,rhino,wardrobe,sub
1448-1,59,basic33,parrot,pottedplant,pretzels,sub
1448-1,62,basic23,germanshepherd,lobster,bookcase,basic
1448-1,71,basic23,daisy,ambulance,grasses,basic
2719-8,2,basic23,daisy,elephant,pottedplant,basic
2719-8,6,basic33,hummingbird,motorcycle,wardrobe,basic
2719-8,8,basic23,diningtable,elephant,bed,basic
2719-8,9,basic22,pug,cow,elephant,basic
2719-8,11,basic22,hawaiishirt,dress,gloves,basic
2719-8,12,basic23,mnms,cookies,squirrel,sub
2719-8,15,basic33,eagle,socks,rosemary,basic
2719-8,17,basic23,pandabear,pretzels,bison,sub
2719-8,18,basic22,skittles,popcorn,chips,sub
2719-8,20,basic23,dressshirt,bathrobe,lobster,basic
2719-8,22,basic12,clownfish,iguana,discusfish,sub
2719-8,29,basic22,coffeetable,lamp,bookcase,basic
2719-8,32,basic12,pigeon,sparrow,iguana,basic
2719-8,35,basic12,germanshepherd,greyhound,iguana,basic
2719-8,38,basic22,convertible,train,firetruck,basic
2719-8,40,basic33,suv,crocodile,lamp,basic
2719-8,41,basic22,bedsidetable,lamp,bed,basic
2719-8,43,basic12,minivan,ambulance,sedan,basic
2719-8,46,basic12,polarbear,rabbit,koalabear,basic
2719-8,47,basic23,tulip,firetruck,ivy,basic
2719-8,48,basic33,swordfish,socks,ambulance,basic
2719-8,50,basic33,rose,kitten,ambulance,basic
2719-8,51,basic33,picnictable,hamster,dress,basic
2719-8,52,basic12,goldfish,cow,discusfish,sub
2719-8,53,basic23,jellybeans,rosemary,cookies,sub
2719-8,54,basic33,sportscar,ivy,pig,basic
2719-8,56,basic22,sunflower,rosemary,pottedplant,basic
2719-8,57,basic33,grizzlybear,cookies,bed,basic
2719-8,58,basic23,gummybears,bookcase,pretzels,sub
2719-8,59,basic33,catfish,ivy,bathrobe,basic
2719-8,67,basic22,husky,kitten,snake,basic
2719-8,69,basic12,blackbear,koalabear,pig,basic
7734-1,7,basic33,tulip,lion,motorcycle,sub
7734-1,19,basic23,mnms,cow,popcorn,sub
7734-1,23,basic12,catfish,elephant,discusfish,sub
7734-1,36,basic12,pigeon,squirrel,sparrow,sub
7734-1,40,basic23,gummybears,bison,chips,sub
7734-1,44,basic22,pug,rabbit,sheep,sub
7734-1,45,basic12,jellybeans,chips,candycorn,sub
7734-1,48,basic23,skittles,cookies,train,sub
7734-1,49,basic33,rose,motorcycle,rabbit,sub
7734-1,52,basic22,husky,crocodile,rabbit,sub
7734-1,53,basic23,hawaiishirt,socks,lobster,basic
7734-1,55,basic12,poloshirt,campshirt,dress,sub
7734-1,64,basic33,daisy,squirrel,motorcycle,basic
7734-1,70,basic33,blackbear,wardrobe,ambulance,sub
0422-5,1,basic12,rose,lily,grasses,sub
0422-5,4,basic23,catfish,iguana,grasses,basic
0422-5,7,basic12,minivan,sedan,firetruck,sub
0422-5,9,basic23,bedsidetable,lamp,gloves,sub
0422-5,12,basic23,daisy,rosemary,horse,basic
0422-5,13,basic23,convertible,bathrobe,motorcycle,sub
0422-5,14,basic22,dalmatian,lion,sheep,sub
0422-5,16,basic23,gummybears,popcorn,cow,sub
0422-5,17,basic12,eagle,sparrow,rhino,sub
0422-5,18,basic12,husky,greyhound,horse,sub
0422-5,19,basic23,picnictable,bed,horse,sub
0422-5,21,basic23,pigeon,wardrobe,hamster,sub
0422-5,23,basic22,sportscar,train,ambulance,sub
0422-5,25,basic33,dressshirt,bookcase,sheep,basic
0422-5,31,basic22,polarbear,horse,lion,sub
0422-5,36,basic22,poloshirt,bathrobe,gloves,sub
0422-5,37,basic33,hummingbird,chips,ambulance,sub
0422-5,38,basic23,sunflower,grasses,squirrel,basic
0422-5,42,basic22,goldfish,snake,sheep,basic
0422-5,43,basic33,hawaiishirt,train,lamp,basic
0422-5,46,basic33,skittles,bathrobe,wardrobe,sub
0422-5,49,basic12,tshirt,campshirt,gloves,sub
0422-5,50,basic33,pandabear,socks,grasses,sub
0422-5,53,basic12,mnms,cookies,candycorn,sub
0422-5,54,basic12,suv,ambulance,sedan,sub
0422-5,56,basic22,parrot,snake,pig,sub
0422-5,57,basic22,tulip,grasses,rosemary,basic
0422-5,58,basic33,jellybeans,rosemary,lobster,sub
0422-5,61,basic33,germanshepherd,firetruck,lamp,basic
0422-5,63,basic12,blackbear,snake,koalabear,sub
0422-5,64,basic23,grizzlybear,bookcase,elephant,basic
0422-5,65,basic33,coffeetable,ivy,horse,basic
0422-5,67,basic22,clownfish,lobster,lion,basic
0422-5,68,basic22,diningtable,wardrobe,bed,basic
0422-5,69,basic12,swordfish,bison,discusfish,sub
0422-5,70,basic33,pug,wardrobe,train,basic
8837-a,1,basic33,polarbear,popcorn,socks,basic
8837-a,5,basic23,gummybears,pretzels,bathrobe,sub
8837-a,6,basic23,jellybeans,cookies,rabbit,sub
8837-a,7,basic23,husky,squirrel,pottedplant,basic
8837-a,9,basic22,coffeetable,wardrobe,bookcase,basic
9867-6,4,basic12,convertible,train,sedan,sub
9867-6,5,basic33,coffeetable,socks,rosemary,basic
9867-6,7,basic33,sunflower,horse,socks,basic
9867-6,10,basic22,swordfish,pig,cow,sub
9867-6,12,basic23,mnms,rosemary,pretzels,sub
9867-6,13,basic22,hummingbird,bison,kitten,sub
9867-6,15,basic33,minivan,lobster,wardrobe,sub
9867-6,16,basic22,pug,pig,iguana,basic
9867-6,17,basic12,grizzlybear,kitten,koalabear,basic
9867-6,18,basic22,pigeon,hamster,squirrel,sub
9867-6,20,basic33,eagle,bed,ivy,sub
9867-6,23,basic12,sportscar,motorcycle,sedan,basic
1625-9,1,basic22,sportscar,ambulance,firetruck,basic
1625-9,4,basic22,suv,firetruck,train,sub
1625-9,5,basic22,pandabear,elephant,iguana,sub
1625-9,8,basic12,hawaiishirt,gloves,campshirt,basic
1625-9,9,basic33,bedsidetable,lion,cookies,sub
1625-9,15,basic23,germanshepherd,bed,elephant,sub
1625-9,18,basic33,tshirt,cookies,rabbit,sub
1625-9,19,basic33,poloshirt,bookcase,cookies,basic
1625-9,22,basic23,dalmatian,grasses,squirrel,sub
1625-9,23,basic33,gummybears,bathrobe,lamp,sub
1625-9,24,basic12,skittles,candycorn,chips,sub
1625-9,25,basic33,tulip,cookies,pig,sub
1625-9,26,basic22,eagle,rhino,snake,sub
1625-9,28,basic23,husky,firetruck,lobster,basic
1625-9,30,basic12,parrot,sparrow,iguana,basic
1625-9,32,basic23,clownfish,popcorn,rabbit,basic
1625-9,33,basic12,swordfish,discusfish,pig,sub
1625-9,39,basic22,sunflower,rosemary,grasses,basic
1625-9,40,basic33,diningtable,horse,pretzels,basic
1625-9,42,basic23,dressshirt,pretzels,dress,sub
1625-9,44,basic12,grizzlybear,koalabear,kitten,basic
1625-9,48,basic33,minivan,lion,wardrobe,sub
1625-9,50,basic22,jellybeans,pretzels,chips,sub
1625-9,53,basic22,picnictable,lamp,bed,sub
1625-9,55,basic12,catfish,cow,discusfish,sub
1625-9,56,basic23,polarbear,lamp,crocodile,sub
1625-9,58,basic23,goldfish,bison,lamp,sub
1625-9,60,basic23,convertible,bookcase,firetruck,sub
1625-9,62,basic12,coffeetable,sidetable,lamp,sub
1625-9,63,basic33,pug,ambulance,popcorn,sub
1625-9,65,basic33,rose,rhino,firetruck,sub
1625-9,66,basic12,blackbear,koalabear,rhino,sub
1625-9,67,basic12,hummingbird,sparrow,squirrel,sub
1625-9,69,basic22,pigeon,lion,rabbit,sub
1625-9,70,basic22,daisy,rosemary,grasses,basic
1625-9,71,basic23,mnms,chips,lobster,sub
0244-4,1,basic12,catfish,discusfish,iguana,basic
0244-4,2,basic12,coffeetable,bookcase,sidetable,basic
0244-4,3,basic22,swordfish,snake,hamster,basic
0244-4,4,basic23,jellybeans,bathrobe,chips,sub
0244-4,5,basic22,rose,rosemary,grasses,sub
0244-4,8,basic23,gummybears,pretzels,squirrel,sub
0244-4,12,basic33,mnms,dress,squirrel,sub
0244-4,13,basic22,blackbear,horse,squirrel,basic
0244-4,16,basic22,picnictable,bed,wardrobe,basic
0244-4,19,basic23,suv,bed,train,basic
0244-4,22,basic33,sportscar,bathrobe,rosemary,basic
0244-4,25,basic23,germanshepherd,squirrel,rosemary,basic
0244-4,29,basic22,hummingbird,squirrel,elephant,basic
0244-4,30,basic23,hawaiishirt,bookcase,dress,basic
0244-4,31,basic33,clownfish,ambulance,bed,basic
0244-4,33,basic33,pandabear,bed,pottedplant,sub
0244-4,34,basic23,pug,rosemary,lobster,basic
0244-4,35,basic22,parrot,lobster,lion,basic
0244-4,37,basic23,husky,squirrel,rosemary,basic
0244-4,47,basic12,goldfish,discusfish,rhino,basic
0244-4,49,basic12,grizzlybear,elephant,koalabear,basic
0244-4,50,basic33,convertible,crocodile,gloves,basic
0244-4,51,basic23,diningtable,squirrel,bookcase,basic
0244-4,52,basic33,skittles,dress,motorcycle,basic
0244-4,55,basic33,dalmatian,dress,pretzels,basic
0244-4,60,basic22,pigeon,pig,snake,basic
0244-4,61,basic12,eagle,sparrow,horse,basic
0244-4,65,basic33,minivan,socks,rabbit,sub
0244-4,68,basic33,dressshirt,motorcycle,bookcase,basic
0244-4,69,basic12,poloshirt,dress,campshirt,basic
0244-4,72,basic22,polarbear,hamster,lobster,basic
7569-e,4,basic33,bedsidetable,iguana,dress,super
7569-e,5,basic33,suv,lamp,socks,super
7569-e,8,basic22,rose,ivy,pottedplant,basic
7569-e,16,basic23,jellybeans,chips,hamster,basic
7569-e,17,basic23,coffeetable,bookcase,pottedplant,basic
7569-e,22,basic23,husky,cow,motorcycle,basic
7569-e,23,basic22,germanshepherd,lobster,sheep,basic
7569-e,34,basic33,eagle,bed,pottedplant,basic
7569-e,39,basic22,diningtable,wardrobe,bed,basic
7569-e,48,basic33,grizzlybear,socks,cookies,super
7569-e,56,basic23,picnictable,rhino,wardrobe,super
7569-e,61,basic23,convertible,ambulance,crocodile,basic
7569-e,65,basic33,sportscar,socks,sheep,super
7569-e,71,basic22,minivan,motorcycle,ambulance,sub
7569-e,72,basic12,hummingbird,bison,sparrow,sub
4509-7,3,basic12,pandabear,lobster,koalabear,sub
4509-7,6,basic23,skittles,cookies,rabbit,sub
4509-7,9,basic23,coffeetable,lamp,iguana,basic
4509-7,12,basic33,tshirt,ambulance,rhino,sub
4509-7,14,basic22,parrot,crocodile,bison,sub
4509-7,16,basic22,pigeon,rabbit,crocodile,sub
4509-7,18,basic23,germanshepherd,bison,lamp,basic
4509-7,19,basic33,dressshirt,grasses,snake,basic
4509-7,21,basic12,mnms,cookies,candycorn,sub
4509-7,22,basic23,hummingbird,ivy,snake,sub
4509-7,26,basic22,husky,bison,cow,basic
4509-7,27,basic22,suv,motorcycle,ambulance,basic
4509-7,28,basic23,diningtable,bed,kitten,basic
4509-7,29,basic33,tulip,rabbit,gloves,sub
4509-7,31,basic33,daisy,snake,chips,sub
4509-7,35,basic22,sportscar,ambulance,train,basic
4509-7,36,basic33,minivan,hamster,wardrobe,basic
4509-7,38,basic23,sunflower,snake,pottedplant,sub
4509-7,43,basic12,swordfish,discusfish,hamster,sub
4509-7,44,basic22,catfish,iguana,kitten,sub
4509-7,47,basic33,gummybears,motorcycle,crocodile,sub
4509-7,50,basic33,hawaiishirt,squirrel,grasses,basic
4509-7,51,basic33,bedsidetable,grasses,bathrobe,sub
4509-7,52,basic33,rose,hamster,ambulance,sub
4509-7,53,basic12,pug,greyhound,iguana,sub
4509-7,55,basic12,polarbear,koalabear,horse,sub
4509-7,56,basic12,dalmatian,greyhound,hamster,sub
4509-7,57,basic22,clownfish,cow,iguana,basic
4509-7,58,basic12,jellybeans,cookies,candycorn,sub
4509-7,60,basic12,poloshirt,campshirt,gloves,sub
4509-7,61,basic12,picnictable,wardrobe,sidetable,sub
4509-7,62,basic22,blackbear,lobster,sheep,sub
4509-7,65,basic23,convertible,train,pig,basic
4509-7,68,basic23,eagle,horse,wardrobe,sub
4509-7,69,basic23,goldfish,socks,kitten,sub
5699-7,2,basic23,minivan,ambulance,pig,sub
5699-7,3,basic33,rose,popcorn,lobster,sub
5699-7,5,basic23,diningtable,wardrobe,bison,basic
5699-7,6,basic22,dressshirt,socks,bathrobe,sub
5699-7,10,basic33,suv,rosemary,sheep,sub
5699-7,11,basic12,skittles,cookies,candycorn,sub
5699-7,13,basic22,eagle,cow,rabbit,sub
5699-7,15,basic22,sunflower,rosemary,pottedplant,sub
5699-7,16,basic12,catfish,discusfish,snake,sub
5699-7,17,basic33,daisy,ambulance,squirrel,basic
5699-7,18,basic12,germanshepherd,greyhound,kitten,sub
5699-7,20,basic33,convertible,pretzels,iguana,basic
5699-7,25,basic23,pandabear,motorcycle,lion,sub
5699-7,26,basic33,gummybears,lamp,iguana,sub
5699-7,27,basic23,tshirt,cow,dress,sub
5699-7,31,basic23,clownfish,hamster,gloves,sub
5699-7,33,basic12,hawaiishirt,campshirt,bathrobe,sub
5699-7,35,basic12,polarbear,squirrel,koalabear,sub
5699-7,36,basic23,hummingbird,lobster,pottedplant,sub
5699-7,39,basic22,tulip,rosemary,ivy,basic
5699-7,42,basic12,bedsidetable,sidetable,bed,sub
5699-7,44,basic22,blackbear,lion,snake,sub
5699-7,45,basic23,dalmatian,lamp,snake,sub
5699-7,50,basic22,jellybeans,popcorn,cookies,sub
5699-7,51,basic22,grizzlybear,hamster,cow,basic
5699-7,52,basic12,sportscar,sedan,motorcycle,sub
5699-7,53,basic12,picnictable,sidetable,bookcase,sub
5699-7,57,basic33,mnms,crocodile,train,sub
5699-7,59,basic22,pigeon,cow,horse,sub
5699-7,61,basic33,poloshirt,bookcase,crocodile,basic
5699-7,62,basic23,coffeetable,bookcase,crocodile,basic
5699-7,63,basic33,pug,wardrobe,motorcycle,sub
5699-7,65,basic33,swordfish,wardrobe,ambulance,sub
5699-7,67,basic12,husky,crocodile,greyhound,sub
5699-7,68,basic22,goldfish,iguana,lobster,sub
5699-7,69,basic23,parrot,lamp,elephant,sub
7960-f,2,basic12,gummybears,cookies,candycorn,sub
7960-f,4,basic33,pandabear,bookcase,popcorn,basic
7960-f,5,basic23,sunflower,rabbit,rosemary,basic
7960-f,7,basic22,tshirt,socks,dress,sub
7960-f,8,basic12,polarbear,koalabear,rhino,sub
7960-f,9,basic33,skittles,kitten,grasses,sub
7960-f,10,basic22,diningtable,bookcase,lamp,basic
7960-f,11,basic23,pigeon,lobster,popcorn,basic
7960-f,12,basic23,mnms,rosemary,pretzels,sub
7960-f,13,basic22,eagle,kitten,cow,sub
7960-f,14,basic33,convertible,iguana,bed,basic
7960-f,15,basic22,rose,ivy,rosemary,sub
7960-f,21,basic23,dressshirt,bathrobe,motorcycle,basic
7960-f,24,basic12,pug,sheep,greyhound,sub
7960-f,29,basic12,swordfish,iguana,discusfish,sub
7960-f,30,basic33,goldfish,firetruck,ivy,sub
7960-f,35,basic12,blackbear,koalabear,hamster,sub
7960-f,38,basic12,dalmatian,greyhound,horse,sub
7960-f,39,basic23,hawaiishirt,wardrobe,dress,basic
7960-f,41,basic33,jellybeans,bison,train,sub
7960-f,43,basic33,poloshirt,cookies,sheep,basic
7960-f,48,basic22,daisy,pottedplant,grasses,basic
7960-f,49,basic23,parrot,pottedplant,lobster,basic
7960-f,53,basic23,hummingbird,pig,pretzels,basic
7960-f,54,basic22,grizzlybear,bison,sheep,basic
7960-f,56,basic22,picnictable,bed,bookcase,basic
7960-f,57,basic33,suv,rabbit,popcorn,basic
7960-f,59,basic12,coffeetable,sidetable,bookcase,sub
7960-f,60,basic23,tulip,cookies,grasses,sub
7960-f,64,basic23,husky,lion,gloves,sub
7960-f,65,basic33,clownfish,firetruck,chips,basic
7960-f,67,basic33,minivan,snake,wardrobe,basic
7960-f,69,basic22,germanshepherd,sheep,rhino,basic
6625-1,1,basic33,sunflower,sheep,gloves,sub
6625-1,2,basic12,sportscar,sedan,firetruck,basic
6625-1,4,basic12,germanshepherd,iguana,greyhound,sub
6625-1,5,basic22,jellybeans,popcorn,cookies,sub
6625-1,7,basic23,grizzlybear,pig,cookies,basic
6625-1,8,basic33,daisy,train,pig,sub
6625-1,9,basic33,mnms,gloves,rabbit,basic
6625-1,11,basic22,gummybears,cookies,chips,sub
6625-1,12,basic33,picnictable,cow,ivy,sub
6625-1,13,basic12,catfish,lion,discusfish,sub
6625-1,14,basic22,skittles,chips,cookies,sub
6625-1,16,basic22,swordfish,sheep,rabbit,sub
6625-1,20,basic23,tshirt,dress,elephant,basic
6625-1,22,basic23,tulip,pottedplant,horse,sub
6625-1,23,basic22,pandabear,sheep,cow,sub
6625-1,25,basic22,hummingbird,rhino,squirrel,sub
6625-1,28,basic22,diningtable,wardrobe,bed,basic
6625-1,32,basic12,husky,greyhound,hamster,sub
6625-1,35,basic23,bedsidetable,bookcase,cow,sub
6625-1,38,basic33,coffeetable,popcorn,rosemary,basic
6625-1,41,basic23,rose,grasses,hamster,sub
6625-1,42,basic12,convertible,train,sedan,sub
6625-1,43,basic33,parrot,firetruck,bathrobe,sub
6625-1,45,basic33,eagle,popcorn,motorcycle,sub
6625-1,47,basic23,clownfish,rosemary,crocodile,sub
6625-1,48,basic12,blackbear,lobster,koalabear,sub
6625-1,49,basic22,pigeon,bison,rhino,sub
6625-1,50,basic12,goldfish,discusfish,elephant,sub
6625-1,51,basic23,suv,squirrel,firetruck,sub
6625-1,52,basic33,hawaiishirt,ambulance,bison,basic
6625-1,53,basic23,dalmatian,hamster,cookies,sub
6625-1,55,basic22,dressshirt,socks,gloves,basic
6625-1,60,basic23,minivan,ambulance,bed,sub
6625-1,62,basic33,poloshirt,ambulance,kitten,basic
6625-1,64,basic12,polarbear,koalabear,snake,sub
6625-1,68,basic12,pug,greyhound,elephant,sub
7082-7,1,basic33,diningtable,lobster,dress,basic
7082-7,2,basic12,minivan,sedan,firetruck,sub
7082-7,7,basic22,dressshirt,socks,gloves,basic
7082-7,15,basic12,grizzlybear,koalabear,bison,basic
7082-7,16,basic23,polarbear,ambulance,elephant,basic
7082-7,17,basic23,husky,chips,lion,sub
7082-7,18,basic12,catfish,kitten,discusfish,sub
7082-7,22,basic22,picnictable,bed,lamp,basic
7082-7,24,basic33,coffeetable,horse,cookies,basic
7082-7,26,basic23,sportscar,kitten,ambulance,basic
7082-7,28,basic22,sunflower,grasses,ivy,basic
7082-7,31,basic23,swordfish,cow,dress,basic
7082-7,34,basic22,pug,snake,rabbit,basic
7082-7,36,basic22,tulip,rosemary,grasses,basic
7082-7,38,basic23,gummybears,dress,cookies,basic
7082-7,41,basic33,germanshepherd,gloves,grasses,basic
7082-7,43,basic33,convertible,lamp,popcorn,basic
7082-7,46,basic12,parrot,rhino,sparrow,sub
7082-7,47,basic23,hummingbird,crocodile,ivy,basic
7082-7,48,basic12,blackbear,koalabear,lion,basic
7082-7,50,basic33,clownfish,pottedplant,bookcase,basic
7082-7,53,basic12,suv,sedan,ambulance,sub
7082-7,54,basic12,goldfish,discusfish,rabbit,sub
7082-7,55,basic22,jellybeans,popcorn,pretzels,basic
7082-7,59,basic12,poloshirt,socks,campshirt,sub
7082-7,63,basic22,pandabear,lobster,bison,sub
7082-7,65,basic33,pigeon,gloves,chips,basic
7082-7,66,basic33,skittles,elephant,ivy,basic
7082-7,70,basic22,mnms,popcorn,cookies,basic
7082-7,71,basic33,hawaiishirt,firetruck,grasses,basic
7082-7,72,basic23,eagle,crocodile,pottedplant,basic
4123-8,5,basic33,diningtable,elephant,motorcycle,basic
4123-8,6,basic33,skittles,cow,wardrobe,sub
4123-8,8,basic22,grizzlybear,crocodile,kitten,basic
4123-8,12,basic33,gummybears,kitten,grasses,sub
4123-8,13,basic12,tulip,lily,rosemary,sub
4123-8,16,basic12,daisy,lily,rosemary,sub
4123-8,17,basic12,blackbear,kitten,koalabear,sub
4123-8,21,basic23,sunflower,pig,grasses,basic
4123-8,24,basic22,tshirt,gloves,bathrobe,sub
4123-8,25,basic12,germanshepherd,cow,greyhound,sub
4123-8,27,basic12,jellybeans,candycorn,popcorn,sub
4123-8,28,basic23,swordfish,ambulance,crocodile,sub
4123-8,30,basic23,husky,iguana,bathrobe,sub
4123-8,32,basic22,hawaiishirt,gloves,bathrobe,sub
4123-8,33,basic22,eagle,iguana,lion,sub
4123-8,34,basic22,catfish,cow,pig,basic
4123-8,35,basic23,minivan,firetruck,pottedplant,sub
4123-8,36,basic33,convertible,popcorn,lobster,basic
4123-8,38,basic22,goldfish,rabbit,crocodile,sub
4123-8,39,basic33,sportscar,rabbit,dress,basic
4123-8,40,basic23,coffeetable,lamp,grasses,basic
4123-8,41,basic12,hummingbird,sparrow,crocodile,sub
4123-8,42,basic12,mnms,chips,candycorn,sub
4123-8,46,basic23,pigeon,popcorn,rhino,sub
4123-8,47,basic23,dalmatian,ambulance,bison,sub
6517-b,3,basic22,tulip,pottedplant,rosemary,sub
6517-b,6,basic23,eagle,rabbit,motorcycle,sub
6517-b,7,basic12,polarbear,koalabear,rabbit,sub
6517-b,9,basic33,suv,lobster,wardrobe,sub
6517-b,14,basic23,bedsidetable,lamp,pig,sub
6517-b,16,basic22,goldfish,cow,squirrel,basic
6517-b,17,basic22,husky,rhino,snake,sub
6517-b,18,basic12,skittles,candycorn,pretzels,sub
6517-b,21,basic33,rose,cookies,kitten,sub
6517-b,22,basic22,mnms,cookies,popcorn,sub
6517-b,24,basic22,sunflower,pottedplant,grasses,sub
6517-b,25,basic33,minivan,elephant,grasses,sub
6517-b,28,basic22,pug,iguana,hamster,sub
6517-b,31,basic12,parrot,iguana,sparrow,sub
6517-b,32,basic33,swordfish,grasses,wardrobe,sub
6517-b,36,basic23,daisy,pottedplant,bathrobe,sub
6517-b,37,basic23,gummybears,popcorn,lion,sub
6517-b,41,basic22,clownfish,hamster,lion,basic
6517-b,42,basic33,coffeetable,gloves,motorcycle,basic
6517-b,43,basic33,hawaiishirt,bookcase,rabbit,basic
6517-b,46,basic12,pandabear,koalabear,rabbit,sub
6517-b,51,basic33,catfish,dress,bed,basic
6517-b,53,basic22,diningtable,lamp,bookcase,basic
6517-b,54,basic23,jellybeans,popcorn,socks,sub
6517-b,59,basic23,dressshirt,snake,bathrobe,basic
6517-b,60,basic33,blackbear,bookcase,motorcycle,basic
6517-b,61,basic23,sportscar,lion,ambulance,basic
6517-b,62,basic12,grizzlybear,koalabear,kitten,basic
6517-b,63,basic22,pigeon,snake,bison,basic
6517-b,64,basic23,dalmatian,lamp,bison,basic
6517-b,66,basic12,convertible,ambulance,sedan,basic
6517-b,67,basic12,germanshepherd,greyhound,squirrel,basic
6517-b,68,basic12,picnictable,sidetable,wardrobe,sub
6517-b,70,basic12,hummingbird,bison,sparrow,sub
3188-4,3,basic23,skittles,chips,rabbit,sub
3188-4,4,basic22,gummybears,popcorn,cookies,sub
3188-4,6,basic23,polarbear,ivy,sheep,sub
3188-4,7,basic12,jellybeans,cookies,candycorn,sub
3188-4,8,basic23,hawaiishirt,lion,dress,sub
3188-4,9,basic12,goldfish,discusfish,sheep,sub
3188-4,13,basic22,parrot,bison,squirrel,sub
3188-4,18,basic33,dalmatian,cookies,firetruck,basic
3188-4,19,basic22,clownfish,crocodile,cow,basic
3188-4,22,basic33,swordfish,bed,bathrobe,basic
3188-4,23,basic12,eagle,iguana,sparrow,sub
3188-4,24,basic22,dressshirt,bathrobe,gloves,basic
3188-4,27,basic33,rose,wardrobe,elephant,sub
3188-4,28,basic12,sunflower,ivy,lily,basic
3188-4,29,basic22,picnictable,lamp,wardrobe,sub
3188-4,30,basic23,daisy,pig,rosemary,basic
3188-4,31,basic12,suv,train,sedan,sub
3188-4,32,basic12,pigeon,sparrow,crocodile,basic
3188-4,35,basic22,poloshirt,gloves,socks,basic
3188-4,37,basic23,pug,rosemary,lion,basic
3188-4,39,basic22,pandabear,lobster,bison,sub
3188-4,44,basic23,husky,rhino,lamp,sub
3188-4,47,basic33,minivan,snake,chips,basic
3188-4,48,basic33,germanshepherd,cookies,motorcycle,basic
3188-4,49,basic33,catfish,lamp,firetruck,basic
3188-4,51,basic33,hummingbird,bathrobe,pretzels,basic
3188-4,55,basic33,sportscar,chips,lobster,sub
3188-4,57,basic12,grizzlybear,hamster,koalabear,basic
3188-4,58,basic23,tshirt,rabbit,bathrobe,basic
3188-4,61,basic12,diningtable,wardrobe,sidetable,basic
3188-4,62,basic23,blackbear,sheep,pottedplant,sub
3188-4,63,basic22,tulip,ivy,grasses,basic
3188-4,70,basic12,coffeetable,sidetable,bed,basic
3188-4,71,basic22,convertible,motorcycle,train,sub
3188-4,72,basic23,mnms,chips,train,sub
8883-2,5,basic33,pigeon,gloves,firetruck,basic
8883-2,7,basic23,minivan,firetruck,wardrobe,sub
8883-2,11,basic23,daisy,pretzels,rosemary,basic
8883-2,12,basic23,coffeetable,wardrobe,lion,basic
8883-2,13,basic33,polarbear,socks,lamp,basic
8883-2,18,basic22,sportscar,train,firetruck,basic
8883-2,26,basic22,pug,horse,iguana,sub
8883-2,27,basic22,goldfish,bison,lion,basic
8883-2,28,basic33,grizzlybear,ivy,popcorn,basic
8883-2,31,basic33,skittles,bed,ivy,sub
8883-2,32,basic23,sunflower,sheep,rosemary,basic
8883-2,33,basic22,gummybears,chips,pretzels,sub
8883-2,34,basic22,picnictable,lamp,bookcase,basic
8883-2,36,basic23,jellybeans,chips,snake,sub
8883-2,41,basic22,swordfish,pig,hamster,sub
8883-2,42,basic12,mnms,candycorn,pretzels,sub
8883-2,46,basic12,germanshepherd,greyhound,rabbit,sub
8883-2,47,basic12,eagle,bison,sparrow,sub
8883-2,48,basic33,rose,pig,bookcase,sub
8883-2,49,basic12,poloshirt,campshirt,dress,sub
8883-2,51,basic23,parrot,wardrobe,pig,sub
8883-2,55,basic12,pandabear,koalabear,pig,sub
8883-2,60,basic22,suv,firetruck,motorcycle,basic
8883-2,61,basic33,convertible,kitten,pretzels,basic
8883-2,62,basic33,catfish,train,ivy,basic
8883-2,65,basic23,husky,horse,chips,basic
8883-2,66,basic22,clownfish,bison,rabbit,basic
8883-2,67,basic33,hummingbird,bookcase,firetruck,basic
8883-2,68,basic33,blackbear,train,bathrobe,basic
8883-2,70,basic23,dressshirt,bathrobe,ivy,basic
6344-9,2,basic12,coffeetable,lamp,sidetable,basic
6344-9,6,basic23,sportscar,ambulance,horse,sub
6344-9,8,basic12,swordfish,rhino,discusfish,sub
6344-9,9,basic22,jellybeans,chips,popcorn,basic
6344-9,10,basic23,tshirt,dress,pig,sub
6344-9,11,basic33,daisy,dress,crocodile,sub
6344-9,17,basic33,minivan,sheep,pretzels,sub
6344-9,19,basic23,tulip,rosemary,lobster,basic
6344-9,21,basic33,diningtable,bathrobe,lobster,basic
6344-9,22,basic12,hawaiishirt,campshirt,socks,basic
6344-9,27,basic33,blackbear,grasses,motorcycle,basic
6344-9,28,basic23,clownfish,dress,lion,basic
6344-9,32,basic23,bedsidetable,popcorn,wardrobe,sub
6344-9,34,basic12,goldfish,discusfish,sheep,sub
6344-9,35,basic33,catfish,grasses,cookies,basic
6344-9,36,basic22,picnictable,wardrobe,bookcase,basic
6344-9,39,basic12,gummybears,candycorn,popcorn,sub
6344-9,41,basic23,rose,ambulance,grasses,sub
6344-9,43,basic22,pug,pig,squirrel,basic
6344-9,44,basic12,pigeon,sparrow,sheep,sub
6344-9,47,basic33,sunflower,hamster,socks,sub
6344-9,48,basic12,polarbear,koalabear,snake,sub
6344-9,51,basic22,skittles,cookies,popcorn,sub
6344-9,56,basic23,dalmatian,wardrobe,horse,basic
6344-9,57,basic12,husky,rabbit,greyhound,sub
6344-9,58,basic22,pandabear,kitten,lion,sub
6344-9,59,basic22,germanshepherd,lobster,sheep,sub
6344-9,60,basic22,mnms,popcorn,cookies,basic
6344-9,63,basic12,grizzlybear,koalabear,sheep,basic
6344-9,64,basic33,convertible,rhino,wardrobe,basic
6344-9,65,basic33,dressshirt,bookcase,snake,basic
6344-9,67,basic33,parrot,bathrobe,ivy,basic
6344-9,69,basic22,hummingbird,bison,crocodile,basic
6344-9,70,basic23,poloshirt,popcorn,dress,basic
6344-9,72,basic22,eagle,cow,iguana,sub
0189-3,3,basic22,blackbear,rhino,snake,sub
0189-3,5,basic23,pigeon,lion,bookcase,basic
0189-3,7,basic12,gummybears,chips,candycorn,sub
0189-3,9,basic33,germanshepherd,gloves,pottedplant,basic
0189-3,10,basic22,polarbear,rhino,pig,basic
0189-3,12,basic33,sportscar,socks,pottedplant,basic
0189-3,13,basic12,poloshirt,gloves,campshirt,basic
0189-3,15,basic23,daisy,horse,grasses,basic
0189-3,16,basic22,grizzlybear,sheep,hamster,basic
0189-3,19,basic33,clownfish,bathrobe,rosemary,basic
0189-3,21,basic33,convertible,socks,pottedplant,basic
0189-3,24,basic12,goldfish,discusfish,squirrel,basic
0189-3,27,basic22,pug,kitten,rabbit,basic
0189-3,28,basic23,tshirt,dress,wardrobe,basic
0189-3,29,basic12,skittles,candycorn,chips,sub
0189-3,30,basic23,tulip,pig,pottedplant,sub
0189-3,31,basic22,suv,train,ambulance,sub
0189-3,32,basic23,jellybeans,iguana,cookies,sub
0189-3,33,basic33,mnms,iguana,bathrobe,sub
0189-3,37,basic23,bedsidetable,wardrobe,horse,sub
0189-3,39,basic22,husky,bison,cow,basic
0189-3,40,basic22,rose,grasses,rosemary,sub
0189-3,47,basic23,pandabear,wardrobe,crocodile,basic
0189-3,48,basic12,parrot,sparrow,bison,sub
0189-3,51,basic12,dalmatian,kitten,greyhound,basic
0189-3,53,basic22,picnictable,wardrobe,bookcase,sub
0189-3,54,basic33,diningtable,pig,train,basic
0189-3,55,basic33,coffeetable,motorcycle,rhino,basic
0189-3,57,basic23,sunflower,rosemary,squirrel,basic
0189-3,61,basic22,dressshirt,gloves,dress,basic
0189-3,63,basic12,minivan,train,sedan,basic
0189-3,65,basic12,hawaiishirt,dress,campshirt,basic
0189-3,68,basic12,swordfish,elephant,discusfish,basic
0189-3,69,basic33,catfish,motorcycle,pottedplant,super
0189-3,70,basic23,eagle,rabbit,cookies,sub
0189-3,71,basic33,hummingbird,grasses,ambulance,basic
9173-f,2,basic23,hummingbird,horse,bathrobe,sub
9173-f,3,basic33,germanshepherd,gloves,bookcase,basic
9173-f,4,basic22,pug,horse,snake,basic
9173-f,5,basic22,swordfish,rhino,snake,sub
9173-f,6,basic33,poloshirt,kitten,grasses,basic
9173-f,8,basic12,parrot,sparrow,squirrel,basic
9173-f,9,basic33,hawaiishirt,hamster,chips,basic
9173-f,18,basic12,sportscar,train,sedan,basic
9173-f,22,basic22,pigeon,squirrel,pig,sub
9173-f,23,basic33,bedsidetable,rabbit,popcorn,super
9173-f,25,basic12,coffeetable,sidetable,wardrobe,sub
9173-f,30,basic22,dalmatian,lobster,bison,sub
9173-f,31,basic23,goldfish,socks,lion,sub
9173-f,34,basic22,tulip,grasses,ivy,sub
9173-f,35,basic22,convertible,motorcycle,train,basic
9173-f,37,basic23,minivan,lion,firetruck,sub
9173-f,38,basic22,daisy,pottedplant,grasses,sub
9173-f,39,basic23,suv,socks,ambulance,sub
9173-f,40,basic33,gummybears,gloves,lobster,sub
9173-f,42,basic22,mnms,popcorn,cookies,sub
9173-f,43,basic33,diningtable,ivy,ambulance,basic
9173-f,44,basic23,catfish,cow,firetruck,sub
9173-f,45,basic12,polarbear,iguana,koalabear,sub
9173-f,46,basic33,jellybeans,hamster,motorcycle,basic
9173-f,47,basic33,sunflower,lamp,chips,sub
9173-f,51,basic22,dressshirt,bathrobe,dress,basic
9173-f,55,basic12,blackbear,koalabear,snake,sub
9173-f,57,basic12,husky,greyhound,hamster,sub
9173-f,59,basic23,skittles,bookcase,popcorn,sub
9173-f,62,basic12,picnictable,lamp,sidetable,sub
9173-f,63,basic33,rose,ambulance,hamster,sub
9173-f,64,basic23,eagle,pig,motorcycle,sub
9173-f,69,basic23,tshirt,socks,squirrel,basic
9173-f,70,basic12,pandabear,koalabear,rabbit,sub
