clickedType,condition,DistractorCombo
suv,basic23,ambulance pottedPlant
dressshirt,basic22,dress socks
picnictable,basic12,bed sideTable
grizzlybear,basic12,cow koalaBear
husky,basic12,greyhound hamster
parrot,basic33,bookcase train
goldfish,basic22,lobster rhino
minivan,basic33,grasses lamp
gummybears,basic33,dress grasses
eagle,basic23,lobster rosemary
jellybeans,basic23,chips socks
tulip,basic33,horse socks
convertible,basic22,firetruck motorcycle
diningtable,basic12,sideTable wardrobe
blackbear,basic12,koalaBear lion
poloshirt,basic23,bathrobe rhino
mnms,basic23,gloves popcorn
rose,basic23,elephant pottedPlant
hawaiishirt,basic33,grasses lion
pigeon,basic22,lion rhino
coffeetable,basic23,bookcase grasses
polarbear,basic22,crocodile hamster
pug,basic22,horse iguana
germanshepherd,basic22,iguana squirrel
daisy,basic33,cow gloves
swordfish,basic12,discusFish squirrel
pandabear,basic12,bison koalaBear
dalmatian,basic33,bookcase cookies
catfish,basic22,horse iguana
bedsidetable,basic33,cow motorcycle
sportscar,basic23,ambulance sheep
hummingbird,basic23,gloves rhino
skittles,basic12,candyCorn popcorn
swordfish,basic23,lobster train
sunflower,basic33,rabbit wardrobe
pigeon,basic22,rhino snake
husky,basic22,rabbit sheep
picnictable,basic12,bookcase sideTable
parrot,basic33,ambulance rosemary
bedsidetable,basic33,cookies pig
catfish,basic22,kitten lobster
mnms,basic23,ambulance popcorn
diningtable,basic12,bookcase sideTable
daisy,basic23,crocodile ivy
polarbear,basic12,koalaBear pig
coffeetable,basic33,popcorn sheep
tshirt,basic33,pottedPlant sheep
pandabear,basic33,bathrobe bookcase
minivan,basic33,grasses wardrobe
goldfish,basic22,hamster snake
sportscar,basic22,ambulance firetruck
eagle,basic23,iguana pottedPlant
hawaiishirt,basic23,bookcase gloves
gummybears,basic22,cookies popcorn
blackbear,basic22,iguana rhino
poloshirt,basic33,crocodile wardrobe
dalmatian,basic23,sheep train
grizzlybear,basic23,hamster train
pug,basic22,horse lion
skittles,basic23,chips socks
germanshepherd,basic33,pottedPlant train
jellybeans,basic22,chips pretzels
diningtable,basic22,bookcase lamp
pug,basic22,elephant pig
goldfish,basic22,cow rhino
clownfish,basic33,cookies gloves
jellybeans,basic23,bookcase popcorn
husky,basic12,greyhound rhino
daisy,basic12,lily rosemary
dalmatian,basic22,snake squirrel
polarbear,basic22,cow crocodile
blackbear,basic33,lamp rosemary
germanshepherd,basic12,greyhound pig
poloshirt,basic23,bookcase dress
bedsidetable,basic22,bed bookcase
catfish,basic12,discusFish horse
hummingbird,basic12,crocodile sparrow
pandabear,basic33,gloves train
dressshirt,basic23,chips gloves
convertible,basic33,gloves rabbit
picnictable,basic23,bookcase kitten
minivan,basic23,pig train
pigeon,basic33,bed chips
hawaiishirt,basic12,campShirt gloves
tshirt,basic22,bathrobe gloves
parrot,basic33,dress motorcycle
sportscar,basic23,bathrobe train
hawaiishirt,basic22,dress socks
skittles,basic23,chips lobster
catfish,basic12,discusFish sheep
poloshirt,basic33,grasses motorcycle
tulip,basic23,popcorn pottedPlant
dressshirt,basic12,bathrobe campShirt
dalmatian,basic23,elephant popcorn
sportscar,basic23,pretzels train
coffeetable,basic23,bed popcorn
parrot,basic23,firetruck rhino
gummybears,basic23,chips pig
hummingbird,basic22,crocodile lion
blackbear,basic22,crocodile horse
sunflower,basic33,pretzels snake
goldfish,basic33,chips gloves
grizzlybear,basic12,koalaBear rhino
rose,basic23,ivy snake
pigeon,basic33,firetruck pottedPlant
bedsidetable,basic12,lamp sideTable
minivan,basic33,pretzels snake
polarbear,basic22,lobster snake
pandabear,basic23,firetruck hamster
picnictable,basic33,firetruck horse
pug,basic33,pretzels socks
eagle,basic33,firetruck pottedPlant
mnms,basic12,candyCorn pretzels
daisy,basic22,pottedPlant rosemary
convertible,basic22,ambulance train
tshirt,basic22,dress gloves
clownfish,basic22,hamster rabbit
suv,basic12,motorcycle sedan
husky,basic12,elephant greyhound
swordfish,basic33,popcorn socks
germanshepherd,basic12,elephant greyhound
coffeetable,basic33,cow popcorn
rose,basic23,grasses pretzels
convertible,basic33,bed pig
gummybears,basic22,chips pretzels
sunflower,basic12,grasses lily
jellybeans,basic12,candyCorn popcorn
hawaiishirt,basic12,bathrobe campShirt
mnms,basic33,ambulance hamster
tshirt,basic23,dress wardrobe
dressshirt,basic12,campShirt socks
picnictable,basic23,lamp lobster
grizzlybear,basic22,lion snake
poloshirt,basic33,firetruck pretzels
dalmatian,basic22,bison rabbit
suv,basic33,ivy wardrobe
blackbear,basic23,bed sheep
sportscar,basic12,sedan train
pigeon,basic22,cow crocodile
husky,basic22,crocodile iguana
polarbear,basic22,lion squirrel
eagle,basic22,horse squirrel
daisy,basic12,grasses lily
pandabear,basic12,koalaBear lion
bedsidetable,basic23,elephant lamp
clownfish,basic33,popcorn rosemary
germanshepherd,basic33,dress ivy
swordfish,basic22,lobster snake
hummingbird,basic23,cow pottedPlant
minivan,basic23,ambulance rabbit
tulip,basic23,ivy lamp
goldfish,basic33,chips train
catfish,basic23,bathrobe lobster
pug,basic22,crocodile horse
skittles,basic33,gloves pottedPlant
parrot,basic12,lobster sparrow
parrot,basic33,lamp popcorn
tshirt,basic12,campShirt gloves
swordfish,basic12,discusFish rabbit
eagle,basic12,sparrow squirrel
bedsidetable,basic22,lamp wardrobe
picnictable,basic23,bookcase rosemary
poloshirt,basic23,firetruck socks
rose,basic33,crocodile dress
polarbear,basic12,bison koalaBear
tulip,basic33,bookcase lion
grizzlybear,basic22,iguana squirrel
dalmatian,basic12,greyhound kitten
germanshepherd,basic23,bison chips
diningtable,basic33,lion pottedPlant
hummingbird,basic22,rabbit sheep
husky,basic12,greyhound horse
pug,basic23,ambulance squirrel
goldfish,basic33,gloves grasses
dressshirt,basic33,bookcase crocodile
sunflower,basic23,chips ivy
convertible,basic22,ambulance motorcycle
minivan,basic23,ambulance socks
pigeon,basic23,motorcycle rabbit
pandabear,basic22,iguana lobster
coffeetable,basic23,bookcase rhino
mnms,basic22,cookies popcorn
suv,basic22,ambulance motorcycle
sportscar,basic23,kitten train
catfish,basic22,iguana squirrel
gummybears,basic12,candyCorn pretzels
skittles,basic33,ivy squirrel
blackbear,basic12,koalaBear rabbit
clownfish,basic33,pretzels socks
jellybeans,basic33,bed bison
clownfish,basic23,crocodile gloves
tshirt,basic22,bathrobe socks
blackbear,basic12,koalaBear lobster
suv,basic12,sedan train
hawaiishirt,basic33,bed chips
grizzlybear,basic22,elephant kitten
germanshepherd,basic22,iguana sheep
convertible,basic23,bison train
skittles,basic22,cookies pretzels
rose,basic23,bison rosemary
pug,basic12,greyhound kitten
swordfish,basic12,discusFish pig
gummybears,basic33,motorcycle squirrel
sportscar,basic33,lobster rosemary
sunflower,basic23,iguana pottedPlant
parrot,basic22,horse lion
poloshirt,basic12,campShirt dress
dressshirt,basic33,chips crocodile
coffeetable,basic23,gloves wardrobe
polarbear,basic12,elephant koalaBear
pigeon,basic23,dress horse
minivan,basic33,pretzels squirrel
goldfish,basic33,lamp pretzels
tulip,basic22,grasses pottedPlant
jellybeans,basic33,crocodile wardrobe
hummingbird,basic23,pretzels squirrel
daisy,basic33,firetruck hamster
dalmatian,basic23,ivy lobster
eagle,basic22,horse rhino
pandabear,basic22,sheep squirrel
husky,basic23,cookies lobster
husky,basic12,greyhound sheep
dalmatian,basic33,gloves rosemary
pandabear,basic33,bed popcorn
rose,basic23,popcorn pottedPlant
tulip,basic23,cow rosemary
pigeon,basic23,bathrobe elephant
blackbear,basic22,kitten squirrel
eagle,basic22,horse kitten
sunflower,basic23,ivy pig
polarbear,basic12,koalaBear snake
skittles,basic22,chips cookies
minivan,basic22,ambulance train
sunflower,basic22,ivy pottedPlant
daisy,basic23,iguana rosemary
pigeon,basic33,rosemary train
suv,basic22,ambulance train
pandabear,basic22,crocodile horse
hummingbird,basic12,iguana sparrow
convertible,basic33,lamp pretzels
germanshepherd,basic12,greyhound horse
skittles,basic33,bathrobe motorcycle
goldfish,basic12,discusFish kitten
blackbear,basic12,koalaBear rhino
rose,basic12,ivy lily
dalmatian,basic23,bookcase lobster
eagle,basic22,lobster rabbit
polarbear,basic22,iguana squirrel
minivan,basic23,ambulance wardrobe
picnictable,basic23,crocodile wardrobe
tshirt,basic23,bed socks
hawaiishirt,basic33,ambulance wardrobe
catfish,basic23,lobster pretzels
poloshirt,basic12,campShirt gloves
diningtable,basic33,grasses sheep
coffeetable,basic23,lamp rosemary
husky,basic33,pottedPlant wardrobe
parrot,basic22,hamster lobster
dressshirt,basic23,gloves rosemary
sportscar,basic33,bison dress
mnms,basic23,pretzels rabbit
pug,basic22,snake squirrel
gummybears,basic33,gloves rabbit
clownfish,basic12,bison discusFish
grizzlybear,basic33,popcorn train
goldfish,basic22,cow rabbit
sportscar,basic33,bathrobe popcorn
husky,basic12,crocodile greyhound
convertible,basic12,motorcycle sedan
diningtable,basic22,lamp wardrobe
suv,basic33,chips wardrobe
swordfish,basic23,elephant lamp
tulip,basic12,lily pottedPlant
pug,basic33,ambulance cookies
sunflower,basic33,pig train
blackbear,basic33,bookcase dress
grizzlybear,basic12,iguana koalaBear
dressshirt,basic33,hamster pottedPlant
clownfish,basic22,lobster rabbit
hummingbird,basic33,chips motorcycle
daisy,basic23,firetruck rosemary
mnms,basic23,lion popcorn
tshirt,basic23,horse socks
pandabear,basic22,lobster pig
coffeetable,basic23,bookcase kitten
jellybeans,basic33,lobster wardrobe
pigeon,basic12,sheep sparrow
polarbear,basic22,horse squirrel
catfish,basic12,discusFish elephant
hawaiishirt,basic22,gloves socks
poloshirt,basic22,bathrobe gloves
germanshepherd,basic23,hamster train
picnictable,basic22,bookcase wardrobe
rose,basic23,rosemary socks
bedsidetable,basic12,sideTable wardrobe
eagle,basic22,elephant pig
minivan,basic33,cow grasses
skittles,basic12,candyCorn chips
parrot,basic12,snake sparrow
dalmatian,basic23,bison dress
gummybears,basic23,chips lobster
parrot,basic33,firetruck pottedPlant
convertible,basic22,motorcycle train
skittles,basic23,crocodile popcorn
swordfish,basic33,dress grasses
tshirt,basic23,dress horse
tulip,basic23,rhino rosemary
pandabear,basic23,ambulance squirrel
polarbear,basic23,rabbit socks
sportscar,basic12,firetruck sedan
coffeetable,basic23,sheep wardrobe
germanshepherd,basic22,crocodile pig
hummingbird,basic33,cookies wardrobe
goldfish,basic12,discusFish squirrel
catfish,basic22,crocodile rhino
diningtable,basic22,bed lamp
husky,basic22,cow squirrel
clownfish,basic22,crocodile iguana
minivan,basic33,elephant pretzels
hawaiishirt,basic22,bathrobe socks
grizzlybear,basic12,koalaBear pig
pigeon,basic22,elephant pig
jellybeans,basic33,pottedPlant snake
blackbear,basic33,bookcase train
rose,basic12,lily pottedPlant
bedsidetable,basic33,bison ivy
mnms,basic33,grasses horse
pug,basic23,hamster socks
eagle,basic12,lion sparrow
picnictable,basic33,ivy squirrel
dalmatian,basic22,kitten snake
sunflower,basic12,lily rosemary
gummybears,basic23,cookies grasses
poloshirt,basic23,bathrobe chips
rose,basic23,grasses horse
diningtable,basic22,bed wardrobe
suv,basic23,firetruck gloves
polarbear,basic33,ambulance cookies
grizzlybear,basic23,horse popcorn
blackbear,basic22,hamster pig
swordfish,basic33,bookcase pretzels
tulip,basic33,cow socks
pug,basic22,horse rhino
dalmatian,basic22,bison lion
pigeon,basic12,horse sparrow
jellybeans,basic12,candyCorn pretzels
coffeetable,basic22,bed wardrobe
minivan,basic12,motorcycle sedan
mnms,basic33,grasses pig
goldfish,basic12,discusFish horse
poloshirt,basic23,ambulance bathrobe
dressshirt,basic23,lamp socks
parrot,basic23,dress hamster
hummingbird,basic22,crocodile squirrel
gummybears,basic33,grasses socks
sunflower,basic33,bison cookies
eagle,basic23,kitten lamp
daisy,basic33,ambulance horse
convertible,basic23,firetruck iguana
husky,basic22,lobster squirrel
hawaiishirt,basic33,ivy popcorn
germanshepherd,basic12,greyhound lobster
pigeon,basic23,hamster train
pandabear,basic12,iguana koalaBear
poloshirt,basic12,campShirt socks
eagle,basic12,bison sparrow
sportscar,basic23,bookcase firetruck
germanshepherd,basic22,crocodile hamster
convertible,basic23,ambulance cow
daisy,basic22,ivy rosemary
hummingbird,basic12,elephant sparrow
clownfish,basic23,cow lamp
swordfish,basic22,bison horse
coffeetable,basic23,pretzels wardrobe
jellybeans,basic33,firetruck ivy
goldfish,basic22,hamster kitten
parrot,basic33,bed gloves
polarbear,basic22,elephant lion
picnictable,basic22,bed wardrobe
skittles,basic12,candyCorn pretzels
grizzlybear,basic12,koalaBear lobster
gummybears,basic33,bathrobe sheep
minivan,basic33,dress popcorn
dressshirt,basic22,bathrobe gloves
pug,basic23,rabbit rosemary
husky,basic12,greyhound rabbit
blackbear,basic33,dress lamp
diningtable,basic23,motorcycle wardrobe
dalmatian,basic23,popcorn rhino
suv,basic33,bison popcorn
catfish,basic33,cookies wardrobe
mnms,basic33,bison lamp
sunflower,basic23,ivy kitten
rose,basic33,pretzels socks
gummybears,basic12,candyCorn popcorn
germanshepherd,basic12,greyhound sheep
jellybeans,basic33,bookcase motorcycle
picnictable,basic23,hamster lamp
mnms,basic33,bookcase sheep
skittles,basic33,grasses pig
sunflower,basic23,pottedPlant squirrel
blackbear,basic12,koalaBear sheep
convertible,basic23,ambulance bookcase
minivan,basic23,bed firetruck
clownfish,basic22,horse rhino
husky,basic22,hamster rhino
polarbear,basic23,iguana motorcycle
pug,basic22,crocodile snake
tulip,basic23,kitten pottedPlant
sportscar,basic33,hamster ivy
pandabear,basic23,bookcase rhino
rose,basic22,grasses pottedPlant
hummingbird,basic12,lobster sparrow
goldfish,basic33,bathrobe ivy
eagle,basic22,iguana lion
coffeetable,basic12,sideTable wardrobe
daisy,basic33,pig wardrobe
grizzlybear,basic22,cow crocodile
sunflower,basic12,lily pottedPlant
goldfish,basic22,iguana lobster
eagle,basic12,snake sparrow
convertible,basic33,bathrobe pig
parrot,basic33,gloves train
suv,basic33,popcorn snake
minivan,basic22,firetruck train
pandabear,basic23,hamster wardrobe
catfish,basic33,dress pottedPlant
gummybears,basic22,chips cookies
germanshepherd,basic22,elephant rhino
rose,basic23,lobster pottedPlant
husky,basic22,crocodile rabbit
hawaiishirt,basic23,crocodile socks
coffeetable,basic23,bed dress
picnictable,basic33,bathrobe popcorn
dalmatian,basic33,bookcase pottedPlant
mnms,basic12,candyCorn chips
skittles,basic23,cookies lion
daisy,basic33,chips lamp
jellybeans,basic23,popcorn rabbit
swordfish,basic23,gloves lion
blackbear,basic22,lobster snake
dressshirt,basic23,dress snake
sportscar,basic33,bathrobe grasses
diningtable,basic23,lamp lion
pigeon,basic12,elephant sparrow
bedsidetable,basic22,bed lamp
pug,basic33,bookcase popcorn
hummingbird,basic22,elephant horse
coffeetable,basic23,bookcase socks
goldfish,basic12,discusFish snake
hawaiishirt,basic33,bed bison
pigeon,basic33,bed pretzels
swordfish,basic12,discusFish elephant
grizzlybear,basic12,koalaBear squirrel
minivan,basic33,bathrobe lobster
pug,basic33,bookcase cookies
tshirt,basic22,dress socks
rose,basic33,motorcycle wardrobe
daisy,basic33,socks train
polarbear,basic12,koalaBear sheep
catfish,basic12,discusFish iguana
sportscar,basic22,ambulance train
poloshirt,basic22,dress socks
husky,basic22,kitten rhino
germanshepherd,basic23,bathrobe elephant
eagle,basic33,ambulance chips
tulip,basic23,bathrobe ivy
mnms,basic33,firetruck rhino
dalmatian,basic23,crocodile firetruck
clownfish,basic33,lamp pretzels
diningtable,basic23,bookcase crocodile
picnictable,basic23,bed rhino
hummingbird,basic22,lion sheep
dressshirt,basic23,dress hamster
pandabear,basic22,iguana rabbit
blackbear,basic22,lion snake
parrot,basic12,rabbit sparrow
tshirt,basic12,campShirt dress
mnms,basic22,cookies pretzels
gummybears,basic23,bed popcorn
germanshepherd,basic22,bison rhino
jellybeans,basic12,candyCorn chips
sportscar,basic33,lion socks
husky,basic33,chips pottedPlant
pug,basic12,greyhound pig
dalmatian,basic12,greyhound lion
poloshirt,basic23,snake socks
pandabear,basic23,firetruck squirrel
picnictable,basic22,bed lamp
pigeon,basic23,bed hamster
suv,basic33,pottedPlant rhino
eagle,basic12,rabbit sparrow
convertible,basic22,ambulance firetruck
blackbear,basic22,cow elephant
diningtable,basic12,lamp sideTable
skittles,basic22,chips popcorn
clownfish,basic33,lamp socks
tulip,basic23,lobster pottedPlant
sunflower,basic33,cookies motorcycle
coffeetable,basic33,bathrobe hamster
goldfish,basic12,bison discusFish
hummingbird,basic33,chips dress
polarbear,basic23,lobster socks
grizzlybear,basic33,lamp popcorn
swordfish,basic33,bathrobe bed
daisy,basic22,grasses pottedPlant
parrot,basic23,gloves rhino
husky,basic12,greyhound snake
hawaiishirt,basic12,campShirt dress
catfish,basic12,discusFish kitten
tulip,basic33,pig popcorn
gummybears,basic22,popcorn pretzels
minivan,basic33,bathrobe wardrobe
hummingbird,basic23,gloves pig
eagle,basic23,grasses pig
picnictable,basic22,bookcase lamp
mnms,basic33,grasses lobster
sportscar,basic23,ambulance rosemary
poloshirt,basic33,kitten pretzels
suv,basic33,bookcase rhino
rose,basic12,lily rosemary
jellybeans,basic23,cookies crocodile
convertible,basic23,firetruck kitten
germanshepherd,basic22,iguana lobster
dalmatian,basic23,hamster socks
diningtable,basic23,bed hamster
goldfish,basic12,crocodile discusFish
blackbear,basic22,bison rabbit
pandabear,basic22,iguana kitten
polarbear,basic33,bed dress
parrot,basic23,grasses iguana
pug,basic33,firetruck pretzels
pigeon,basic33,cookies grasses
swordfish,basic12,discusFish hamster
blackbear,basic23,elephant firetruck
suv,basic33,cookies pig
goldfish,basic33,bookcase popcorn
husky,basic23,elephant motorcycle
hummingbird,basic33,bookcase dress
pug,basic12,greyhound squirrel
dalmatian,basic22,cow sheep
polarbear,basic22,lobster pig
poloshirt,basic23,bathrobe lobster
minivan,basic23,bison firetruck
convertible,basic33,bathrobe rosemary
daisy,basic33,pig train
germanshepherd,basic12,cow greyhound
tulip,basic12,grasses lily
catfish,basic22,cow squirrel
convertible,basic33,gloves kitten
mnms,basic23,chips firetruck
diningtable,basic23,bed chips
pandabear,basic12,hamster koalaBear
husky,basic22,horse rhino
goldfish,basic23,sheep socks
hummingbird,basic22,cow iguana
parrot,basic33,bookcase cookies
jellybeans,basic23,chips kitten
swordfish,basic33,ambulance cookies
polarbear,basic33,lamp socks
picnictable,basic22,bed bookcase
eagle,basic23,lion pottedPlant
pigeon,basic33,motorcycle rosemary
clownfish,basic22,crocodile kitten
grizzlybear,basic12,koalaBear lion
sportscar,basic23,firetruck kitten
bedsidetable,basic12,bed sideTable
minivan,basic33,lion rosemary
blackbear,basic22,bison snake
sunflower,basic33,bison chips
gummybears,basic33,lamp rosemary
pug,basic23,crocodile wardrobe
poloshirt,basic22,gloves socks
coffeetable,basic23,bed lion
sunflower,basic23,chips pottedPlant
tulip,basic23,grasses train
coffeetable,basic12,lamp sideTable
parrot,basic33,cookies socks
husky,basic22,crocodile snake
convertible,basic12,sedan train
swordfish,basic33,cookies gloves
sportscar,basic22,ambulance motorcycle
dalmatian,basic22,iguana rabbit
germanshepherd,basic12,greyhound hamster
mnms,basic22,popcorn pretzels
catfish,basic12,discusFish rabbit
goldfish,basic12,discusFish rabbit
tshirt,basic23,bathrobe wardrobe
minivan,basic33,elephant popcorn
jellybeans,basic12,candyCorn cookies
hawaiishirt,basic22,bathrobe dress
dressshirt,basic33,ambulance pretzels
polarbear,basic22,cow elephant
pandabear,basic33,lamp pottedPlant
poloshirt,basic33,pig wardrobe
rose,basic33,chips squirrel
pigeon,basic23,bookcase rabbit
clownfish,basic23,bookcase elephant
grizzlybear,basic23,popcorn snake
suv,basic33,chips lion
pug,basic23,pig wardrobe
eagle,basic33,bed gloves
gummybears,basic23,chips pottedPlant
bedsidetable,basic23,bed chips
blackbear,basic12,kitten koalaBear
diningtable,basic23,dress wardrobe
catfish,basic22,iguana snake
eagle,basic12,horse sparrow
tshirt,basic33,cookies crocodile
rose,basic33,chips dress
dressshirt,basic23,bathrobe bed
suv,basic23,ambulance bison
jellybeans,basic33,ivy rhino
sportscar,basic33,bed bison
picnictable,basic23,rabbit wardrobe
hawaiishirt,basic23,dress ivy
polarbear,basic12,crocodile koalaBear
parrot,basic12,hamster sparrow
daisy,basic23,elephant pottedPlant
blackbear,basic33,ambulance dress
grizzlybear,basic22,bison iguana
hummingbird,basic33,gloves popcorn
poloshirt,basic33,motorcycle pottedPlant
pigeon,basic22,crocodile rhino
husky,basic22,kitten lion
mnms,basic12,candyCorn cookies
convertible,basic23,popcorn train
pug,basic22,crocodile squirrel
sunflower,basic23,lion rosemary
dalmatian,basic12,crocodile greyhound
tulip,basic33,ambulance gloves
clownfish,basic23,bathrobe lobster
pandabear,basic33,ivy train
goldfish,basic12,discusFish lion
germanshepherd,basic23,bed iguana
hummingbird,basic22,crocodile sheep
tshirt,basic33,snake train
convertible,basic33,iguana ivy
gummybears,basic23,bison cookies
rose,basic22,ivy rosemary
daisy,basic33,chips sheep
sportscar,basic23,firetruck iguana
eagle,basic23,lion wardrobe
catfish,basic33,bathrobe train
sunflower,basic33,gloves lamp
mnms,basic22,chips pretzels
grizzlybear,basic12,elephant koalaBear
pug,basic33,lamp pottedPlant
swordfish,basic33,ambulance grasses
goldfish,basic12,discusFish sheep
clownfish,basic33,grasses lamp
suv,basic23,ivy train
bedsidetable,basic23,bookcase iguana
skittles,basic23,popcorn snake
diningtable,basic12,bed sideTable
picnictable,basic33,horse rosemary
pandabear,basic12,koalaBear snake
coffeetable,basic22,bed lamp
polarbear,basic22,cow lobster
husky,basic22,cow lobster
parrot,basic12,kitten sparrow
pigeon,basic22,bison horse
dalmatian,basic23,pottedPlant snake
tulip,basic23,cookies rosemary
mnms,basic22,chips cookies
goldfish,basic33,cookies wardrobe
poloshirt,basic23,bathrobe hamster
tulip,basic23,grasses motorcycle
swordfish,basic33,bookcase train
gummybears,basic33,bed sheep
germanshepherd,basic23,firetruck squirrel
dalmatian,basic33,cookies wardrobe
sunflower,basic33,chips sheep
sportscar,basic23,ambulance grasses
skittles,basic33,squirrel wardrobe
jellybeans,basic33,lion motorcycle
pug,basic22,horse lobster
hummingbird,basic12,rhino sparrow
picnictable,basic23,bed pottedPlant
eagle,basic23,cow dress
daisy,basic22,ivy pottedPlant
minivan,basic12,sedan train
parrot,basic23,dress pig
clownfish,basic22,horse kitten
bedsidetable,basic12,bookcase sideTable
convertible,basic33,crocodile wardrobe
polarbear,basic23,bison rosemary
blackbear,basic12,cow koalaBear
diningtable,basic33,kitten motorcycle
pigeon,basic23,bison motorcycle
dressshirt,basic22,bathrobe socks
daisy,basic23,lobster rosemary
pigeon,basic22,elephant rabbit
eagle,basic23,ambulance bison
husky,basic33,cookies grasses
goldfish,basic22,lobster rabbit
rose,basic22,grasses rosemary
minivan,basic12,ambulance sedan
coffeetable,basic33,ambulance cow
poloshirt,basic23,bathrobe train
sunflower,basic33,bathrobe lobster
jellybeans,basic33,ambulance bathrobe
germanshepherd,basic12,greyhound lion
bedsidetable,basic33,bison dress
convertible,basic23,bathrobe motorcycle
grizzlybear,basic22,bison cow
hawaiishirt,basic23,bathrobe crocodile
pug,basic23,crocodile pretzels
pandabear,basic22,bison elephant
picnictable,basic33,cow dress
clownfish,basic22,lobster rhino
gummybears,basic33,bathrobe rhino
blackbear,basic33,bookcase cookies
dalmatian,basic23,rhino rosemary
swordfish,basic22,pig snake
polarbear,basic23,popcorn squirrel
skittles,basic33,lion wardrobe
rose,basic23,ivy rabbit
parrot,basic22,lion lobster
hawaiishirt,basic22,bathrobe gloves
tulip,basic23,bed grasses
polarbear,basic12,koalaBear rabbit
minivan,basic33,cookies squirrel
daisy,basic33,pig pretzels
pandabear,basic23,dress iguana
sunflower,basic33,lamp snake
germanshepherd,basic12,greyhound rabbit
mnms,basic33,firetruck rosemary
skittles,basic23,popcorn sheep
picnictable,basic23,bookcase popcorn
bedsidetable,basic22,bookcase wardrobe
suv,basic23,motorcycle rabbit
poloshirt,basic12,bathrobe campShirt
dressshirt,basic33,bookcase popcorn
sportscar,basic22,motorcycle train
jellybeans,basic23,pretzels squirrel
gummybears,basic33,ambulance kitten
hummingbird,basic22,bison rhino
pug,basic22,lion squirrel
dalmatian,basic23,kitten popcorn
swordfish,basic33,grasses wardrobe
catfish,basic22,lion rhino
coffeetable,basic23,kitten wardrobe
eagle,basic12,hamster sparrow
grizzlybear,basic12,koalaBear snake
goldfish,basic33,cookies rosemary
blackbear,basic33,cookies firetruck
eagle,basic22,crocodile sheep
jellybeans,basic23,chips ivy
dalmatian,basic23,firetruck rhino
gummybears,basic12,candyCorn chips
suv,basic23,ambulance grasses
poloshirt,basic22,dress gloves
pigeon,basic33,motorcycle popcorn
rose,basic33,bed kitten
convertible,basic33,lamp rhino
mnms,basic23,chips dress
pigeon,basic33,gloves popcorn
clownfish,basic23,cookies lobster
tshirt,basic12,bathrobe campShirt
hawaiishirt,basic33,bookcase lion
skittles,basic22,chips pretzels
pandabear,basic23,bathrobe pig
blackbear,basic12,horse koalaBear
eagle,basic22,bison lobster
gummybears,basic33,horse motorcycle
dressshirt,basic33,lamp popcorn
pug,basic12,crocodile greyhound
parrot,basic23,elephant pottedPlant
daisy,basic23,rosemary wardrobe
poloshirt,basic23,ambulance gloves
minivan,basic33,bathrobe elephant
goldfish,basic22,pig snake
catfish,basic22,bison elephant
polarbear,basic22,bison crocodile
grizzlybear,basic22,cow lobster
swordfish,basic22,elephant lobster
tulip,basic33,bed bison
husky,basic12,greyhound iguana
germanshepherd,basic12,greyhound iguana
diningtable,basic23,hamster wardrobe
dalmatian,basic33,bathrobe bed
suv,basic23,ambulance popcorn
pug,basic22,lobster pig
blackbear,basic23,bathrobe cow
parrot,basic22,hamster rhino
polarbear,basic22,horse snake
husky,basic12,cow greyhound
swordfish,basic22,iguana lion
sportscar,basic33,lamp socks
daisy,basic33,bathrobe lion
pigeon,basic33,bed pottedPlant
germanshepherd,basic23,horse rosemary
picnictable,basic12,lamp sideTable
clownfish,basic23,cow pottedPlant
goldfish,basic22,lobster sheep
bedsidetable,basic23,bookcase rhino
tshirt,basic33,ambulance bison
catfish,basic33,ambulance wardrobe
pandabear,basic22,elephant rhino
eagle,basic23,bookcase lobster
minivan,basic33,bathrobe rosemary
skittles,basic23,cookies pottedPlant
grizzlybear,basic33,lamp pretzels
coffeetable,basic23,crocodile lamp
daisy,basic23,pottedPlant squirrel
convertible,basic33,chips rhino
pigeon,basic12,snake sparrow
tulip,basic33,pig train
eagle,basic33,cookies motorcycle
goldfish,basic22,lobster squirrel
suv,basic12,ambulance sedan
polarbear,basic33,lamp train
rose,basic12,grasses lily
sportscar,basic33,cow grasses
tshirt,basic23,dress pretzels
sunflower,basic33,bathrobe horse
germanshepherd,basic23,bed elephant
grizzlybear,basic22,hamster kitten
goldfish,basic33,cookies dress
catfish,basic22,kitten snake
minivan,basic22,firetruck motorcycle
diningtable,basic22,bookcase wardrobe
hummingbird,basic23,pretzels sheep
clownfish,basic12,discusFish iguana
dalmatian,basic23,firetruck lobster
convertible,basic33,cow rosemary
gummybears,basic23,chips rosemary
skittles,basic33,bookcase hamster
suv,basic33,dress elephant
jellybeans,basic23,cookies iguana
pug,basic22,crocodile pig
parrot,basic23,ivy lobster
pandabear,basic22,bison hamster
tulip,basic33,bed dress
eagle,basic12,sheep sparrow
blackbear,basic22,iguana rabbit
daisy,basic12,ivy lily
poloshirt,basic33,cow ivy
pigeon,basic22,bison sheep
mnms,basic23,motorcycle popcorn
picnictable,basic23,bookcase firetruck
rose,basic23,elephant ivy
eagle,basic22,hamster kitten
hummingbird,basic33,dress grasses
sunflower,basic23,rosemary train
gummybears,basic33,ambulance squirrel
tshirt,basic33,cookies hamster
jellybeans,basic23,pretzels snake
minivan,basic23,hamster motorcycle
coffeetable,basic12,bookcase sideTable
convertible,basic33,gloves wardrobe
pigeon,basic22,horse iguana
blackbear,basic23,crocodile pretzels
dalmatian,basic22,crocodile rabbit
suv,basic23,ambulance snake
grizzlybear,basic22,kitten sheep
sportscar,basic22,firetruck train
catfish,basic23,hamster train
goldfish,basic33,gloves lamp
swordfish,basic22,bison pig
tulip,basic33,popcorn snake
diningtable,basic33,bison dress
husky,basic33,pretzels rosemary
parrot,basic22,cow lion
pandabear,basic12,koalaBear squirrel
poloshirt,basic33,cookies lion
convertible,basic23,motorcycle socks
grizzlybear,basic22,lobster snake
bedsidetable,basic23,bed bison
goldfish,basic23,dress hamster
mnms,basic33,lamp motorcycle
rose,basic23,ivy lobster
dalmatian,basic23,crocodile gloves
coffeetable,basic33,lobster popcorn
jellybeans,basic23,cookies lion
tulip,basic22,ivy rosemary
pandabear,basic33,bookcase grasses
dressshirt,basic33,bison lamp
blackbear,basic33,popcorn rosemary
hummingbird,basic22,bison iguana
pug,basic23,firetruck hamster
pigeon,basic23,pretzels rhino
daisy,basic33,firetruck socks
sunflower,basic22,ivy rosemary
picnictable,basic23,bookcase train
skittles,basic33,bookcase rosemary
clownfish,basic33,bathrobe pottedPlant
eagle,basic22,rhino snake
clownfish,basic12,crocodile discusFish
hawaiishirt,basic23,gloves snake
blackbear,basic23,cow pretzels
dressshirt,basic33,hamster train
gummybears,basic22,cookies pretzels
goldfish,basic23,bison socks
pug,basic12,cow greyhound
dalmatian,basic22,iguana snake
daisy,basic23,gloves rosemary
husky,basic33,bed dress
jellybeans,basic23,lamp pretzels
picnictable,basic23,horse wardrobe
sunflower,basic12,ivy lily
pigeon,basic22,crocodile pig
bedsidetable,basic33,gloves snake
clownfish,basic23,bathrobe crocodile
grizzlybear,basic12,hamster koalaBear
convertible,basic23,ambulance squirrel
germanshepherd,basic22,lion squirrel
blackbear,basic33,gloves popcorn
goldfish,basic23,chips hamster
polarbear,basic33,dress wardrobe
poloshirt,basic33,motorcycle rosemary
suv,basic33,chips crocodile
coffeetable,basic33,pretzels train
catfish,basic12,discusFish lion
eagle,basic12,lobster sparrow
diningtable,basic22,bed bookcase
minivan,basic23,firetruck grasses
parrot,basic12,horse sparrow
dressshirt,basic23,gloves pretzels
tulip,basic33,pretzels squirrel
hummingbird,basic33,chips lamp
swordfish,basic23,bed iguana
poloshirt,basic23,dress pretzels
swordfish,basic33,popcorn pottedPlant
husky,basic22,elephant rabbit
eagle,basic33,dress wardrobe
pandabear,basic22,lion squirrel
pigeon,basic23,ambulance pig
clownfish,basic12,discusFish lobster
bedsidetable,basic23,bed snake
dalmatian,basic22,iguana sheep
suv,basic23,dress train
gummybears,basic23,bathrobe popcorn
pug,basic22,kitten sheep
germanshepherd,basic33,rosemary socks
hummingbird,basic23,bookcase hamster
parrot,basic22,horse iguana
convertible,basic33,horse pretzels
jellybeans,basic33,bed firetruck
tshirt,basic33,ambulance lamp
sunflower,basic22,grasses rosemary
polarbear,basic23,gloves pig
goldfish,basic22,kitten rabbit
grizzlybear,basic22,crocodile sheep
hawaiishirt,basic33,grasses motorcycle
daisy,basic33,gloves train
skittles,basic23,chips pottedPlant
catfish,basic33,popcorn socks
germanshepherd,basic33,bathrobe popcorn
pigeon,basic23,crocodile lamp
polarbear,basic22,cow pig
tshirt,basic23,pretzels socks
sportscar,basic23,iguana train
gummybears,basic12,candyCorn cookies
jellybeans,basic33,bed motorcycle
bedsidetable,basic33,lobster pottedPlant
coffeetable,basic33,elephant ivy
parrot,basic22,bison rhino
grizzlybear,basic33,bookcase popcorn
tulip,basic33,elephant pretzels
swordfish,basic23,bison firetruck
skittles,basic33,gloves kitten
pandabear,basic12,koalaBear rhino
hawaiishirt,basic33,bison bookcase
mnms,basic23,hamster pretzels
pug,basic22,lion rabbit
diningtable,basic23,chips wardrobe
minivan,basic23,firetruck lobster
eagle,basic22,elephant iguana
hummingbird,basic12,pig sparrow
catfish,basic22,cow lobster
sunflower,basic23,pottedPlant train
suv,basic23,motorcycle rosemary
poloshirt,basic22,bathrobe dress
minivan,basic33,crocodile rosemary
tulip,basic33,firetruck gloves
germanshepherd,basic33,bookcase rosemary
coffeetable,basic33,popcorn rhino
dalmatian,basic33,bathrobe wardrobe
tshirt,basic23,bathrobe kitten
picnictable,basic33,bathrobe grasses
polarbear,basic22,kitten pig
goldfish,basic12,discusFish pig
parrot,basic22,hamster snake
pug,basic23,firetruck sheep
jellybeans,basic23,popcorn train
dressshirt,basic33,motorcycle wardrobe
skittles,basic23,bookcase chips
hummingbird,basic22,hamster rhino
swordfish,basic33,pretzels wardrobe
catfish,basic23,bed bison
pigeon,basic12,cow sparrow
grizzlybear,basic22,hamster rabbit
husky,basic23,bookcase elephant
sunflower,basic23,rosemary socks
gummybears,basic23,bison chips
convertible,basic23,dress train
grizzlybear,basic33,chips wardrobe
germanshepherd,basic33,chips dress
tulip,basic22,pottedPlant rosemary
jellybeans,basic33,elephant wardrobe
tshirt,basic33,pottedPlant wardrobe
hawaiishirt,basic22,dress gloves
pigeon,basic23,firetruck iguana
bedsidetable,basic23,bed cow
hummingbird,basic22,elephant kitten
clownfish,basic22,bison elephant
dressshirt,basic23,hamster socks
pandabear,basic33,pretzels train
goldfish,basic22,hamster rhino
coffeetable,basic12,bed sideTable
diningtable,basic23,pottedPlant wardrobe
dalmatian,basic23,motorcycle sheep
swordfish,basic33,ambulance bed
sunflower,basic33,ambulance bison
blackbear,basic33,cookies socks
gummybears,basic33,bed hamster
polarbear,basic22,rabbit squirrel
suv,basic23,ambulance squirrel
husky,basic23,rhino train
sportscar,basic23,firetruck lamp
parrot,basic12,lion sparrow
pug,basic12,greyhound snake
coffeetable,basic23,chips wardrobe
hummingbird,basic33,rosemary wardrobe
skittles,basic33,bookcase train
grizzlybear,basic22,elephant squirrel
clownfish,basic33,bed socks
bedsidetable,basic23,cow lamp
poloshirt,basic22,bathrobe socks
blackbear,basic23,ivy pig
polarbear,basic22,elephant pig
diningtable,basic23,dress lamp
pug,basic33,grasses motorcycle
germanshepherd,basic12,greyhound squirrel
dalmatian,basic22,crocodile snake
daisy,basic33,dress pretzels
hawaiishirt,basic23,firetruck socks
suv,basic33,bathrobe ivy
swordfish,basic23,cookies rabbit
goldfish,basic23,horse wardrobe
sunflower,basic23,grasses wardrobe
tshirt,basic12,campShirt socks
husky,basic33,popcorn train
tulip,basic33,bed lobster
eagle,basic23,elephant pottedPlant
tulip,basic22,grasses ivy
dressshirt,basic33,pottedPlant sheep
tshirt,basic33,bison chips
diningtable,basic33,ambulance ivy
jellybeans,basic33,lamp rabbit
pigeon,basic22,hamster rabbit
hawaiishirt,basic12,campShirt socks
sunflower,basic23,pottedPlant socks
dalmatian,basic22,rabbit snake
blackbear,basic12,iguana koalaBear
pandabear,basic23,ambulance cow
hummingbird,basic12,kitten sparrow
husky,basic23,motorcycle squirrel
coffeetable,basic33,chips train
mnms,basic33,ivy train
suv,basic33,bookcase rabbit
picnictable,basic23,bookcase pig
convertible,basic23,cow train
eagle,basic12,iguana sparrow
germanshepherd,basic23,cookies crocodile
bedsidetable,basic33,chips pig
pug,basic12,greyhound rabbit
catfish,basic23,firetruck hamster
clownfish,basic23,motorcycle sheep
swordfish,basic22,hamster snake
gummybears,basic33,grasses wardrobe
parrot,basic23,dress lobster
tshirt,basic23,bathrobe motorcycle
skittles,basic12,candyCorn cookies
coffeetable,basic33,horse motorcycle
gummybears,basic33,grasses lion
bedsidetable,basic23,horse wardrobe
eagle,basic22,kitten snake
minivan,basic33,gloves pig
dalmatian,basic12,greyhound squirrel
mnms,basic23,cookies squirrel
hummingbird,basic22,hamster rabbit
hawaiishirt,basic33,bison pretzels
polarbear,basic22,crocodile rhino
sportscar,basic33,chips rabbit
tulip,basic23,pottedPlant rhino
swordfish,basic23,dress snake
pug,basic22,iguana lobster
goldfish,basic22,rabbit rhino
pandabear,basic33,bed socks
rose,basic33,squirrel train
catfish,basic12,crocodile discusFish
sunflower,basic33,rhino wardrobe
parrot,basic33,pottedPlant pretzels
germanshepherd,basic23,bookcase lobster
daisy,basic23,ambulance grasses
hummingbird,basic33,motorcycle wardrobe
diningtable,basic23,bed elephant
pug,basic22,cow elephant
eagle,basic33,rosemary socks
pandabear,basic23,bison pretzels
dressshirt,basic23,bathrobe lobster
coffeetable,basic22,bookcase lamp
pigeon,basic12,iguana sparrow
convertible,basic22,firetruck train
suv,basic33,crocodile lamp
tulip,basic23,firetruck ivy
swordfish,basic33,ambulance socks
rose,basic33,ambulance kitten
picnictable,basic33,dress hamster
goldfish,basic12,cow discusFish
jellybeans,basic23,cookies rosemary
sportscar,basic33,ivy pig
sunflower,basic22,pottedPlant rosemary
grizzlybear,basic33,bed cookies
gummybears,basic23,bookcase pretzels
catfish,basic33,bathrobe ivy
husky,basic22,kitten snake
blackbear,basic12,koalaBear pig
tulip,basic33,lion motorcycle
mnms,basic23,cow popcorn
pigeon,basic12,sparrow squirrel
pug,basic22,rabbit sheep
skittles,basic23,cookies train
rose,basic33,motorcycle rabbit
hawaiishirt,basic23,lobster socks
daisy,basic33,motorcycle squirrel
blackbear,basic33,ambulance wardrobe
catfish,basic23,grasses iguana
minivan,basic12,firetruck sedan
bedsidetable,basic23,gloves lamp
daisy,basic23,horse rosemary
dalmatian,basic22,lion sheep
gummybears,basic23,cow popcorn
eagle,basic12,rhino sparrow
picnictable,basic23,bed horse
pigeon,basic23,hamster wardrobe
dressshirt,basic33,bookcase sheep
polarbear,basic22,horse lion
hummingbird,basic33,ambulance chips
sunflower,basic23,grasses squirrel
goldfish,basic22,sheep snake
hawaiishirt,basic33,lamp train
skittles,basic33,bathrobe wardrobe
pandabear,basic33,grasses socks
parrot,basic22,pig snake
tulip,basic22,grasses rosemary
jellybeans,basic33,lobster rosemary
germanshepherd,basic33,firetruck lamp
blackbear,basic12,koalaBear snake
grizzlybear,basic23,bookcase elephant
coffeetable,basic33,horse ivy
clownfish,basic22,lion lobster
swordfish,basic12,bison discusFish
pug,basic33,train wardrobe
polarbear,basic33,popcorn socks
gummybears,basic23,bathrobe pretzels
jellybeans,basic23,cookies rabbit
husky,basic23,pottedPlant squirrel
coffeetable,basic22,bookcase wardrobe
coffeetable,basic33,rosemary socks
sunflower,basic33,horse socks
swordfish,basic22,cow pig
mnms,basic23,pretzels rosemary
hummingbird,basic22,bison kitten
minivan,basic33,lobster wardrobe
pug,basic22,iguana pig
grizzlybear,basic12,kitten koalaBear
pigeon,basic22,hamster squirrel
eagle,basic33,bed ivy
sportscar,basic12,motorcycle sedan
suv,basic22,firetruck train
pandabear,basic22,elephant iguana
bedsidetable,basic33,cookies lion
tshirt,basic33,cookies rabbit
poloshirt,basic33,bookcase cookies
dalmatian,basic23,grasses squirrel
gummybears,basic33,bathrobe lamp
tulip,basic33,cookies pig
husky,basic23,firetruck lobster
parrot,basic12,iguana sparrow
clownfish,basic23,popcorn rabbit
diningtable,basic33,horse pretzels
dressshirt,basic23,dress pretzels
minivan,basic33,lion wardrobe
catfish,basic12,cow discusFish
polarbear,basic23,crocodile lamp
goldfish,basic23,bison lamp
convertible,basic23,bookcase firetruck
pug,basic33,ambulance popcorn
rose,basic33,firetruck rhino
hummingbird,basic12,sparrow squirrel
pigeon,basic22,lion rabbit
daisy,basic22,grasses rosemary
mnms,basic23,chips lobster
jellybeans,basic23,bathrobe chips
gummybears,basic23,pretzels squirrel
mnms,basic33,dress squirrel
blackbear,basic22,horse squirrel
suv,basic23,bed train
sportscar,basic33,bathrobe rosemary
germanshepherd,basic23,rosemary squirrel
hummingbird,basic22,elephant squirrel
hawaiishirt,basic23,bookcase dress
clownfish,basic33,ambulance bed
pandabear,basic33,bed pottedPlant
pug,basic23,lobster rosemary
husky,basic23,rosemary squirrel
goldfish,basic12,discusFish rhino
convertible,basic33,crocodile gloves
diningtable,basic23,bookcase squirrel
skittles,basic33,dress motorcycle
dalmatian,basic33,dress pretzels
pigeon,basic22,pig snake
minivan,basic33,rabbit socks
dressshirt,basic33,bookcase motorcycle
polarbear,basic22,hamster lobster
bedsidetable,basic33,dress iguana
suv,basic33,lamp socks
rose,basic22,ivy pottedPlant
jellybeans,basic23,chips hamster
coffeetable,basic23,bookcase pottedPlant
husky,basic23,cow motorcycle
germanshepherd,basic22,lobster sheep
eagle,basic33,bed pottedPlant
grizzlybear,basic33,cookies socks
picnictable,basic23,rhino wardrobe
convertible,basic23,ambulance crocodile
sportscar,basic33,sheep socks
minivan,basic22,ambulance motorcycle
hummingbird,basic12,bison sparrow
pandabear,basic12,koalaBear lobster
skittles,basic23,cookies rabbit
coffeetable,basic23,iguana lamp
tshirt,basic33,ambulance rhino
parrot,basic22,bison crocodile
pigeon,basic22,crocodile rabbit
germanshepherd,basic23,bison lamp
dressshirt,basic33,grasses snake
hummingbird,basic23,ivy snake
husky,basic22,bison cow
diningtable,basic23,bed kitten
tulip,basic33,gloves rabbit
daisy,basic33,chips snake
minivan,basic33,hamster wardrobe
sunflower,basic23,pottedPlant snake
catfish,basic22,iguana kitten
gummybears,basic33,crocodile motorcycle
hawaiishirt,basic33,grasses squirrel
bedsidetable,basic33,bathrobe grasses
rose,basic33,ambulance hamster
pug,basic12,greyhound iguana
polarbear,basic12,horse koalaBear
dalmatian,basic12,greyhound hamster
clownfish,basic22,cow iguana
picnictable,basic12,sideTable wardrobe
blackbear,basic22,lobster sheep
convertible,basic23,pig train
eagle,basic23,horse wardrobe
goldfish,basic23,kitten socks
minivan,basic23,ambulance pig
rose,basic33,lobster popcorn
diningtable,basic23,bison wardrobe
suv,basic33,rosemary sheep
eagle,basic22,cow rabbit
catfish,basic12,discusFish snake
daisy,basic33,ambulance squirrel
germanshepherd,basic12,greyhound kitten
convertible,basic33,iguana pretzels
pandabear,basic23,lion motorcycle
gummybears,basic33,iguana lamp
tshirt,basic23,cow dress
clownfish,basic23,gloves hamster
polarbear,basic12,koalaBear squirrel
hummingbird,basic23,lobster pottedPlant
dalmatian,basic23,lamp snake
jellybeans,basic22,cookies popcorn
grizzlybear,basic22,cow hamster
mnms,basic33,crocodile train
pigeon,basic22,cow horse
poloshirt,basic33,bookcase crocodile
coffeetable,basic23,bookcase crocodile
pug,basic33,motorcycle wardrobe
swordfish,basic33,ambulance wardrobe
parrot,basic23,elephant lamp
pandabear,basic33,bookcase popcorn
sunflower,basic23,rabbit rosemary
polarbear,basic12,koalaBear rhino
skittles,basic33,grasses kitten
pigeon,basic23,lobster popcorn
eagle,basic22,cow kitten
convertible,basic33,bed iguana
dressshirt,basic23,bathrobe motorcycle
pug,basic12,greyhound sheep
swordfish,basic12,discusFish iguana
goldfish,basic33,firetruck ivy
blackbear,basic12,hamster koalaBear
dalmatian,basic12,greyhound horse
hawaiishirt,basic23,dress wardrobe
jellybeans,basic33,bison train
poloshirt,basic33,cookies sheep
parrot,basic23,lobster pottedPlant
hummingbird,basic23,pig pretzels
grizzlybear,basic22,bison sheep
suv,basic33,popcorn rabbit
tulip,basic23,cookies grasses
husky,basic23,gloves lion
clownfish,basic33,chips firetruck
minivan,basic33,snake wardrobe
germanshepherd,basic22,rhino sheep
sunflower,basic33,gloves sheep
grizzlybear,basic23,cookies pig
mnms,basic33,gloves rabbit
picnictable,basic33,cow ivy
swordfish,basic22,rabbit sheep
tshirt,basic23,dress elephant
tulip,basic23,horse pottedPlant
pandabear,basic22,cow sheep
hummingbird,basic22,rhino squirrel
bedsidetable,basic23,bookcase cow
coffeetable,basic33,popcorn rosemary
rose,basic23,grasses hamster
parrot,basic33,bathrobe firetruck
eagle,basic33,motorcycle popcorn
clownfish,basic23,crocodile rosemary
pigeon,basic22,bison rhino
goldfish,basic12,discusFish elephant
suv,basic23,firetruck squirrel
hawaiishirt,basic33,ambulance bison
dalmatian,basic23,cookies hamster
dressshirt,basic22,gloves socks
minivan,basic23,ambulance bed
poloshirt,basic33,ambulance kitten
pug,basic12,elephant greyhound
diningtable,basic33,dress lobster
grizzlybear,basic12,bison koalaBear
polarbear,basic23,ambulance elephant
husky,basic23,chips lion
coffeetable,basic33,cookies horse
sportscar,basic23,ambulance kitten
sunflower,basic22,grasses ivy
swordfish,basic23,cow dress
pug,basic22,rabbit snake
gummybears,basic23,cookies dress
germanshepherd,basic33,gloves grasses
convertible,basic33,lamp popcorn
parrot,basic12,rhino sparrow
hummingbird,basic23,crocodile ivy
clownfish,basic33,bookcase pottedPlant
jellybeans,basic22,popcorn pretzels
pandabear,basic22,bison lobster
pigeon,basic33,chips gloves
skittles,basic33,elephant ivy
hawaiishirt,basic33,firetruck grasses
eagle,basic23,crocodile pottedPlant
diningtable,basic33,elephant motorcycle
skittles,basic33,cow wardrobe
grizzlybear,basic22,crocodile kitten
gummybears,basic33,grasses kitten
tulip,basic12,lily rosemary
sunflower,basic23,grasses pig
swordfish,basic23,ambulance crocodile
husky,basic23,bathrobe iguana
catfish,basic22,cow pig
minivan,basic23,firetruck pottedPlant
convertible,basic33,lobster popcorn
goldfish,basic22,crocodile rabbit
sportscar,basic33,dress rabbit
coffeetable,basic23,grasses lamp
pigeon,basic23,popcorn rhino
dalmatian,basic23,ambulance bison
eagle,basic23,motorcycle rabbit
suv,basic33,lobster wardrobe
bedsidetable,basic23,lamp pig
goldfish,basic22,cow squirrel
husky,basic22,rhino snake
rose,basic33,cookies kitten
sunflower,basic22,grasses pottedPlant
minivan,basic33,elephant grasses
pug,basic22,hamster iguana
daisy,basic23,bathrobe pottedPlant
gummybears,basic23,lion popcorn
clownfish,basic22,hamster lion
coffeetable,basic33,gloves motorcycle
hawaiishirt,basic33,bookcase rabbit
pandabear,basic12,koalaBear rabbit
catfish,basic33,bed dress
jellybeans,basic23,popcorn socks
dressshirt,basic23,bathrobe snake
blackbear,basic33,bookcase motorcycle
sportscar,basic23,ambulance lion
pigeon,basic22,bison snake
dalmatian,basic23,bison lamp
convertible,basic12,ambulance sedan
skittles,basic23,chips rabbit
polarbear,basic23,ivy sheep
hawaiishirt,basic23,dress lion
parrot,basic22,bison squirrel
dalmatian,basic33,cookies firetruck
clownfish,basic22,cow crocodile
rose,basic33,elephant wardrobe
picnictable,basic22,lamp wardrobe
daisy,basic23,pig rosemary
pigeon,basic12,crocodile sparrow
pug,basic23,lion rosemary
husky,basic23,lamp rhino
minivan,basic33,chips snake
germanshepherd,basic33,cookies motorcycle
catfish,basic33,firetruck lamp
hummingbird,basic33,bathrobe pretzels
sportscar,basic33,chips lobster
tshirt,basic23,bathrobe rabbit
blackbear,basic23,pottedPlant sheep
mnms,basic23,chips train
pigeon,basic33,firetruck gloves
minivan,basic23,firetruck wardrobe
daisy,basic23,pretzels rosemary
coffeetable,basic23,lion wardrobe
goldfish,basic22,bison lion
grizzlybear,basic33,ivy popcorn
skittles,basic33,bed ivy
sunflower,basic23,rosemary sheep
jellybeans,basic23,chips snake
swordfish,basic22,hamster pig
rose,basic33,bookcase pig
parrot,basic23,pig wardrobe
pandabear,basic12,koalaBear pig
suv,basic22,firetruck motorcycle
convertible,basic33,kitten pretzels
catfish,basic33,ivy train
husky,basic23,chips horse
clownfish,basic22,bison rabbit
hummingbird,basic33,bookcase firetruck
blackbear,basic33,bathrobe train
dressshirt,basic23,bathrobe ivy
sportscar,basic23,ambulance horse
swordfish,basic12,discusFish rhino
jellybeans,basic22,chips popcorn
tshirt,basic23,dress pig
daisy,basic33,crocodile dress
minivan,basic33,pretzels sheep
tulip,basic23,lobster rosemary
diningtable,basic33,bathrobe lobster
blackbear,basic33,grasses motorcycle
clownfish,basic23,dress lion
bedsidetable,basic23,popcorn wardrobe
catfish,basic33,cookies grasses
rose,basic23,ambulance grasses
pug,basic22,pig squirrel
sunflower,basic33,hamster socks
skittles,basic22,cookies popcorn
dalmatian,basic23,horse wardrobe
pandabear,basic22,kitten lion
grizzlybear,basic12,koalaBear sheep
convertible,basic33,rhino wardrobe
dressshirt,basic33,bookcase snake
parrot,basic33,bathrobe ivy
hummingbird,basic22,bison crocodile
poloshirt,basic23,dress popcorn
eagle,basic22,cow iguana
blackbear,basic22,rhino snake
pigeon,basic23,bookcase lion
germanshepherd,basic33,gloves pottedPlant
polarbear,basic22,pig rhino
sportscar,basic33,pottedPlant socks
daisy,basic23,grasses horse
grizzlybear,basic22,hamster sheep
clownfish,basic33,bathrobe rosemary
convertible,basic33,pottedPlant socks
pug,basic22,kitten rabbit
tulip,basic23,pig pottedPlant
mnms,basic33,bathrobe iguana
pandabear,basic23,crocodile wardrobe
parrot,basic12,bison sparrow
diningtable,basic33,pig train
coffeetable,basic33,motorcycle rhino
sunflower,basic23,rosemary squirrel
dressshirt,basic22,dress gloves
catfish,basic33,motorcycle pottedPlant
eagle,basic23,cookies rabbit
hummingbird,basic33,ambulance grasses
hummingbird,basic23,bathrobe horse
germanshepherd,basic33,bookcase gloves
pug,basic22,horse snake
swordfish,basic22,rhino snake
poloshirt,basic33,grasses kitten
parrot,basic12,sparrow squirrel
hawaiishirt,basic33,chips hamster
pigeon,basic22,pig squirrel
bedsidetable,basic33,popcorn rabbit
dalmatian,basic22,bison lobster
goldfish,basic23,lion socks
minivan,basic23,firetruck lion
suv,basic23,ambulance socks
gummybears,basic33,gloves lobster
catfish,basic23,cow firetruck
polarbear,basic12,iguana koalaBear
jellybeans,basic33,hamster motorcycle
sunflower,basic33,chips lamp
dressshirt,basic22,bathrobe dress
skittles,basic23,bookcase popcorn
eagle,basic23,motorcycle pig
tshirt,basic23,socks squirrel
